src,wall_time,loop_iter,vision_ts,frame_no,frame_w,frame_h,center_x,center_y,norm_ex,norm_ey,dist,alt,pid_dt,p_roll,i_roll,d_roll,raw_roll,final_roll,rc_roll,p_pitch,i_pitch,d_pitch,raw_pitch,final_pitch,rc_pitch,rc_throttle,stable_dur
VISION_NODET,1782884223.3442,0,1782884223.3265,8316,320,240,,,,,,0.000,,,,,,,,,,,,,
VISION_NODET,1782884223.3496,0,1782884223.3280,8317,320,240,,,,,,0.000,,,,,,,,,,,,,
VISION_NODET,1782884223.3549,0,1782884223.3304,8318,320,240,,,,,,0.000,,,,,,,,,,,,,
VISION_NODET,1782884223.3579,0,1782884223.3357,8319,320,240,,,,,,0.000,,,,,,,,,,,,,
VISION_NODET,1782884223.3599,0,1782884223.3405,8320,320,240,,,,,,0.000,,,,,,,,,,,,,
VISION_NODET,1782884223.3614,0,1782884223.3473,8321,320,240,,,,,,0.000,,,,,,,,,,,,,
VISION_NODET,1782884223.3624,0,1782884223.3529,8322,320,240,,,,,,0.000,,,,,,,,,,,,,
VISION_NODET,1782884223.3631,0,1782884223.3575,8323,320,240,,,,,,0.000,,,,,,,,,,,,,
VISION_NODET,1782884223.3636,0,1782884223.3604,8324,320,240,,,,,,0.000,,,,,,,,,,,,,
VISION_NODET,1782884223.3642,0,1782884223.3624,8325,320,240,,,,,,0.000,,,,,,,,,,,,,
VISION_NODET,1782884223.3648,0,1782884223.3639,8326,320,240,,,,,,0.000,,,,,,,,,,,,,
VISION_NODET,1782884223.3662,0,1782884223.3656,8327,320,240,,,,,,0.000,,,,,,,,,,,,,
VISION_NODET,1782884223.3674,0,1782884223.3670,8328,320,240,,,,,,0.000,,,,,,,,,,,,,
VISION_NODET,1782884223.3685,0,1782884223.3682,8329,320,240,,,,,,0.000,,,,,,,,,,,,,
VISION_NODET,1782884223.3697,0,1782884223.3693,8330,320,240,,,,,,0.000,,,,,,,,,,,,,
VISION_NODET,1782884223.3729,0,1782884223.3716,8331,320,240,,,,,,0.000,,,,,,,,,,,,,
VISION_NODET,1782884223.3806,0,1782884223.3772,8332,320,240,,,,,,0.000,,,,,,,,,,,,,
VISION_NODET,1782884223.3835,0,1782884223.3801,8333,320,240,,,,,,0.000,,,,,,,,,,,,,
VISION_NODET,1782884223.3859,0,1782884223.3826,8334,320,240,,,,,,0.000,,,,,,,,,,,,,
VISION_NODET,1782884223.3966,0,1782884223.3931,8335,320,240,,,,,,0.000,,,,,,,,,,,,,
VISION_NODET,1782884223.4127,0,1782884223.3985,8336,320,240,,,,,,0.000,,,,,,,,,,,,,
VISION_NODET,1782884223.4242,0,1782884223.4069,8337,320,240,,,,,,0.000,,,,,,,,,,,,,
VISION_NODET,1782884223.4263,0,1782884223.4129,8338,320,240,,,,,,0.000,,,,,,,,,,,,,
VISION_NODET,1782884223.4279,0,1782884223.4201,8339,320,240,,,,,,0.000,,,,,,,,,,,,,
VISION_NODET,1782884223.4295,0,1782884223.4232,8340,320,240,,,,,,0.000,,,,,,,,,,,,,
VISION_NODET,1782884223.4305,0,1782884223.4253,8341,320,240,,,,,,0.000,,,,,,,,,,,,,
VISION_NODET,1782884223.4317,0,1782884223.4294,8342,320,240,,,,,,0.000,,,,,,,,,,,,,
VISION_NODET,1782884223.4325,0,1782884223.4316,8343,320,240,,,,,,0.000,,,,,,,,,,,,,
VISION_NODET,1782884223.4391,0,1782884223.4377,8344,320,240,,,,,,0.000,,,,,,,,,,,,,
VISION_NODET,1782884223.4501,0,1782884223.4464,8345,320,240,,,,,,0.000,,,,,,,,,,,,,
VISION_NODET,1782884223.4607,0,1782884223.4508,8346,320,240,,,,,,0.000,,,,,,,,,,,,,
VISION_NODET,1782884223.4681,0,1782884223.4573,8347,320,240,,,,,,0.000,,,,,,,,,,,,,
VISION_NODET,1782884223.4721,0,1782884223.4703,8348,320,240,,,,,,0.000,,,,,,,,,,,,,
VISION_NODET,1782884223.4760,0,1782884223.4729,8349,320,240,,,,,,0.000,,,,,,,,,,,,,
VISION_NODET,1782884223.4780,0,1782884223.4747,8350,320,240,,,,,,0.000,,,,,,,,,,,,,
VISION_NODET,1782884223.4801,0,1782884223.4770,8351,320,240,,,,,,0.000,,,,,,,,,,,,,
VISION_NODET,1782884223.4819,0,1782884223.4789,8352,320,240,,,,,,0.000,,,,,,,,,,,,,
VISION_NODET,1782884223.4836,0,1782884223.4820,8353,320,240,,,,,,0.000,,,,,,,,,,,,,
VISION_NODET,1782884223.4922,0,1782884223.4870,8354,320,240,,,,,,0.000,,,,,,,,,,,,,
VISION_NODET,1782884223.4932,0,1782884223.4913,8355,320,240,,,,,,0.000,,,,,,,,,,,,,
VISION_NODET,1782884223.4942,0,1782884223.4935,8356,320,240,,,,,,0.000,,,,,,,,,,,,,
VISION_NODET,1782884223.5049,0,1782884223.5024,8357,320,240,,,,,,0.000,,,,,,,,,,,,,
VISION_NODET,1782884223.5181,0,1782884223.5140,8358,320,240,,,,,,0.000,,,,,,,,,,,,,
VISION_NODET,1782884223.5254,0,1782884223.5212,8359,320,240,,,,,,0.000,,,,,,,,,,,,,
VISION_NODET,1782884223.5295,0,1782884223.5251,8360,320,240,,,,,,0.000,,,,,,,,,,,,,
VISION_NODET,1782884223.5313,0,1782884223.5273,8361,320,240,,,,,,0.000,,,,,,,,,,,,,
VISION_NODET,1782884223.5331,0,1782884223.5293,8362,320,240,,,,,,0.000,,,,,,,,,,,,,
VISION_NODET,1782884223.5346,0,1782884223.5314,8363,320,240,,,,,,0.000,,,,,,,,,,,,,
VISION_NODET,1782884223.5367,0,1782884223.5334,8364,320,240,,,,,,0.000,,,,,,,,,,,,,
VISION_NODET,1782884223.5383,0,1782884223.5348,8365,320,240,,,,,,0.000,,,,,,,,,,,,,
VISION_NODET,1782884223.5398,0,1782884223.5367,8366,320,240,,,,,,0.000,,,,,,,,,,,,,
VISION_NODET,1782884223.5434,0,1782884223.5384,8367,320,240,,,,,,0.000,,,,,,,,,,,,,
VISION_NODET,1782884223.5452,0,1782884223.5401,8368,320,240,,,,,,0.000,,,,,,,,,,,,,
VISION_NODET,1782884223.5474,0,1782884223.5418,8369,320,240,,,,,,0.000,,,,,,,,,,,,,
VISION_NODET,1782884223.5493,0,1782884223.5436,8370,320,240,,,,,,0.000,,,,,,,,,,,,,
VISION_NODET,1782884223.5554,0,1782884223.5454,8371,320,240,,,,,,0.000,,,,,,,,,,,,,
VISION_NODET,1782884223.5637,0,1782884223.5472,8372,320,240,,,,,,0.000,,,,,,,,,,,,,
VISION_NODET,1782884223.5770,0,1782884223.5495,8373,320,240,,,,,,0.000,,,,,,,,,,,,,
VISION_NODET,1782884223.5780,0,1782884223.5568,8374,320,240,,,,,,0.000,,,,,,,,,,,,,
VISION_NODET,1782884223.5795,0,1782884223.5666,8375,320,240,,,,,,0.000,,,,,,,,,,,,,
VISION_NODET,1782884223.5807,0,1782884223.5786,8376,320,240,,,,,,0.000,,,,,,,,,,,,,
VISION_NODET,1782884223.5826,0,1782884223.5821,8377,320,240,,,,,,0.000,,,,,,,,,,,,,
VISION_NODET,1782884223.5856,0,1782884223.5839,8378,320,240,,,,,,0.000,,,,,,,,,,,,,
VISION_NODET,1782884223.5875,0,1782884223.5868,8379,320,240,,,,,,0.000,,,,,,,,,,,,,
VISION_NODET,1782884223.5918,0,1782884223.5905,8380,320,240,,,,,,0.000,,,,,,,,,,,,,
VISION_NODET,1782884223.5955,0,1782884223.5939,8381,320,240,,,,,,0.000,,,,,,,,,,,,,
VISION_NODET,1782884223.5977,0,1782884223.5956,8382,320,240,,,,,,0.000,,,,,,,,,,,,,
VISION_NODET,1782884223.5991,0,1782884223.5970,8383,320,240,,,,,,0.000,,,,,,,,,,,,,
VISION_NODET,1782884223.6010,0,1782884223.5984,8384,320,240,,,,,,0.000,,,,,,,,,,,,,
VISION_NODET,1782884223.6027,0,1782884223.6005,8385,320,240,,,,,,0.000,,,,,,,,,,,,,
VISION_NODET,1782884223.6069,0,1782884223.6021,8386,320,240,,,,,,0.000,,,,,,,,,,,,,
VISION_NODET,1782884223.6114,0,1782884223.6068,8387,320,240,,,,,,0.000,,,,,,,,,,,,,
VISION_NODET,1782884223.6171,0,1782884223.6116,8388,320,240,,,,,,0.000,,,,,,,,,,,,,
VISION_NODET,1782884223.6264,0,1782884223.6228,8389,320,240,,,,,,0.000,,,,,,,,,,,,,
VISION_NODET,1782884223.6314,0,1782884223.6301,8390,320,240,,,,,,0.000,,,,,,,,,,,,,
VISION_NODET,1782884223.6331,0,1782884223.6325,8391,320,240,,,,,,0.000,,,,,,,,,,,,,
VISION_NODET,1782884223.6344,0,1782884223.6337,8392,320,240,,,,,,0.000,,,,,,,,,,,,,
VISION_NODET,1782884223.6356,0,1782884223.6350,8393,320,240,,,,,,0.000,,,,,,,,,,,,,
VISION_NODET,1782884223.6368,0,1782884223.6362,8394,320,240,,,,,,0.000,,,,,,,,,,,,,
VISION_NODET,1782884223.6385,0,1782884223.6379,8395,320,240,,,,,,0.000,,,,,,,,,,,,,
VISION_NODET,1782884223.6403,0,1782884223.6394,8396,320,240,,,,,,0.000,,,,,,,,,,,,,
VISION_NODET,1782884223.6418,0,1782884223.6411,8397,320,240,,,,,,0.000,,,,,,,,,,,,,
VISION_NODET,1782884223.6437,0,1782884223.6429,8398,320,240,,,,,,0.000,,,,,,,,,,,,,
VISION_NODET,1782884223.6452,0,1782884223.6446,8399,320,240,,,,,,0.000,,,,,,,,,,,,,
VISION_NODET,1782884223.6465,0,1782884223.6460,8400,320,240,,,,,,0.000,,,,,,,,,,,,,
VISION_NODET,1782884223.6506,0,1782884223.6488,8401,320,240,,,,,,0.000,,,,,,,,,,,,,
VISION_NODET,1782884223.6522,0,1782884223.6508,8402,320,240,,,,,,0.000,,,,,,,,,,,,,
VISION_NODET,1782884223.6541,0,1782884223.6528,8403,320,240,,,,,,0.000,,,,,,,,,,,,,
VISION_NODET,1782884223.6557,0,1782884223.6549,8404,320,240,,,,,,0.000,,,,,,,,,,,,,
VISION_NODET,1782884223.6650,0,1782884223.6605,8405,320,240,,,,,,0.000,,,,,,,,,,,,,
VISION_NODET,1782884223.6674,0,1782884223.6640,8406,320,240,,,,,,0.000,,,,,,,,,,,,,
VISION_NODET,1782884223.6731,0,1782884223.6669,8407,320,240,,,,,,0.000,,,,,,,,,,,,,
VISION_NODET,1782884223.6754,0,1782884223.6692,8408,320,240,,,,,,0.000,,,,,,,,,,,,,
VISION_NODET,1782884223.6768,0,1782884223.6743,8409,320,240,,,,,,0.000,,,,,,,,,,,,,
VISION_NODET,1782884223.6788,0,1782884223.6760,8410,320,240,,,,,,0.000,,,,,,,,,,,,,
VISION_NODET,1782884223.6853,0,1782884223.6779,8411,320,240,,,,,,0.000,,,,,,,,,,,,,
VISION_NODET,1782884223.6929,0,1782884223.6877,8412,320,240,,,,,,0.000,,,,,,,,,,,,,
VISION_NODET,1782884223.7029,0,1782884223.7017,8413,320,240,,,,,,0.000,,,,,,,,,,,,,
VISION_NODET,1782884223.7045,0,1782884223.7035,8414,320,240,,,,,,0.000,,,,,,,,,,,,,
VISION_NODET,1782884223.7063,0,1782884223.7051,8415,320,240,,,,,,0.000,,,,,,,,,,,,,
VISION_NODET,1782884223.7077,0,1782884223.7066,8416,320,240,,,,,,0.000,,,,,,,,,,,,,
VISION_NODET,1782884223.7088,0,1782884223.7082,8417,320,240,,,,,,0.000,,,,,,,,,,,,,
VISION_NODET,1782884223.7103,0,1782884223.7095,8418,320,240,,,,,,0.000,,,,,,,,,,,,,
VISION_NODET,1782884223.7114,0,1782884223.7109,8419,320,240,,,,,,0.000,,,,,,,,,,,,,
VISION_NODET,1782884223.7148,0,1782884223.7129,8420,320,240,,,,,,0.000,,,,,,,,,,,,,
VISION_NODET,1782884223.7214,0,1782884223.7172,8421,320,240,,,,,,0.000,,,,,,,,,,,,,
VISION_NODET,1782884223.7274,0,1782884223.7210,8422,320,240,,,,,,0.000,,,,,,,,,,,,,
VISION_NODET,1782884223.7310,0,1782884223.7254,8423,320,240,,,,,,0.000,,,,,,,,,,,,,
VISION_NODET,1782884223.7358,0,1782884223.7311,8424,320,240,,,,,,0.000,,,,,,,,,,,,,
VISION_NODET,1782884223.7417,0,1782884223.7405,8425,320,240,,,,,,0.000,,,,,,,,,,,,,
VISION_NODET,1782884223.7507,0,1782884223.7497,8426,320,240,,,,,,0.000,,,,,,,,,,,,,
VISION_NODET,1782884223.7528,0,1782884223.7516,8427,320,240,,,,,,0.000,,,,,,,,,,,,,
VISION_NODET,1782884223.7543,0,1782884223.7535,8428,320,240,,,,,,0.000,,,,,,,,,,,,,
VISION_NODET,1782884223.7566,0,1782884223.7555,8429,320,240,,,,,,0.000,,,,,,,,,,,,,
VISION_NODET,1782884223.7579,0,1782884223.7573,8430,320,240,,,,,,0.000,,,,,,,,,,,,,
VISION_NODET,1782884223.7596,0,1782884223.7590,8431,320,240,,,,,,0.000,,,,,,,,,,,,,
VISION_NODET,1782884223.7612,0,1782884223.7607,8432,320,240,,,,,,0.000,,,,,,,,,,,,,
VISION_NODET,1782884223.7635,0,1782884223.7628,8433,320,240,,,,,,0.000,,,,,,,,,,,,,
VISION_NODET,1782884223.7654,0,1782884223.7645,8434,320,240,,,,,,0.000,,,,,,,,,,,,,
VISION_NODET,1782884223.7804,0,1782884223.7721,8435,320,240,,,,,,0.000,,,,,,,,,,,,,
VISION_NODET,1782884223.7908,0,1782884223.7757,8436,320,240,,,,,,0.000,,,,,,,,,,,,,
VISION_NODET,1782884223.7939,0,1782884223.7831,8437,320,240,,,,,,0.000,,,,,,,,,,,,,
VISION_NODET,1782884223.7975,0,1782884223.7893,8438,320,240,,,,,,0.000,,,,,,,,,,,,,
VISION_NODET,1782884223.7992,0,1782884223.7940,8439,320,240,,,,,,0.000,,,,,,,,,,,,,
VISION_NODET,1782884223.8007,0,1782884223.7981,8440,320,240,,,,,,0.000,,,,,,,,,,,,,
VISION_NODET,1782884223.8022,0,1782884223.8003,8441,320,240,,,,,,0.000,,,,,,,,,,,,,
VISION_NODET,1782884223.8050,0,1782884223.8030,8442,320,240,,,,,,0.000,,,,,,,,,,,,,
VISION_NODET,1782884223.8135,0,1782884223.8061,8443,320,240,,,,,,0.000,,,,,,,,,,,,,
VISION_NODET,1782884223.8151,0,1782884223.8092,8444,320,240,,,,,,0.000,,,,,,,,,,,,,
VISION_NODET,1782884223.8167,0,1782884223.8141,8445,320,240,,,,,,0.000,,,,,,,,,,,,,
VISION_NODET,1782884223.8184,0,1782884223.8179,8446,320,240,,,,,,0.000,,,,,,,,,,,,,
VISION_NODET,1782884223.8209,0,1782884223.8203,8447,320,240,,,,,,0.000,,,,,,,,,,,,,
VISION_NODET,1782884223.8239,0,1782884223.8231,8448,320,240,,,,,,0.000,,,,,,,,,,,,,
VISION_NODET,1782884223.8285,0,1782884223.8266,8449,320,240,,,,,,0.000,,,,,,,,,,,,,
VISION_NODET,1782884223.8329,0,1782884223.8317,8450,320,240,,,,,,0.000,,,,,,,,,,,,,
VISION_NODET,1782884223.8394,0,1782884223.8351,8451,320,240,,,,,,0.000,,,,,,,,,,,,,
VISION_NODET,1782884223.8448,0,1782884223.8433,8452,320,240,,,,,,0.000,,,,,,,,,,,,,
VISION_NODET,1782884223.8563,0,1782884223.8549,8453,320,240,,,,,,0.000,,,,,,,,,,,,,
VISION_NODET,1782884223.8584,0,1782884223.8575,8454,320,240,,,,,,0.000,,,,,,,,,,,,,
VISION_NODET,1782884223.8599,0,1782884223.8592,8455,320,240,,,,,,0.000,,,,,,,,,,,,,
VISION_NODET,1782884223.8616,0,1782884223.8611,8456,320,240,,,,,,0.000,,,,,,,,,,,,,
VISION_NODET,1782884223.8661,0,1782884223.8652,8457,320,240,,,,,,0.000,,,,,,,,,,,,,
VISION_NODET,1782884223.8677,0,1782884223.8672,8458,320,240,,,,,,0.000,,,,,,,,,,,,,
VISION_NODET,1782884223.8708,0,1782884223.8695,8459,320,240,,,,,,0.000,,,,,,,,,,,,,
VISION_NODET,1782884223.8728,0,1782884223.8718,8460,320,240,,,,,,0.000,,,,,,,,,,,,,
VISION_NODET,1782884223.8785,0,1782884223.8732,8461,320,240,,,,,,0.000,,,,,,,,,,,,,
VISION_NODET,1782884223.8829,0,1782884223.8775,8462,320,240,,,,,,0.000,,,,,,,,,,,,,
VISION_NODET,1782884223.8911,0,1782884223.8820,8463,320,240,,,,,,0.000,,,,,,,,,,,,,
VISION_NODET,1782884223.9011,0,1782884223.8933,8464,320,240,,,,,,0.000,,,,,,,,,,,,,
VISION_NODET,1782884223.9064,0,1782884223.9004,8465,320,240,,,,,,0.000,,,,,,,,,,,,,
VISION_NODET,1782884223.9083,0,1782884223.9035,8466,320,240,,,,,,0.000,,,,,,,,,,,,,
VISION_NODET,1782884223.9125,0,1782884223.9058,8467,320,240,,,,,,0.000,,,,,,,,,,,,,
VISION_NODET,1782884223.9149,0,1782884223.9078,8468,320,240,,,,,,0.000,,,,,,,,,,,,,
VISION_NODET,1782884223.9172,0,1782884223.9093,8469,320,240,,,,,,0.000,,,,,,,,,,,,,
VISION_NODET,1782884223.9206,0,1782884223.9112,8470,320,240,,,,,,0.000,,,,,,,,,,,,,
VISION_NODET,1782884223.9558,0,1782884223.9206,8475,320,240,,,,,,0.000,,,,,,,,,,,,,
VISION_NODET,1782884223.9573,0,1782884223.9222,8476,320,240,,,,,,0.000,,,,,,,,,,,,,
VISION_NODET,1782884223.9656,0,1782884223.9292,8480,320,240,,,,,,0.000,,,,,,,,,,,,,
VISION_NODET,1782884223.9677,0,1782884223.9349,8481,320,240,,,,,,0.000,,,,,,,,,,,,,
VISION_NODET,1782884223.9703,0,1782884223.9394,8482,320,240,,,,,,0.000,,,,,,,,,,,,,
VISION_NODET,1782884223.9723,0,1782884223.9446,8483,320,240,,,,,,0.000,,,,,,,,,,,,,
VISION_NODET,1782884223.9736,0,1782884223.9498,8484,320,240,,,,,,0.000,,,,,,,,,,,,,
VISION_NODET,1782884223.9768,0,1782884223.9553,8485,320,240,,,,,,0.000,,,,,,,,,,,,,
VISION_NODET,1782884223.9782,0,1782884223.9571,8486,320,240,,,,,,0.000,,,,,,,,,,,,,
VISION_NODET,1782884223.9791,0,1782884223.9588,8487,320,240,,,,,,0.000,,,,,,,,,,,,,
VISION_NODET,1782884223.9799,0,1782884223.9615,8488,320,240,,,,,,0.000,,,,,,,,,,,,,
VISION_NODET,1782884223.9805,0,1782884223.9638,8489,320,240,,,,,,0.000,,,,,,,,,,,,,
VISION_NODET,1782884223.9811,0,1782884223.9663,8490,320,240,,,,,,0.000,,,,,,,,,,,,,
VISION_NODET,1782884223.9818,0,1782884223.9684,8491,320,240,,,,,,0.000,,,,,,,,,,,,,
VISION_NODET,1782884223.9833,0,1782884223.9710,8492,320,240,,,,,,0.000,,,,,,,,,,,,,
VISION_NODET,1782884223.9840,0,1782884223.9732,8493,320,240,,,,,,0.000,,,,,,,,,,,,,
VISION_NODET,1782884223.9857,0,1782884223.9761,8494,320,240,,,,,,0.000,,,,,,,,,,,,,
VISION_NODET,1782884223.9883,0,1782884223.9794,8495,320,240,,,,,,0.000,,,,,,,,,,,,,
VISION_NODET,1782884223.9917,0,1782884223.9821,8496,320,240,,,,,,0.000,,,,,,,,,,,,,
VISION_NODET,1782884223.9931,0,1782884223.9921,8497,320,240,,,,,,0.000,,,,,,,,,,,,,
VISION_NODET,1782884224.0017,0,1782884223.9971,8498,320,240,,,,,,0.000,,,,,,,,,,,,,
VISION_NODET,1782884224.0115,0,1782884224.0065,8499,320,240,,,,,,0.000,,,,,,,,,,,,,
VISION_NODET,1782884224.0137,0,1782884224.0127,8500,320,240,,,,,,0.000,,,,,,,,,,,,,
VISION_NODET,1782884224.0156,0,1782884224.0145,8501,320,240,,,,,,0.000,,,,,,,,,,,,,
VISION_NODET,1782884224.0176,0,1782884224.0169,8502,320,240,,,,,,0.000,,,,,,,,,,,,,
VISION_NODET,1782884224.0196,0,1782884224.0184,8503,320,240,,,,,,0.000,,,,,,,,,,,,,
VISION_NODET,1782884224.0211,0,1782884224.0204,8504,320,240,,,,,,0.000,,,,,,,,,,,,,
VISION_NODET,1782884224.0224,0,1782884224.0218,8505,320,240,,,,,,0.000,,,,,,,,,,,,,
VISION_NODET,1782884224.0239,0,1782884224.0234,8506,320,240,,,,,,0.000,,,,,,,,,,,,,
VISION_NODET,1782884224.0277,0,1782884224.0252,8507,320,240,,,,,,0.000,,,,,,,,,,,,,
VISION_NODET,1782884224.0292,0,1782884224.0271,8508,320,240,,,,,,0.000,,,,,,,,,,,,,
VISION_NODET,1782884224.0305,0,1782884224.0285,8509,320,240,,,,,,0.000,,,,,,,,,,,,,
VISION_NODET,1782884224.0349,0,1782884224.0302,8510,320,240,,,,,,0.000,,,,,,,,,,,,,
VISION_NODET,1782884224.0370,0,1782884224.0318,8511,320,240,,,,,,0.000,,,,,,,,,,,,,
VISION_NODET,1782884224.0387,0,1782884224.0333,8512,320,240,,,,,,0.000,,,,,,,,,,,,,
VISION_NODET,1782884224.0400,0,1782884224.0355,8513,320,240,,,,,,0.000,,,,,,,,,,,,,
VISION_NODET,1782884224.0415,0,1782884224.0377,8514,320,240,,,,,,0.000,,,,,,,,,,,,,
VISION_NODET,1782884224.0452,0,1782884224.0444,8515,320,240,,,,,,0.000,,,,,,,,,,,,,
VISION_NODET,1782884224.0531,0,1782884224.0519,8516,320,240,,,,,,0.000,,,,,,,,,,,,,
VISION_NODET,1782884224.0780,0,1782884224.0752,8517,320,240,,,,,,0.000,,,,,,,,,,,,,
VISION_NODET,1782884224.0819,0,1782884224.0812,8518,320,240,,,,,,0.000,,,,,,,,,,,,,
VISION_NODET,1782884224.0839,0,1782884224.0832,8519,320,240,,,,,,0.000,,,,,,,,,,,,,
VISION_NODET,1782884224.0858,0,1782884224.0851,8520,320,240,,,,,,0.000,,,,,,,,,,,,,
VISION_NODET,1782884224.0902,0,1782884224.0895,8521,320,240,,,,,,0.000,,,,,,,,,,,,,
VISION_NODET,1782884224.0923,0,1782884224.0911,8522,320,240,,,,,,0.000,,,,,,,,,,,,,
VISION_NODET,1782884224.0964,0,1782884224.0954,8523,320,240,,,,,,0.000,,,,,,,,,,,,,
VISION_NODET,1782884224.1004,0,1782884224.0975,8524,320,240,,,,,,0.000,,,,,,,,,,,,,
VISION_NODET,1782884224.1112,0,1782884224.1032,8525,320,240,,,,,,0.000,,,,,,,,,,,,,
VISION_NODET,1782884224.1141,0,1782884224.1102,8526,320,240,,,,,,0.000,,,,,,,,,,,,,
VISION_NODET,1782884224.1194,0,1782884224.1169,8527,320,240,,,,,,0.000,,,,,,,,,,,,,
VISION_NODET,1782884224.1236,0,1782884224.1226,8528,320,240,,,,,,0.000,,,,,,,,,,,,,
VISION_NODET,1782884224.1263,0,1782884224.1256,8529,320,240,,,,,,0.000,,,,,,,,,,,,,
VISION_NODET,1782884224.1292,0,1782884224.1276,8530,320,240,,,,,,0.000,,,,,,,,,,,,,
VISION_NODET,1782884224.1303,0,1782884224.1293,8531,320,240,,,,,,0.000,,,,,,,,,,,,,
VISION_NODET,1782884224.1353,0,1782884224.1342,8532,320,240,,,,,,0.000,,,,,,,,,,,,,
VISION_NODET,1782884224.1374,0,1782884224.1363,8533,320,240,,,,,,0.000,,,,,,,,,,,,,
VISION_NODET,1782884224.1389,0,1782884224.1383,8534,320,240,,,,,,0.000,,,,,,,,,,,,,
VISION_NODET,1782884224.1413,0,1782884224.1403,8535,320,240,,,,,,0.000,,,,,,,,,,,,,
VISION_NODET,1782884224.1447,0,1782884224.1441,8536,320,240,,,,,,0.000,,,,,,,,,,,,,
VISION_NODET,1782884224.1462,0,1782884224.1458,8537,320,240,,,,,,0.000,,,,,,,,,,,,,
VISION_NODET,1782884224.1483,0,1782884224.1476,8538,320,240,,,,,,0.000,,,,,,,,,,,,,
VISION_NODET,1782884224.1498,0,1782884224.1491,8539,320,240,,,,,,0.000,,,,,,,,,,,,,
VISION_NODET,1782884224.1514,0,1782884224.1505,8540,320,240,,,,,,0.000,,,,,,,,,,,,,
VISION_NODET,1782884224.1541,0,1782884224.1523,8541,320,240,,,,,,0.000,,,,,,,,,,,,,
VISION_NODET,1782884224.1582,0,1782884224.1567,8542,320,240,,,,,,0.000,,,,,,,,,,,,,
VISION_NODET,1782884224.1618,0,1782884224.1608,8543,320,240,,,,,,0.000,,,,,,,,,,,,,
VISION_NODET,1782884224.1727,0,1782884224.1695,8544,320,240,,,,,,0.000,,,,,,,,,,,,,
VISION_NODET,1782884224.1831,0,1782884224.1762,8545,320,240,,,,,,0.000,,,,,,,,,,,,,
VISION_NODET,1782884224.1843,0,1782884224.1821,8546,320,240,,,,,,0.000,,,,,,,,,,,,,
VISION_NODET,1782884224.1851,0,1782884224.1841,8547,320,240,,,,,,0.000,,,,,,,,,,,,,
VISION_NODET,1782884224.1860,0,1782884224.1855,8548,320,240,,,,,,0.000,,,,,,,,,,,,,
VISION_NODET,1782884224.1875,0,1782884224.1871,8549,320,240,,,,,,0.000,,,,,,,,,,,,,
VISION_NODET,1782884224.1911,0,1782884224.1898,8550,320,240,,,,,,0.000,,,,,,,,,,,,,
VISION_NODET,1782884224.1948,0,1782884224.1921,8551,320,240,,,,,,0.000,,,,,,,,,,,,,
VISION_NODET,1782884224.1963,0,1782884224.1941,8552,320,240,,,,,,0.000,,,,,,,,,,,,,
VISION_NODET,1782884224.1975,0,1782884224.1958,8553,320,240,,,,,,0.000,,,,,,,,,,,,,
VISION_NODET,1782884224.1988,0,1782884224.1975,8554,320,240,,,,,,0.000,,,,,,,,,,,,,
VISION_NODET,1782884224.2000,0,1782884224.1994,8555,320,240,,,,,,0.000,,,,,,,,,,,,,
VISION_NODET,1782884224.2021,0,1782884224.2015,8556,320,240,,,,,,0.000,,,,,,,,,,,,,
VISION_NODET,1782884224.2040,0,1782884224.2034,8557,320,240,,,,,,0.000,,,,,,,,,,,,,
VISION_NODET,1782884224.2109,0,1782884224.2052,8558,320,240,,,,,,0.000,,,,,,,,,,,,,
VISION_NODET,1782884224.2168,0,1782884224.2086,8559,320,240,,,,,,0.000,,,,,,,,,,,,,
VISION_NODET,1782884224.2295,0,1782884224.2173,8560,320,240,,,,,,0.000,,,,,,,,,,,,,
VISION_NODET,1782884224.2376,0,1782884224.2275,8561,320,240,,,,,,0.000,,,,,,,,,,,,,
VISION_NODET,1782884224.2396,0,1782884224.2345,8562,320,240,,,,,,0.000,,,,,,,,,,,,,
VISION_NODET,1782884224.2412,0,1782884224.2375,8563,320,240,,,,,,0.000,,,,,,,,,,,,,
VISION_NODET,1782884224.2423,0,1782884224.2398,8564,320,240,,,,,,0.000,,,,,,,,,,,,,
VISION_NODET,1782884224.2435,0,1782884224.2414,8565,320,240,,,,,,0.000,,,,,,,,,,,,,
VISION_NODET,1782884224.2466,0,1782884224.2456,8566,320,240,,,,,,0.000,,,,,,,,,,,,,
VISION_NODET,1782884224.2486,0,1782884224.2477,8567,320,240,,,,,,0.000,,,,,,,,,,,,,
VISION_NODET,1782884224.2504,0,1782884224.2496,8568,320,240,,,,,,0.000,,,,,,,,,,,,,
VISION_NODET,1782884224.2517,0,1782884224.2511,8569,320,240,,,,,,0.000,,,,,,,,,,,,,
VISION_NODET,1782884224.2540,0,1782884224.2530,8570,320,240,,,,,,0.000,,,,,,,,,,,,,
VISION_NODET,1782884224.2567,0,1782884224.2549,8571,320,240,,,,,,0.000,,,,,,,,,,,,,
VISION_NODET,1782884224.2614,0,1782884224.2568,8572,320,240,,,,,,0.000,,,,,,,,,,,,,
VISION_NODET,1782884224.2644,0,1782884224.2588,8573,320,240,,,,,,0.000,,,,,,,,,,,,,
VISION_NODET,1782884224.2683,0,1782884224.2659,8574,320,240,,,,,,0.000,,,,,,,,,,,,,
VISION_NODET,1782884224.2799,0,1782884224.2749,8575,320,240,,,,,,0.000,,,,,,,,,,,,,
VISION_NODET,1782884224.2925,0,1782884224.2916,8576,320,240,,,,,,0.000,,,,,,,,,,,,,
VISION_NODET,1782884224.2941,0,1782884224.2933,8577,320,240,,,,,,0.000,,,,,,,,,,,,,
VISION_NODET,1782884224.2992,0,1782884224.2950,8578,320,240,,,,,,0.000,,,,,,,,,,,,,
VISION_NODET,1782884224.3007,0,1782884224.2971,8579,320,240,,,,,,0.000,,,,,,,,,,,,,
VISION_NODET,1782884224.3024,0,1782884224.2990,8580,320,240,,,,,,0.000,,,,,,,,,,,,,
VISION_NODET,1782884224.3054,0,1782884224.3006,8581,320,240,,,,,,0.000,,,,,,,,,,,,,
VISION_NODET,1782884224.3070,0,1782884224.3022,8582,320,240,,,,,,0.000,,,,,,,,,,,,,
VISION_NODET,1782884224.3078,0,1782884224.3042,8583,320,240,,,,,,0.000,,,,,,,,,,,,,
VISION_NODET,1782884224.3085,0,1782884224.3060,8584,320,240,,,,,,0.000,,,,,,,,,,,,,
VISION_NODET,1782884224.3104,0,1782884224.3098,8585,320,240,,,,,,0.000,,,,,,,,,,,,,
VISION_NODET,1782884224.3124,0,1782884224.3118,8586,320,240,,,,,,0.000,,,,,,,,,,,,,
VISION_NODET,1782884224.3143,0,1782884224.3138,8587,320,240,,,,,,0.000,,,,,,,,,,,,,
VISION_NODET,1782884224.3236,0,1782884224.3224,8588,320,240,,,,,,0.000,,,,,,,,,,,,,
VISION_NODET,1782884224.3287,0,1782884224.3250,8589,320,240,,,,,,0.000,,,,,,,,,,,,,
VISION_NODET,1782884224.3389,0,1782884224.3339,8590,320,240,,,,,,0.000,,,,,,,,,,,,,
VISION_NODET,1782884224.3515,0,1782884224.3406,8591,320,240,,,,,,0.000,,,,,,,,,,,,,
VISION_NODET,1782884224.3531,0,1782884224.3448,8592,320,240,,,,,,0.000,,,,,,,,,,,,,
VISION_NODET,1782884224.3546,0,1782884224.3467,8593,320,240,,,,,,0.000,,,,,,,,,,,,,
VISION_NODET,1782884224.3558,0,1782884224.3487,8594,320,240,,,,,,0.000,,,,,,,,,,,,,
VISION_NODET,1782884224.3572,0,1782884224.3506,8595,320,240,,,,,,0.000,,,,,,,,,,,,,
VISION_NODET,1782884224.3583,0,1782884224.3556,8596,320,240,,,,,,0.000,,,,,,,,,,,,,
VISION_NODET,1782884224.3636,0,1782884224.3623,8597,320,240,,,,,,0.000,,,,,,,,,,,,,
VISION_NODET,1782884224.3664,0,1782884224.3647,8598,320,240,,,,,,0.000,,,,,,,,,,,,,
VISION_NODET,1782884224.3732,0,1782884224.3701,8599,320,240,,,,,,0.000,,,,,,,,,,,,,
VISION_NODET,1782884224.3836,0,1782884224.3785,8600,320,240,,,,,,0.000,,,,,,,,,,,,,
VISION_NODET,1782884224.3913,0,1782884224.3854,8601,320,240,,,,,,0.000,,,,,,,,,,,,,
VISION_NODET,1782884224.3989,0,1782884224.3939,8602,320,240,,,,,,0.000,,,,,,,,,,,,,
VISION_NODET,1782884224.4046,0,1782884224.4028,8603,320,240,,,,,,0.000,,,,,,,,,,,,,
VISION_NODET,1782884224.4139,0,1782884224.4131,8604,320,240,,,,,,0.000,,,,,,,,,,,,,
VISION_NODET,1782884224.4196,0,1782884224.4187,8605,320,240,,,,,,0.000,,,,,,,,,,,,,
VISION_NODET,1782884224.4226,0,1782884224.4217,8606,320,240,,,,,,0.000,,,,,,,,,,,,,
VISION_NODET,1782884224.4277,0,1782884224.4261,8607,320,240,,,,,,0.000,,,,,,,,,,,,,
VISION_NODET,1782884224.4333,0,1782884224.4303,8608,320,240,,,,,,0.000,,,,,,,,,,,,,
VISION_NODET,1782884224.4355,0,1782884224.4341,8609,320,240,,,,,,0.000,,,,,,,,,,,,,
VISION_NODET,1782884224.4435,0,1782884224.4367,8610,320,240,,,,,,0.000,,,,,,,,,,,,,
VISION_NODET,1782884224.4525,0,1782884224.4433,8611,320,240,,,,,,0.000,,,,,,,,,,,,,
VISION_NODET,1782884224.4575,0,1782884224.4485,8612,320,240,,,,,,0.000,,,,,,,,,,,,,
VISION_NODET,1782884224.4621,0,1782884224.4536,8613,320,240,,,,,,0.000,,,,,,,,,,,,,
VISION_NODET,1782884224.4662,0,1782884224.4558,8614,320,240,,,,,,0.000,,,,,,,,,,,,,
VISION_NODET,1782884224.4677,0,1782884224.4575,8615,320,240,,,,,,0.000,,,,,,,,,,,,,
VISION_NODET,1782884224.4687,0,1782884224.4594,8616,320,240,,,,,,0.000,,,,,,,,,,,,,
VISION_NODET,1782884224.4709,0,1782884224.4616,8617,320,240,,,,,,0.000,,,,,,,,,,,,,
VISION_NODET,1782884224.4726,0,1782884224.4631,8618,320,240,,,,,,0.000,,,,,,,,,,,,,
VISION_NODET,1782884224.4735,0,1782884224.4648,8619,320,240,,,,,,0.000,,,,,,,,,,,,,
VISION_NODET,1782884224.4754,0,1782884224.4665,8620,320,240,,,,,,0.000,,,,,,,,,,,,,
VISION_NODET,1782884224.4766,0,1782884224.4682,8621,320,240,,,,,,0.000,,,,,,,,,,,,,
VISION_NODET,1782884224.4779,0,1782884224.4700,8622,320,240,,,,,,0.000,,,,,,,,,,,,,
VISION_NODET,1782884224.4788,0,1782884224.4713,8623,320,240,,,,,,0.000,,,,,,,,,,,,,
VISION_NODET,1782884224.4798,0,1782884224.4730,8624,320,240,,,,,,0.000,,,,,,,,,,,,,
VISION_NODET,1782884224.4812,0,1782884224.4753,8625,320,240,,,,,,0.000,,,,,,,,,,,,,
VISION_NODET,1782884224.4843,0,1782884224.4796,8626,320,240,,,,,,0.000,,,,,,,,,,,,,
VISION_NODET,1782884224.4905,0,1782884224.4893,8627,320,240,,,,,,0.000,,,,,,,,,,,,,
VISION_NODET,1782884224.4989,0,1782884224.4960,8628,320,240,,,,,,0.000,,,,,,,,,,,,,
VISION_NODET,1782884224.5072,0,1782884224.5026,8629,320,240,,,,,,0.000,,,,,,,,,,,,,
VISION_NODET,1782884224.5106,0,1782884224.5096,8630,320,240,,,,,,0.000,,,,,,,,,,,,,
VISION_NODET,1782884224.5137,0,1782884224.5126,8631,320,240,,,,,,0.000,,,,,,,,,,,,,
VISION_NODET,1782884224.5155,0,1782884224.5146,8632,320,240,,,,,,0.000,,,,,,,,,,,,,
VISION_NODET,1782884224.5175,0,1782884224.5168,8633,320,240,,,,,,0.000,,,,,,,,,,,,,
VISION_NODET,1782884224.5198,0,1782884224.5187,8634,320,240,,,,,,0.000,,,,,,,,,,,,,
VISION_NODET,1782884224.5223,0,1782884224.5204,8635,320,240,,,,,,0.000,,,,,,,,,,,,,
VISION_NODET,1782884224.5242,0,1782884224.5220,8636,320,240,,,,,,0.000,,,,,,,,,,,,,
VISION_NODET,1782884224.5258,0,1782884224.5233,8637,320,240,,,,,,0.000,,,,,,,,,,,,,
VISION_NODET,1782884224.5275,0,1782884224.5247,8638,320,240,,,,,,0.000,,,,,,,,,,,,,
VISION_NODET,1782884224.5294,0,1782884224.5260,8639,320,240,,,,,,0.000,,,,,,,,,,,,,
VISION_NODET,1782884224.5308,0,1782884224.5273,8640,320,240,,,,,,0.000,,,,,,,,,,,,,
VISION_NODET,1782884224.5325,0,1782884224.5290,8641,320,240,,,,,,0.000,,,,,,,,,,,,,
VISION_NODET,1782884224.5342,0,1782884224.5302,8642,320,240,,,,,,0.000,,,,,,,,,,,,,
VISION_NODET,1782884224.5357,0,1782884224.5329,8643,320,240,,,,,,0.000,,,,,,,,,,,,,
VISION_NODET,1782884224.5387,0,1782884224.5375,8644,320,240,,,,,,0.000,,,,,,,,,,,,,
VISION_NODET,1782884224.5451,0,1782884224.5425,8645,320,240,,,,,,0.000,,,,,,,,,,,,,
VISION_NODET,1782884224.5534,0,1782884224.5468,8646,320,240,,,,,,0.000,,,,,,,,,,,,,
VISION_NODET,1782884224.5660,0,1782884224.5537,8647,320,240,,,,,,0.000,,,,,,,,,,,,,
VISION_NODET,1782884224.5683,0,1782884224.5603,8648,320,240,,,,,,0.000,,,,,,,,,,,,,
VISION_NODET,1782884224.5699,0,1782884224.5649,8649,320,240,,,,,,0.000,,,,,,,,,,,,,
VISION_NODET,1782884224.5713,0,1782884224.5666,8650,320,240,,,,,,0.000,,,,,,,,,,,,,
VISION_NODET,1782884224.5726,0,1782884224.5683,8651,320,240,,,,,,0.000,,,,,,,,,,,,,
VISION_NODET,1782884224.5745,0,1782884224.5704,8652,320,240,,,,,,0.000,,,,,,,,,,,,,
VISION_NODET,1782884224.5759,0,1782884224.5738,8653,320,240,,,,,,0.000,,,,,,,,,,,,,
VISION_NODET,1782884224.5773,0,1782884224.5753,8654,320,240,,,,,,0.000,,,,,,,,,,,,,
VISION_NODET,1782884224.5781,0,1782884224.5770,8655,320,240,,,,,,0.000,,,,,,,,,,,,,
VISION_NODET,1782884224.5805,0,1782884224.5795,8656,320,240,,,,,,0.000,,,,,,,,,,,,,
VISION_NODET,1782884224.5820,0,1782884224.5815,8657,320,240,,,,,,0.000,,,,,,,,,,,,,
VISION_NODET,1782884224.5841,0,1782884224.5835,8658,320,240,,,,,,0.000,,,,,,,,,,,,,
VISION_NODET,1782884224.5858,0,1782884224.5851,8659,320,240,,,,,,0.000,,,,,,,,,,,,,
VISION_NODET,1782884224.5878,0,1782884224.5872,8660,320,240,,,,,,0.000,,,,,,,,,,,,,
VISION_NODET,1782884224.6041,0,1782884224.5972,8661,320,240,,,,,,0.000,,,,,,,,,,,,,
VISION_NODET,1782884224.6106,0,1782884224.6021,8662,320,240,,,,,,0.000,,,,,,,,,,,,,
VISION_NODET,1782884224.6170,0,1782884224.6080,8663,320,240,,,,,,0.000,,,,,,,,,,,,,
VISION_NODET,1782884224.6192,0,1782884224.6159,8664,320,240,,,,,,0.000,,,,,,,,,,,,,
VISION_NODET,1782884224.6209,0,1782884224.6190,8665,320,240,,,,,,0.000,,,,,,,,,,,,,
VISION_NODET,1782884224.6226,0,1782884224.6211,8666,320,240,,,,,,0.000,,,,,,,,,,,,,
VISION_NODET,1782884224.6252,0,1782884224.6233,8667,320,240,,,,,,0.000,,,,,,,,,,,,,
VISION_NODET,1782884224.6264,0,1782884224.6255,8668,320,240,,,,,,0.000,,,,,,,,,,,,,
VISION_NODET,1782884224.6291,0,1782884224.6285,8669,320,240,,,,,,0.000,,,,,,,,,,,,,
VISION_NODET,1782884224.6315,0,1782884224.6308,8670,320,240,,,,,,0.000,,,,,,,,,,,,,
VISION_NODET,1782884224.6334,0,1782884224.6328,8671,320,240,,,,,,0.000,,,,,,,,,,,,,
VISION_NODET,1782884224.6395,0,1782884224.6347,8672,320,240,,,,,,0.000,,,,,,,,,,,,,
VISION_NODET,1782884224.6418,0,1782884224.6369,8673,320,240,,,,,,0.000,,,,,,,,,,,,,
VISION_NODET,1782884224.6431,0,1782884224.6390,8674,320,240,,,,,,0.000,,,,,,,,,,,,,
VISION_NODET,1782884224.6438,0,1782884224.6407,8675,320,240,,,,,,0.000,,,,,,,,,,,,,
VISION_NODET,1782884224.6506,0,1782884224.6495,8676,320,240,,,,,,0.000,,,,,,,,,,,,,
VISION_NODET,1782884224.6576,0,1782884224.6561,8677,320,240,,,,,,0.000,,,,,,,,,,,,,
VISION_NODET,1782884224.6624,0,1782884224.6602,8678,320,240,,,,,,0.000,,,,,,,,,,,,,
VISION_NODET,1782884224.6705,0,1782884224.6679,8679,320,240,,,,,,0.000,,,,,,,,,,,,,
VISION_NODET,1782884224.6873,0,1782884224.6744,8680,320,240,,,,,,0.000,,,,,,,,,,,,,
VISION_NODET,1782884224.6916,0,1782884224.6798,8681,320,240,,,,,,0.000,,,,,,,,,,,,,
VISION_NODET,1782884224.6994,0,1782884224.6865,8682,320,240,,,,,,0.000,,,,,,,,,,,,,
VISION_NODET,1782884224.7004,0,1782884224.6889,8683,320,240,,,,,,0.000,,,,,,,,,,,,,
VISION_NODET,1782884224.7040,0,1782884224.6905,8684,320,240,,,,,,0.000,,,,,,,,,,,,,
VISION_NODET,1782884224.7088,0,1782884224.6919,8685,320,240,,,,,,0.000,,,,,,,,,,,,,
VISION_NODET,1782884224.7130,0,1782884224.6932,8686,320,240,,,,,,0.000,,,,,,,,,,,,,
VISION_NODET,1782884224.7244,0,1782884224.6946,8687,320,240,,,,,,0.000,,,,,,,,,,,,,
VISION_NODET,1782884224.7314,0,1782884224.6962,8688,320,240,,,,,,0.000,,,,,,,,,,,,,
VISION_NODET,1782884224.7329,0,1782884224.6999,8689,320,240,,,,,,0.000,,,,,,,,,,,,,
VISION_NODET,1782884224.7341,0,1782884224.7020,8690,320,240,,,,,,0.000,,,,,,,,,,,,,
VISION_NODET,1782884224.7351,0,1782884224.7039,8691,320,240,,,,,,0.000,,,,,,,,,,,,,
VISION_NODET,1782884224.7357,0,1782884224.7167,8692,320,240,,,,,,0.000,,,,,,,,,,,,,
VISION_NODET,1782884224.7366,0,1782884224.7272,8693,320,240,,,,,,0.000,,,,,,,,,,,,,
VISION_NODET,1782884224.7374,0,1782884224.7323,8694,320,240,,,,,,0.000,,,,,,,,,,,,,
VISION_NODET,1782884224.7382,0,1782884224.7344,8695,320,240,,,,,,0.000,,,,,,,,,,,,,
VISION_NODET,1782884224.7393,0,1782884224.7358,8696,320,240,,,,,,0.000,,,,,,,,,,,,,
VISION_NODET,1782884224.7403,0,1782884224.7375,8697,320,240,,,,,,0.000,,,,,,,,,,,,,
VISION_NODET,1782884224.7414,0,1782884224.7404,8698,320,240,,,,,,0.000,,,,,,,,,,,,,
VISION_NODET,1782884224.7505,0,1782884224.7480,8699,320,240,,,,,,0.000,,,,,,,,,,,,,
VISION_NODET,1782884224.7548,0,1782884224.7499,8700,320,240,,,,,,0.000,,,,,,,,,,,,,
VISION_NODET,1782884224.7585,0,1782884224.7554,8701,320,240,,,,,,0.000,,,,,,,,,,,,,
VISION_NODET,1782884224.7643,0,1782884224.7611,8702,320,240,,,,,,0.000,,,,,,,,,,,,,
VISION_NODET,1782884224.7798,0,1782884224.7682,8703,320,240,,,,,,0.000,,,,,,,,,,,,,
VISION_NODET,1782884224.7849,0,1782884224.7768,8704,320,240,,,,,,0.000,,,,,,,,,,,,,
VISION_NODET,1782884224.7873,0,1782884224.7807,8705,320,240,,,,,,0.000,,,,,,,,,,,,,
VISION_NODET,1782884224.7886,0,1782884224.7855,8706,320,240,,,,,,0.000,,,,,,,,,,,,,
VISION_NODET,1782884224.7899,0,1782884224.7877,8707,320,240,,,,,,0.000,,,,,,,,,,,,,
VISION_NODET,1782884224.7912,0,1782884224.7892,8708,320,240,,,,,,0.000,,,,,,,,,,,,,
VISION_NODET,1782884224.7924,0,1782884224.7907,8709,320,240,,,,,,0.000,,,,,,,,,,,,,
VISION_NODET,1782884224.7934,0,1782884224.7924,8710,320,240,,,,,,0.000,,,,,,,,,,,,,
VISION_NODET,1782884224.7944,0,1782884224.7938,8711,320,240,,,,,,0.000,,,,,,,,,,,,,
VISION_NODET,1782884224.7957,0,1782884224.7953,8712,320,240,,,,,,0.000,,,,,,,,,,,,,
VISION_NODET,1782884224.7967,0,1782884224.7964,8713,320,240,,,,,,0.000,,,,,,,,,,,,,
VISION_NODET,1782884224.7981,0,1782884224.7977,8714,320,240,,,,,,0.000,,,,,,,,,,,,,
VISION_NODET,1782884224.7993,0,1782884224.7989,8715,320,240,,,,,,0.000,,,,,,,,,,,,,
VISION_NODET,1782884224.8004,0,1782884224.8001,8716,320,240,,,,,,0.000,,,,,,,,,,,,,
VISION_NODET,1782884224.8018,0,1782884224.8014,8717,320,240,,,,,,0.000,,,,,,,,,,,,,
VISION_NODET,1782884224.8028,0,1782884224.8024,8718,320,240,,,,,,0.000,,,,,,,,,,,,,
VISION_NODET,1782884224.8038,0,1782884224.8034,8719,320,240,,,,,,0.000,,,,,,,,,,,,,
VISION_NODET,1782884224.8047,0,1782884224.8042,8720,320,240,,,,,,0.000,,,,,,,,,,,,,
VISION_NODET,1782884224.8057,0,1782884224.8053,8721,320,240,,,,,,0.000,,,,,,,,,,,,,
VISION_NODET,1782884224.8074,0,1782884224.8068,8722,320,240,,,,,,0.000,,,,,,,,,,,,,
VISION_NODET,1782884224.8087,0,1782884224.8082,8723,320,240,,,,,,0.000,,,,,,,,,,,,,
VISION_NODET,1782884224.8104,0,1782884224.8096,8724,320,240,,,,,,0.000,,,,,,,,,,,,,
VISION_NODET,1782884224.8115,0,1782884224.8111,8725,320,240,,,,,,0.000,,,,,,,,,,,,,
VISION_NODET,1782884224.8451,0,1782884224.8445,8726,320,240,,,,,,0.000,,,,,,,,,,,,,
VISION_NODET,1782884224.8465,0,1782884224.8460,8727,320,240,,,,,,0.000,,,,,,,,,,,,,
VISION_NODET,1782884224.8478,0,1782884224.8474,8728,320,240,,,,,,0.000,,,,,,,,,,,,,
VISION_NODET,1782884224.8494,0,1782884224.8490,8729,320,240,,,,,,0.000,,,,,,,,,,,,,
VISION_NODET,1782884224.8504,0,1782884224.8501,8730,320,240,,,,,,0.000,,,,,,,,,,,,,
VISION_NODET,1782884224.8521,0,1782884224.8517,8731,320,240,,,,,,0.000,,,,,,,,,,,,,
VISION_NODET,1782884224.8539,0,1782884224.8534,8732,320,240,,,,,,0.000,,,,,,,,,,,,,
VISION_NODET,1782884224.8568,0,1782884224.8549,8733,320,240,,,,,,0.000,,,,,,,,,,,,,
VISION_NODET,1782884224.8584,0,1782884224.8562,8734,320,240,,,,,,0.000,,,,,,,,,,,,,
VISION_NODET,1782884224.8598,0,1782884224.8577,8735,320,240,,,,,,0.000,,,,,,,,,,,,,
VISION_NODET,1782884224.8606,0,1782884224.8589,8736,320,240,,,,,,0.000,,,,,,,,,,,,,
VISION_NODET,1782884224.8612,0,1782884224.8601,8737,320,240,,,,,,0.000,,,,,,,,,,,,,
VISION_NODET,1782884224.8617,0,1782884224.8610,8738,320,240,,,,,,0.000,,,,,,,,,,,,,
VISION_NODET,1782884224.8651,0,1782884224.8643,8739,320,240,,,,,,0.000,,,,,,,,,,,,,
VISION_NODET,1782884224.8663,0,1782884224.8658,8740,320,240,,,,,,0.000,,,,,,,,,,,,,
VISION_NODET,1782884224.8681,0,1782884224.8676,8741,320,240,,,,,,0.000,,,,,,,,,,,,,
VISION_NODET,1782884224.8805,0,1782884224.8733,8742,320,240,,,,,,0.000,,,,,,,,,,,,,
VISION_NODET,1782884224.8845,0,1782884224.8769,8743,320,240,,,,,,0.000,,,,,,,,,,,,,
VISION_NODET,1782884224.8876,0,1782884224.8798,8744,320,240,,,,,,0.000,,,,,,,,,,,,,
VISION_NODET,1782884224.8925,0,1782884224.8858,8745,320,240,,,,,,0.000,,,,,,,,,,,,,
VISION_NODET,1782884224.8951,0,1782884224.8904,8746,320,240,,,,,,0.000,,,,,,,,,,,,,
VISION_NODET,1782884224.8981,0,1782884224.8973,8747,320,240,,,,,,0.000,,,,,,,,,,,,,
VISION_NODET,1782884224.8995,0,1782884224.8991,8748,320,240,,,,,,0.000,,,,,,,,,,,,,
VISION_NODET,1782884224.9013,0,1782884224.9006,8749,320,240,,,,,,0.000,,,,,,,,,,,,,
VISION_NODET,1782884224.9025,0,1782884224.9020,8750,320,240,,,,,,0.000,,,,,,,,,,,,,
VISION_NODET,1782884224.9043,0,1782884224.9037,8751,320,240,,,,,,0.000,,,,,,,,,,,,,
VISION_NODET,1782884224.9060,0,1782884224.9055,8752,320,240,,,,,,0.000,,,,,,,,,,,,,
VISION_NODET,1782884224.9078,0,1782884224.9068,8753,320,240,,,,,,0.000,,,,,,,,,,,,,
VISION_NODET,1782884224.9088,0,1782884224.9080,8754,320,240,,,,,,0.000,,,,,,,,,,,,,
VISION_NODET,1782884224.9097,0,1782884224.9090,8755,320,240,,,,,,0.000,,,,,,,,,,,,,
VISION_NODET,1782884224.9106,0,1782884224.9099,8756,320,240,,,,,,0.000,,,,,,,,,,,,,
VISION_NODET,1782884224.9115,0,1782884224.9112,8757,320,240,,,,,,0.000,,,,,,,,,,,,,
VISION_NODET,1782884224.9132,0,1782884224.9123,8758,320,240,,,,,,0.000,,,,,,,,,,,,,
VISION_NODET,1782884224.9148,0,1782884224.9133,8759,320,240,,,,,,0.000,,,,,,,,,,,,,
VISION_NODET,1782884224.9162,0,1782884224.9145,8760,320,240,,,,,,0.000,,,,,,,,,,,,,
VISION_NODET,1782884224.9173,0,1782884224.9168,8761,320,240,,,,,,0.000,,,,,,,,,,,,,
VISION_NODET,1782884224.9197,0,1782884224.9186,8762,320,240,,,,,,0.000,,,,,,,,,,,,,
VISION_NODET,1782884224.9206,0,1782884224.9202,8763,320,240,,,,,,0.000,,,,,,,,,,,,,
VISION_NODET,1782884224.9267,0,1782884224.9236,8764,320,240,,,,,,0.000,,,,,,,,,,,,,
VISION_NODET,1782884224.9299,0,1782884224.9258,8765,320,240,,,,,,0.000,,,,,,,,,,,,,
VISION_NODET,1782884224.9323,0,1782884224.9286,8766,320,240,,,,,,0.000,,,,,,,,,,,,,
VISION_NODET,1782884224.9340,0,1782884224.9312,8767,320,240,,,,,,0.000,,,,,,,,,,,,,
VISION_NODET,1782884224.9382,0,1782884224.9344,8768,320,240,,,,,,0.000,,,,,,,,,,,,,
VISION_NODET,1782884224.9433,0,1782884224.9399,8769,320,240,,,,,,0.000,,,,,,,,,,,,,
VISION_NODET,1782884224.9512,0,1782884224.9438,8770,320,240,,,,,,0.000,,,,,,,,,,,,,
VISION_NODET,1782884224.9533,0,1782884224.9507,8771,320,240,,,,,,0.000,,,,,,,,,,,,,
VISION_NODET,1782884224.9543,0,1782884224.9536,8772,320,240,,,,,,0.000,,,,,,,,,,,,,
VISION_NODET,1782884224.9556,0,1782884224.9549,8773,320,240,,,,,,0.000,,,,,,,,,,,,,
VISION_NODET,1782884224.9580,0,1782884224.9572,8774,320,240,,,,,,0.000,,,,,,,,,,,,,
VISION_NODET,1782884224.9632,0,1782884224.9617,8775,320,240,,,,,,0.000,,,,,,,,,,,,,
VISION_NODET,1782884224.9695,0,1782884224.9670,8776,320,240,,,,,,0.000,,,,,,,,,,,,,
VISION_NODET,1782884224.9712,0,1782884224.9686,8777,320,240,,,,,,0.000,,,,,,,,,,,,,
VISION_NODET,1782884224.9725,0,1782884224.9703,8778,320,240,,,,,,0.000,,,,,,,,,,,,,
VISION_NODET,1782884224.9746,0,1782884224.9720,8779,320,240,,,,,,0.000,,,,,,,,,,,,,
VISION_NODET,1782884224.9758,0,1782884224.9736,8780,320,240,,,,,,0.000,,,,,,,,,,,,,
VISION_NODET,1782884224.9767,0,1782884224.9750,8781,320,240,,,,,,0.000,,,,,,,,,,,,,
VISION_NODET,1782884224.9783,0,1782884224.9774,8782,320,240,,,,,,0.000,,,,,,,,,,,,,
VISION_NODET,1782884224.9809,0,1782884224.9798,8783,320,240,,,,,,0.000,,,,,,,,,,,,,
VISION_NODET,1782884224.9838,0,1782884224.9826,8784,320,240,,,,,,0.000,,,,,,,,,,,,,
VISION_NODET,1782884224.9870,0,1782884224.9863,8785,320,240,,,,,,0.000,,,,,,,,,,,,,
VISION_NODET,1782884224.9942,0,1782884224.9913,8786,320,240,,,,,,0.000,,,,,,,,,,,,,
VISION_NODET,1782884225.0038,0,1782884224.9968,8787,320,240,,,,,,0.000,,,,,,,,,,,,,
VISION_NODET,1782884225.0082,0,1782884225.0052,8788,320,240,,,,,,0.000,,,,,,,,,,,,,
VISION_NODET,1782884225.0109,0,1782884225.0077,8789,320,240,,,,,,0.000,,,,,,,,,,,,,
VISION_NODET,1782884225.0137,0,1782884225.0094,8790,320,240,,,,,,0.000,,,,,,,,,,,,,
VISION_NODET,1782884225.0150,0,1782884225.0117,8791,320,240,,,,,,0.000,,,,,,,,,,,,,
VISION_NODET,1782884225.0165,0,1782884225.0153,8792,320,240,,,,,,0.000,,,,,,,,,,,,,
VISION_NODET,1782884225.0181,0,1782884225.0171,8793,320,240,,,,,,0.000,,,,,,,,,,,,,
VISION_NODET,1782884225.0196,0,1782884225.0190,8794,320,240,,,,,,0.000,,,,,,,,,,,,,
VISION_NODET,1782884225.0218,0,1782884225.0207,8795,320,240,,,,,,0.000,,,,,,,,,,,,,
VISION_NODET,1782884225.0235,0,1782884225.0227,8796,320,240,,,,,,0.000,,,,,,,,,,,,,
VISION_NODET,1782884225.0251,0,1782884225.0245,8797,320,240,,,,,,0.000,,,,,,,,,,,,,
VISION_NODET,1782884225.0279,0,1782884225.0263,8798,320,240,,,,,,0.000,,,,,,,,,,,,,
VISION_NODET,1782884225.0296,0,1782884225.0282,8799,320,240,,,,,,0.000,,,,,,,,,,,,,
VISION_NODET,1782884225.0306,0,1782884225.0298,8800,320,240,,,,,,0.000,,,,,,,,,,,,,
VISION_NODET,1782884225.0334,0,1782884225.0319,8801,320,240,,,,,,0.000,,,,,,,,,,,,,
VISION_NODET,1782884225.0357,0,1782884225.0339,8802,320,240,,,,,,0.000,,,,,,,,,,,,,
VISION_NODET,1782884225.0414,0,1782884225.0389,8803,320,240,,,,,,0.000,,,,,,,,,,,,,
VISION_NODET,1782884225.0500,0,1782884225.0439,8804,320,240,,,,,,0.000,,,,,,,,,,,,,
VISION_NODET,1782884225.0544,0,1782884225.0508,8805,320,240,,,,,,0.000,,,,,,,,,,,,,
VISION_NODET,1782884225.0600,0,1782884225.0586,8806,320,240,,,,,,0.000,,,,,,,,,,,,,
VISION_NODET,1782884225.0623,0,1782884225.0617,8807,320,240,,,,,,0.000,,,,,,,,,,,,,
VISION_NODET,1782884225.0638,0,1782884225.0631,8808,320,240,,,,,,0.000,,,,,,,,,,,,,
VISION_NODET,1782884225.0655,0,1782884225.0648,8809,320,240,,,,,,0.000,,,,,,,,,,,,,
VISION_NODET,1782884225.0669,0,1782884225.0664,8810,320,240,,,,,,0.000,,,,,,,,,,,,,
VISION_NODET,1782884225.0689,0,1782884225.0678,8811,320,240,,,,,,0.000,,,,,,,,,,,,,
VISION_NODET,1782884225.0702,0,1782884225.0695,8812,320,240,,,,,,0.000,,,,,,,,,,,,,
VISION_NODET,1782884225.0723,0,1782884225.0718,8813,320,240,,,,,,0.000,,,,,,,,,,,,,
VISION_NODET,1782884225.0748,0,1782884225.0741,8814,320,240,,,,,,0.000,,,,,,,,,,,,,
VISION_NODET,1782884225.0762,0,1782884225.0758,8815,320,240,,,,,,0.000,,,,,,,,,,,,,
VISION_NODET,1782884225.0780,0,1782884225.0774,8816,320,240,,,,,,0.000,,,,,,,,,,,,,
VISION_NODET,1782884225.0803,0,1782884225.0789,8817,320,240,,,,,,0.000,,,,,,,,,,,,,
VISION_NODET,1782884225.0819,0,1782884225.0810,8818,320,240,,,,,,0.000,,,,,,,,,,,,,
VISION_NODET,1782884225.0834,0,1782884225.0825,8819,320,240,,,,,,0.000,,,,,,,,,,,,,
VISION_NODET,1782884225.0920,0,1782884225.0907,8820,320,240,,,,,,0.000,,,,,,,,,,,,,
VISION_NODET,1782884225.1027,0,1782884225.0947,8821,320,240,,,,,,0.000,,,,,,,,,,,,,
VISION_NODET,1782884225.1151,0,1782884225.1086,8822,320,240,,,,,,0.000,,,,,,,,,,,,,
VISION_NODET,1782884225.1272,0,1782884225.1143,8823,320,240,,,,,,0.000,,,,,,,,,,,,,
VISION_NODET,1782884225.1291,0,1782884225.1161,8824,320,240,,,,,,0.000,,,,,,,,,,,,,
VISION_NODET,1782884225.1327,0,1782884225.1185,8825,320,240,,,,,,0.000,,,,,,,,,,,,,
VISION_NODET,1782884225.1341,0,1782884225.1259,8826,320,240,,,,,,0.000,,,,,,,,,,,,,
VISION_NODET,1782884225.1371,0,1782884225.1280,8827,320,240,,,,,,0.000,,,,,,,,,,,,,
VISION_NODET,1782884225.1384,0,1782884225.1300,8828,320,240,,,,,,0.000,,,,,,,,,,,,,
VISION_NODET,1782884225.1397,0,1782884225.1321,8829,320,240,,,,,,0.000,,,,,,,,,,,,,
VISION_NODET,1782884225.1410,0,1782884225.1338,8830,320,240,,,,,,0.000,,,,,,,,,,,,,
VISION_NODET,1782884225.1437,0,1782884225.1363,8831,320,240,,,,,,0.000,,,,,,,,,,,,,
VISION_NODET,1782884225.1475,0,1782884225.1379,8832,320,240,,,,,,0.000,,,,,,,,,,,,,
VISION_NODET,1782884225.1511,0,1782884225.1432,8833,320,240,,,,,,0.000,,,,,,,,,,,,,
VISION_NODET,1782884225.1577,0,1782884225.1474,8834,320,240,,,,,,0.000,,,,,,,,,,,,,
VISION_NODET,1782884225.1616,0,1782884225.1515,8835,320,240,,,,,,0.000,,,,,,,,,,,,,
VISION_NODET,1782884225.1693,0,1782884225.1626,8836,320,240,,,,,,0.000,,,,,,,,,,,,,
VISION_NODET,1782884225.1717,0,1782884225.1704,8837,320,240,,,,,,0.000,,,,,,,,,,,,,
VISION_NODET,1782884225.1747,0,1782884225.1720,8838,320,240,,,,,,0.000,,,,,,,,,,,,,
VISION_NODET,1782884225.1761,0,1782884225.1739,8839,320,240,,,,,,0.000,,,,,,,,,,,,,
VISION_NODET,1782884225.1774,0,1782884225.1761,8840,320,240,,,,,,0.000,,,,,,,,,,,,,
VISION_NODET,1782884225.1816,0,1782884225.1807,8841,320,240,,,,,,0.000,,,,,,,,,,,,,
VISION_NODET,1782884225.1838,0,1782884225.1833,8842,320,240,,,,,,0.000,,,,,,,,,,,,,
VISION_NODET,1782884225.1857,0,1782884225.1852,8843,320,240,,,,,,0.000,,,,,,,,,,,,,
VISION_NODET,1782884225.1883,0,1782884225.1874,8844,320,240,,,,,,0.000,,,,,,,,,,,,,
VISION_NODET,1782884225.1899,0,1782884225.1893,8845,320,240,,,,,,0.000,,,,,,,,,,,,,
VISION_NODET,1782884225.1918,0,1782884225.1912,8846,320,240,,,,,,0.000,,,,,,,,,,,,,
VISION_NODET,1782884225.1958,0,1782884225.1930,8847,320,240,,,,,,0.000,,,,,,,,,,,,,
VISION_NODET,1782884225.2035,0,1782884225.2017,8848,320,240,,,,,,0.000,,,,,,,,,,,,,
VISION_NODET,1782884225.2122,0,1782884225.2094,8849,320,240,,,,,,0.000,,,,,,,,,,,,,
VISION_NODET,1782884225.2214,0,1782884225.2193,8850,320,240,,,,,,0.000,,,,,,,,,,,,,
VISION_NODET,1782884225.2242,0,1782884225.2233,8851,320,240,,,,,,0.000,,,,,,,,,,,,,
VISION_NODET,1782884225.2277,0,1782884225.2253,8852,320,240,,,,,,0.000,,,,,,,,,,,,,
VISION_NODET,1782884225.2314,0,1782884225.2272,8853,320,240,,,,,,0.000,,,,,,,,,,,,,
VISION_NODET,1782884225.2325,0,1782884225.2292,8854,320,240,,,,,,0.000,,,,,,,,,,,,,
VISION_NODET,1782884225.2334,0,1782884225.2322,8855,320,240,,,,,,0.000,,,,,,,,,,,,,
VISION_NODET,1782884225.2344,0,1782884225.2338,8856,320,240,,,,,,0.000,,,,,,,,,,,,,
VISION_NODET,1782884225.2358,0,1782884225.2354,8857,320,240,,,,,,0.000,,,,,,,,,,,,,
VISION_NODET,1782884225.2396,0,1782884225.2373,8858,320,240,,,,,,0.000,,,,,,,,,,,,,
VISION_NODET,1782884225.2412,0,1782884225.2390,8859,320,240,,,,,,0.000,,,,,,,,,,,,,
VISION_NODET,1782884225.2424,0,1782884225.2412,8860,320,240,,,,,,0.000,,,,,,,,,,,,,
VISION_NODET,1782884225.2461,0,1782884225.2454,8861,320,240,,,,,,0.000,,,,,,,,,,,,,
VISION_NODET,1782884225.2492,0,1782884225.2472,8862,320,240,,,,,,0.000,,,,,,,,,,,,,
VISION_NODET,1782884225.2527,0,1782884225.2504,8863,320,240,,,,,,0.000,,,,,,,,,,,,,
VISION_NODET,1782884225.2556,0,1782884225.2531,8864,320,240,,,,,,0.000,,,,,,,,,,,,,
VISION_NODET,1782884225.2579,0,1782884225.2565,8865,320,240,,,,,,0.000,,,,,,,,,,,,,
VISION_NODET,1782884225.2646,0,1782884225.2602,8866,320,240,,,,,,0.000,,,,,,,,,,,,,
VISION_NODET,1782884225.2802,0,1782884225.2631,8867,320,240,,,,,,0.000,,,,,,,,,,,,,
VISION_NODET,1782884225.2830,0,1782884225.2704,8868,320,240,,,,,,0.000,,,,,,,,,,,,,
VISION_NODET,1782884225.2849,0,1782884225.2767,8869,320,240,,,,,,0.000,,,,,,,,,,,,,
VISION_NODET,1782884225.2869,0,1782884225.2825,8870,320,240,,,,,,0.000,,,,,,,,,,,,,
VISION_NODET,1782884225.2904,0,1782884225.2888,8871,320,240,,,,,,0.000,,,,,,,,,,,,,
VISION_NODET,1782884225.2924,0,1782884225.2916,8872,320,240,,,,,,0.000,,,,,,,,,,,,,
VISION_NODET,1782884225.2944,0,1782884225.2933,8873,320,240,,,,,,0.000,,,,,,,,,,,,,
VISION_NODET,1782884225.2962,0,1782884225.2951,8874,320,240,,,,,,0.000,,,,,,,,,,,,,
VISION_NODET,1782884225.2983,0,1782884225.2973,8875,320,240,,,,,,0.000,,,,,,,,,,,,,
VISION_NODET,1782884225.3058,0,1782884225.3050,8876,320,240,,,,,,0.000,,,,,,,,,,,,,
VISION_NODET,1782884225.3137,0,1782884225.3108,8877,320,240,,,,,,0.000,,,,,,,,,,,,,
VISION_NODET,1782884225.3264,0,1782884225.3196,8878,320,240,,,,,,0.000,,,,,,,,,,,,,
VISION_NODET,1782884225.3384,0,1782884225.3269,8879,320,240,,,,,,0.000,,,,,,,,,,,,,
VISION_NODET,1782884225.3419,0,1782884225.3349,8880,320,240,,,,,,0.000,,,,,,,,,,,,,
VISION_NODET,1782884225.3437,0,1782884225.3399,8881,320,240,,,,,,0.000,,,,,,,,,,,,,
VISION_NODET,1782884225.3453,0,1782884225.3422,8882,320,240,,,,,,0.000,,,,,,,,,,,,,
VISION_NODET,1782884225.3485,0,1782884225.3444,8883,320,240,,,,,,0.000,,,,,,,,,,,,,
VISION_NODET,1782884225.3500,0,1782884225.3467,8884,320,240,,,,,,0.000,,,,,,,,,,,,,
VISION_NODET,1782884225.3568,0,1782884225.3554,8885,320,240,,,,,,0.000,,,,,,,,,,,,,
VISION_NODET,1782884225.3737,0,1782884225.3576,8886,320,240,,,,,,0.000,,,,,,,,,,,,,
VISION_NODET,1782884225.3805,0,1782884225.3597,8887,320,240,,,,,,0.000,,,,,,,,,,,,,
VISION_NODET,1782884225.3878,0,1782884225.3662,8888,320,240,,,,,,0.000,,,,,,,,,,,,,
VISION_NODET,1782884225.3906,0,1782884225.3726,8889,320,240,,,,,,0.000,,,,,,,,,,,,,
VISION_NODET,1782884225.3929,0,1782884225.3778,8890,320,240,,,,,,0.000,,,,,,,,,,,,,
VISION_NODET,1782884225.3948,0,1782884225.3851,8891,320,240,,,,,,0.000,,,,,,,,,,,,,
VISION_NODET,1782884225.3978,0,1782884225.3902,8892,320,240,,,,,,0.000,,,,,,,,,,,,,
VISION_NODET,1782884225.4006,0,1782884225.3933,8893,320,240,,,,,,0.000,,,,,,,,,,,,,
VISION_NODET,1782884225.4084,0,1782884225.3954,8894,320,240,,,,,,0.000,,,,,,,,,,,,,
VISION_NODET,1782884225.4101,0,1782884225.3980,8895,320,240,,,,,,0.000,,,,,,,,,,,,,
VISION_NODET,1782884225.4146,0,1782884225.4007,8896,320,240,,,,,,0.000,,,,,,,,,,,,,
VISION_NODET,1782884225.4378,0,1782884225.4031,8897,320,240,,,,,,0.000,,,,,,,,,,,,,
VISION_NODET,1782884225.4483,0,1782884225.4098,8900,320,240,,,,,,0.000,,,,,,,,,,,,,
VISION_NODET,1782884225.4520,0,1782884225.4138,8902,320,240,,,,,,0.000,,,,,,,,,,,,,
VISION_NODET,1782884225.4552,0,1782884225.4175,8904,320,240,,,,,,0.000,,,,,,,,,,,,,
VISION_NODET,1782884225.4580,0,1782884225.4222,8905,320,240,,,,,,0.000,,,,,,,,,,,,,
VISION_NODET,1782884225.4594,0,1782884225.4273,8906,320,240,,,,,,0.000,,,,,,,,,,,,,
VISION_NODET,1782884225.4647,0,1782884225.4384,8908,320,240,,,,,,0.000,,,,,,,,,,,,,
VISION_NODET,1782884225.4658,0,1782884225.4455,8909,320,240,,,,,,0.000,,,,,,,,,,,,,
VISION_NODET,1782884225.4666,0,1782884225.4482,8910,320,240,,,,,,0.000,,,,,,,,,,,,,
VISION_NODET,1782884225.4722,0,1782884225.4504,8911,320,240,,,,,,0.000,,,,,,,,,,,,,
VISION_NODET,1782884225.4771,0,1782884225.4522,8912,320,240,,,,,,0.000,,,,,,,,,,,,,
VISION_NODET,1782884225.4784,0,1782884225.4542,8913,320,240,,,,,,0.000,,,,,,,,,,,,,
VISION_NODET,1782884225.4798,0,1782884225.4560,8914,320,240,,,,,,0.000,,,,,,,,,,,,,
VISION_NODET,1782884225.4809,0,1782884225.4578,8915,320,240,,,,,,0.000,,,,,,,,,,,,,
VISION_NODET,1782884225.4828,0,1782884225.4600,8916,320,240,,,,,,0.000,,,,,,,,,,,,,
VISION_NODET,1782884225.4847,0,1782884225.4622,8917,320,240,,,,,,0.000,,,,,,,,,,,,,
VISION_NODET,1782884225.4861,0,1782884225.4700,8918,320,240,,,,,,0.000,,,,,,,,,,,,,
VISION_NODET,1782884225.4886,0,1782884225.4726,8919,320,240,,,,,,0.000,,,,,,,,,,,,,
VISION_NODET,1782884225.4903,0,1782884225.4747,8920,320,240,,,,,,0.000,,,,,,,,,,,,,
VISION_NODET,1782884225.4970,0,1782884225.4788,8921,320,240,,,,,,0.000,,,,,,,,,,,,,
VISION_NODET,1782884225.5021,0,1782884225.4823,8922,320,240,,,,,,0.000,,,,,,,,,,,,,
VISION_NODET,1782884225.5072,0,1782884225.4860,8923,320,240,,,,,,0.000,,,,,,,,,,,,,
VISION_NODET,1782884225.5102,0,1782884225.4897,8924,320,240,,,,,,0.000,,,,,,,,,,,,,
VISION_NODET,1782884225.5114,0,1782884225.4958,8925,320,240,,,,,,0.000,,,,,,,,,,,,,
VISION_NODET,1782884225.5152,0,1782884225.5132,8926,320,240,,,,,,0.000,,,,,,,,,,,,,
VISION_NODET,1782884225.5173,0,1782884225.5161,8927,320,240,,,,,,0.000,,,,,,,,,,,,,
VISION_NODET,1782884225.5188,0,1782884225.5174,8928,320,240,,,,,,0.000,,,,,,,,,,,,,
VISION_NODET,1782884225.5205,0,1782884225.5185,8929,320,240,,,,,,0.000,,,,,,,,,,,,,
VISION_NODET,1782884225.5216,0,1782884225.5206,8930,320,240,,,,,,0.000,,,,,,,,,,,,,
VISION_NODET,1782884225.5227,0,1782884225.5217,8931,320,240,,,,,,0.000,,,,,,,,,,,,,
VISION_NODET,1782884225.5236,0,1782884225.5226,8932,320,240,,,,,,0.000,,,,,,,,,,,,,
VISION_NODET,1782884225.5249,0,1782884225.5238,8933,320,240,,,,,,0.000,,,,,,,,,,,,,
VISION_NODET,1782884225.5266,0,1782884225.5262,8934,320,240,,,,,,0.000,,,,,,,,,,,,,
VISION_NODET,1782884225.5288,0,1782884225.5276,8935,320,240,,,,,,0.000,,,,,,,,,,,,,
VISION_NODET,1782884225.5308,0,1782884225.5290,8936,320,240,,,,,,0.000,,,,,,,,,,,,,
VISION_NODET,1782884225.5578,0,1782884225.5464,8937,320,240,,,,,,0.000,,,,,,,,,,,,,
VISION_NODET,1782884225.5615,0,1782884225.5528,8938,320,240,,,,,,0.050,,,,,,,,,,,,,
VISION_NODET,1782884225.5658,0,1782884225.5572,8939,320,240,,,,,,0.050,,,,,,,,,,,,,
VISION_NODET,1782884225.8308,0,1782884225.7894,9006,320,240,,,,,,0.050,,,,,,,,,,,,,
VISION_NODET,1782884225.8337,0,1782884225.7911,9007,320,240,,,,,,0.050,,,,,,,,,,,,,
VISION_NODET,1782884225.8346,0,1782884225.7925,9008,320,240,,,,,,0.050,,,,,,,,,,,,,
VISION_NODET,1782884225.8356,0,1782884225.7945,9009,320,240,,,,,,0.050,,,,,,,,,,,,,
VISION_NODET,1782884225.8361,0,1782884225.7963,9010,320,240,,,,,,0.050,,,,,,,,,,,,,
VISION_NODET,1782884225.8364,0,1782884225.7985,9011,320,240,,,,,,0.050,,,,,,,,,,,,,
VISION_NODET,1782884225.8391,0,1782884225.8000,9012,320,240,,,,,,0.050,,,,,,,,,,,,,
VISION_NODET,1782884225.8402,0,1782884225.8077,9013,320,240,,,,,,0.050,,,,,,,,,,,,,
VISION_NODET,1782884225.8409,0,1782884225.8112,9014,320,240,,,,,,0.050,,,,,,,,,,,,,
VISION_NODET,1782884225.8414,0,1782884225.8179,9015,320,240,,,,,,0.050,,,,,,,,,,,,,
VISION_NODET,1782884225.8417,0,1782884225.8286,9016,320,240,,,,,,0.050,,,,,,,,,,,,,
VISION_NODET,1782884225.8419,0,1782884225.8366,9017,320,240,,,,,,0.050,,,,,,,,,,,,,
VISION_NODET,1782884225.8423,0,1782884225.8393,9018,320,240,,,,,,0.050,,,,,,,,,,,,,
VISION_NODET,1782884225.8426,0,1782884225.8416,9019,320,240,,,,,,0.050,,,,,,,,,,,,,
VISION_NODET,1782884225.8449,0,1782884225.8438,9020,320,240,,,,,,0.050,,,,,,,,,,,,,
VISION_NODET,1782884225.8468,0,1782884225.8461,9021,320,240,,,,,,0.050,,,,,,,,,,,,,
VISION_NODET,1782884225.8485,0,1782884225.8479,9022,320,240,,,,,,0.050,,,,,,,,,,,,,
VISION_NODET,1782884225.8503,0,1782884225.8496,9023,320,240,,,,,,0.050,,,,,,,,,,,,,
VISION_NODET,1782884225.8516,0,1782884225.8511,9024,320,240,,,,,,0.050,,,,,,,,,,,,,
VISION_NODET,1782884225.8531,0,1782884225.8526,9025,320,240,,,,,,0.050,,,,,,,,,,,,,
VISION_NODET,1782884225.8566,0,1782884225.8542,9026,320,240,,,,,,0.050,,,,,,,,,,,,,
VISION_NODET,1782884225.8618,0,1782884225.8593,9027,320,240,,,,,,0.050,,,,,,,,,,,,,
VISION_NODET,1782884225.8649,0,1782884225.8636,9028,320,240,,,,,,0.050,,,,,,,,,,,,,
VISION_NODET,1782884225.8724,0,1782884225.8703,9029,320,240,,,,,,0.050,,,,,,,,,,,,,
VISION_NODET,1782884225.8829,0,1782884225.8743,9030,320,240,,,,,,0.050,,,,,,,,,,,,,
VISION_NODET,1782884225.8846,0,1782884225.8816,9031,320,240,,,,,,0.050,,,,,,,,,,,,,
VISION_NODET,1782884225.8884,0,1782884225.8843,9032,320,240,,,,,,0.050,,,,,,,,,,,,,
VISION_NODET,1782884225.8892,0,1782884225.8864,9033,320,240,,,,,,0.050,,,,,,,,,,,,,
VISION_NODET,1782884225.8903,0,1782884225.8883,9034,320,240,,,,,,0.050,,,,,,,,,,,,,
VISION_NODET,1782884225.8926,0,1782884225.8909,9035,320,240,,,,,,0.050,,,,,,,,,,,,,
VISION_NODET,1782884225.8947,0,1782884225.8933,9036,320,240,,,,,,0.050,,,,,,,,,,,,,
VISION_NODET,1782884225.8962,0,1782884225.8954,9037,320,240,,,,,,0.050,,,,,,,,,,,,,
VISION_NODET,1782884225.8979,0,1782884225.8972,9038,320,240,,,,,,0.050,,,,,,,,,,,,,
VISION_NODET,1782884225.8997,0,1782884225.8991,9039,320,240,,,,,,0.050,,,,,,,,,,,,,
VISION_NODET,1782884225.9034,0,1782884225.9006,9040,320,240,,,,,,0.050,,,,,,,,,,,,,
VISION_NODET,1782884225.9043,0,1782884225.9025,9041,320,240,,,,,,0.050,,,,,,,,,,,,,
VISION_NODET,1782884225.9050,0,1782884225.9044,9042,320,240,,,,,,0.050,,,,,,,,,,,,,
VISION_NODET,1782884225.9077,0,1782884225.9067,9043,320,240,,,,,,0.050,,,,,,,,,,,,,
VISION_NODET,1782884225.9096,0,1782884225.9089,9044,320,240,,,,,,0.050,,,,,,,,,,,,,
VISION_NODET,1782884225.9153,0,1782884225.9117,9045,320,240,,,,,,0.050,,,,,,,,,,,,,
VISION_NODET,1782884225.9189,0,1782884225.9168,9046,320,240,,,,,,0.050,,,,,,,,,,,,,
VISION_NODET,1782884225.9297,0,1782884225.9210,9047,320,240,,,,,,0.050,,,,,,,,,,,,,
VISION_NODET,1782884225.9391,0,1782884225.9286,9048,320,240,,,,,,0.050,,,,,,,,,,,,,
VISION_NODET,1782884225.9408,0,1782884225.9355,9049,320,240,,,,,,0.050,,,,,,,,,,,,,
VISION_NODET,1782884225.9416,0,1782884225.9401,9050,320,240,,,,,,0.050,,,,,,,,,,,,,
VISION_NODET,1782884225.9424,0,1782884225.9417,9051,320,240,,,,,,0.050,,,,,,,,,,,,,
VISION_NODET,1782884225.9445,0,1782884225.9438,9052,320,240,,,,,,0.050,,,,,,,,,,,,,
VISION_NODET,1782884225.9474,0,1782884225.9462,9053,320,240,,,,,,0.050,,,,,,,,,,,,,
VISION_NODET,1782884225.9492,0,1782884225.9486,9054,320,240,,,,,,0.050,,,,,,,,,,,,,
VISION_NODET,1782884225.9508,0,1782884225.9502,9055,320,240,,,,,,0.050,,,,,,,,,,,,,
VISION_NODET,1782884225.9530,0,1782884225.9524,9056,320,240,,,,,,0.050,,,,,,,,,,,,,
VISION_NODET,1782884225.9544,0,1782884225.9539,9057,320,240,,,,,,0.050,,,,,,,,,,,,,
VISION_NODET,1782884225.9562,0,1782884225.9554,9058,320,240,,,,,,0.050,,,,,,,,,,,,,
VISION_NODET,1782884225.9581,0,1782884225.9573,9059,320,240,,,,,,0.050,,,,,,,,,,,,,
VISION_NODET,1782884225.9596,0,1782884225.9590,9060,320,240,,,,,,0.050,,,,,,,,,,,,,
VISION_NODET,1782884225.9613,0,1782884225.9607,9061,320,240,,,,,,0.050,,,,,,,,,,,,,
VISION_NODET,1782884225.9636,0,1782884225.9624,9062,320,240,,,,,,0.050,,,,,,,,,,,,,
VISION_NODET,1782884225.9694,0,1782884225.9656,9063,320,240,,,,,,0.050,,,,,,,,,,,,,
VISION_NODET,1782884225.9725,0,1782884225.9699,9064,320,240,,,,,,0.050,,,,,,,,,,,,,
VISION_NODET,1782884225.9781,0,1782884225.9747,9065,320,240,,,,,,0.050,,,,,,,,,,,,,
VISION_NODET,1782884225.9840,0,1782884225.9820,9066,320,240,,,,,,0.050,,,,,,,,,,,,,
VISION_NODET,1782884225.9934,0,1782884225.9907,9067,320,240,,,,,,0.050,,,,,,,,,,,,,
VISION_NODET,1782884225.9954,0,1782884225.9947,9068,320,240,,,,,,0.050,,,,,,,,,,,,,
VISION_NODET,1782884225.9990,0,1782884225.9965,9069,320,240,,,,,,0.050,,,,,,,,,,,,,
VISION_NODET,1782884226.0045,0,1782884226.0026,9070,320,240,,,,,,0.050,,,,,,,,,,,,,
VISION_NODET,1782884226.0067,0,1782884226.0051,9071,320,240,,,,,,0.050,,,,,,,,,,,,,
VISION_NODET,1782884226.0099,0,1782884226.0090,9072,320,240,,,,,,0.050,,,,,,,,,,,,,
VISION_NODET,1782884226.0117,0,1782884226.0108,9073,320,240,,,,,,0.050,,,,,,,,,,,,,
VISION_NODET,1782884226.0141,0,1782884226.0127,9074,320,240,,,,,,0.050,,,,,,,,,,,,,
VISION_NODET,1782884226.0155,0,1782884226.0146,9075,320,240,,,,,,0.050,,,,,,,,,,,,,
VISION_NODET,1782884226.0546,0,1782884226.0527,9076,320,240,,,,,,0.050,,,,,,,,,,,,,
VISION_NODET,1782884226.0592,0,1782884226.0580,9077,320,240,,,,,,0.050,,,,,,,,,,,,,
VISION_NODET,1782884226.0626,0,1782884226.0600,9078,320,240,,,,,,0.050,,,,,,,,,,,,,
VISION_NODET,1782884226.0665,0,1782884226.0654,9079,320,240,,,,,,0.050,,,,,,,,,,,,,
VISION_NODET,1782884226.0781,0,1782884226.0689,9080,320,240,,,,,,0.050,,,,,,,,,,,,,
VISION_NODET,1782884226.1011,0,1782884226.0886,9081,320,240,,,,,,0.050,,,,,,,,,,,,,
VISION_NODET,1782884226.1022,0,1782884226.0989,9082,320,240,,,,,,0.050,,,,,,,,,,,,,
VISION_NODET,1782884226.1039,0,1782884226.1028,9083,320,240,,,,,,0.050,,,,,,,,,,,,,
VISION_NODET,1782884226.1086,0,1782884226.1061,9084,320,240,,,,,,0.050,,,,,,,,,,,,,
VISION_NODET,1782884226.1117,0,1782884226.1098,9085,320,240,,,,,,0.050,,,,,,,,,,,,,
VISION_NODET,1782884226.1147,0,1782884226.1130,9086,320,240,,,,,,0.050,,,,,,,,,,,,,
VISION_NODET,1782884226.1197,0,1782884226.1153,9087,320,240,,,,,,0.050,,,,,,,,,,,,,
VISION_NODET,1782884226.1207,0,1782884226.1173,9088,320,240,,,,,,0.050,,,,,,,,,,,,,
VISION_NODET,1782884226.1214,0,1782884226.1200,9089,320,240,,,,,,0.050,,,,,,,,,,,,,
VISION_NODET,1782884226.1259,0,1782884226.1229,9090,320,240,,,,,,0.050,,,,,,,,,,,,,
VISION_NODET,1782884226.1310,0,1782884226.1287,9091,320,240,,,,,,0.050,,,,,,,,,,,,,
VISION_NODET,1782884226.1398,0,1782884226.1328,9092,320,240,,,,,,0.050,,,,,,,,,,,,,
VISION_NODET,1782884226.1500,0,1782884226.1468,9093,320,240,,,,,,0.050,,,,,,,,,,,,,
VISION_NODET,1782884226.1549,0,1782884226.1523,9094,320,240,,,,,,0.050,,,,,,,,,,,,,
VISION_NODET,1782884226.1556,0,1782884226.1549,9095,320,240,,,,,,0.050,,,,,,,,,,,,,
VISION_NODET,1782884226.1573,0,1782884226.1566,9096,320,240,,,,,,0.050,,,,,,,,,,,,,
VISION_NODET,1782884226.1589,0,1782884226.1583,9097,320,240,,,,,,0.050,,,,,,,,,,,,,
VISION_NODET,1782884226.1645,0,1782884226.1602,9098,320,240,,,,,,0.050,,,,,,,,,,,,,
VISION_NODET,1782884226.1653,0,1782884226.1629,9099,320,240,,,,,,0.050,,,,,,,,,,,,,
VISION_NODET,1782884226.1684,0,1782884226.1672,9100,320,240,,,,,,0.050,,,,,,,,,,,,,
VISION_NODET,1782884226.1751,0,1782884226.1709,9101,320,240,,,,,,0.050,,,,,,,,,,,,,
VISION_NODET,1782884226.1762,0,1782884226.1737,9102,320,240,,,,,,0.050,,,,,,,,,,,,,
VISION_NODET,1782884226.1771,0,1782884226.1761,9103,320,240,,,,,,0.050,,,,,,,,,,,,,
VISION_NODET,1782884226.1864,0,1782884226.1792,9104,320,240,,,,,,0.050,,,,,,,,,,,,,
VISION_NODET,1782884226.1923,0,1782884226.1868,9105,320,240,,,,,,0.050,,,,,,,,,,,,,
VISION_NODET,1782884226.2053,0,1782884226.1971,9106,320,240,,,,,,0.050,,,,,,,,,,,,,
VISION_NODET,1782884226.2072,0,1782884226.2047,9107,320,240,,,,,,0.050,,,,,,,,,,,,,
VISION_NODET,1782884226.2081,0,1782884226.2076,9108,320,240,,,,,,0.050,,,,,,,,,,,,,
VISION_NODET,1782884226.2127,0,1782884226.2096,9109,320,240,,,,,,0.050,,,,,,,,,,,,,
VISION_NODET,1782884226.2141,0,1782884226.2114,9110,320,240,,,,,,0.050,,,,,,,,,,,,,
VISION_NODET,1782884226.2145,0,1782884226.2132,9111,320,240,,,,,,0.050,,,,,,,,,,,,,
VISION_NODET,1782884226.2164,0,1782884226.2148,9112,320,240,,,,,,0.050,,,,,,,,,,,,,
VISION_NODET,1782884226.2181,0,1782884226.2173,9113,320,240,,,,,,0.050,,,,,,,,,,,,,
VISION_NODET,1782884226.2216,0,1782884226.2200,9114,320,240,,,,,,0.050,,,,,,,,,,,,,
VISION_NODET,1782884226.2243,0,1782884226.2231,9115,320,240,,,,,,0.050,,,,,,,,,,,,,
VISION_NODET,1782884226.2262,0,1782884226.2255,9116,320,240,,,,,,0.050,,,,,,,,,,,,,
VISION_NODET,1782884226.2287,0,1782884226.2269,9117,320,240,,,,,,0.050,,,,,,,,,,,,,
VISION_NODET,1782884226.2298,0,1782884226.2283,9118,320,240,,,,,,0.050,,,,,,,,,,,,,
VISION_NODET,1782884226.2310,0,1782884226.2304,9119,320,240,,,,,,0.050,,,,,,,,,,,,,
VISION_NODET,1782884226.2327,0,1782884226.2319,9120,320,240,,,,,,0.050,,,,,,,,,,,,,
VISION_NODET,1782884226.2344,0,1782884226.2335,9121,320,240,,,,,,0.050,,,,,,,,,,,,,
VISION_NODET,1782884226.2398,0,1782884226.2357,9122,320,240,,,,,,0.050,,,,,,,,,,,,,
VISION_NODET,1782884226.2427,0,1782884226.2408,9123,320,240,,,,,,0.050,,,,,,,,,,,,,
VISION_NODET,1782884226.2508,0,1782884226.2450,9124,320,240,,,,,,0.050,,,,,,,,,,,,,
VISION_NODET,1782884226.2542,0,1782884226.2519,9125,320,240,,,,,,0.050,,,,,,,,,,,,,
VISION_NODET,1782884226.2685,0,1782884226.2675,9126,320,240,,,,,,0.050,,,,,,,,,,,,,
VISION_NODET,1782884226.2699,0,1782884226.2693,9127,320,240,,,,,,0.050,,,,,,,,,,,,,
VISION_NODET,1782884226.2757,0,1782884226.2723,9128,320,240,,,,,,0.050,,,,,,,,,,,,,
VISION_NODET,1782884226.2773,0,1782884226.2747,9129,320,240,,,,,,0.050,,,,,,,,,,,,,
VISION_NODET,1782884226.2782,0,1782884226.2771,9130,320,240,,,,,,0.050,,,,,,,,,,,,,
VISION_NODET,1782884226.2815,0,1782884226.2794,9131,320,240,,,,,,0.050,,,,,,,,,,,,,
VISION_NODET,1782884226.2824,0,1782884226.2807,9132,320,240,,,,,,0.050,,,,,,,,,,,,,
VISION_NODET,1782884226.2827,0,1782884226.2823,9133,320,240,,,,,,0.050,,,,,,,,,,,,,
VISION_NODET,1782884226.2865,0,1782884226.2841,9134,320,240,,,,,,0.050,,,,,,,,,,,,,
VISION_NODET,1782884226.2886,0,1782884226.2865,9135,320,240,,,,,,0.050,,,,,,,,,,,,,
VISION_NODET,1782884226.2950,0,1782884226.2928,9136,320,240,,,,,,0.050,,,,,,,,,,,,,
VISION_NODET,1782884226.3000,0,1782884226.2976,9137,320,240,,,,,,0.050,,,,,,,,,,,,,
VISION_NODET,1782884226.3073,0,1782884226.3016,9138,320,240,,,,,,0.050,,,,,,,,,,,,,
VISION_NODET,1782884226.3154,0,1782884226.3092,9139,320,240,,,,,,0.050,,,,,,,,,,,,,
VISION_NODET,1782884226.3209,0,1782884226.3169,9140,320,240,,,,,,0.050,,,,,,,,,,,,,
VISION_NODET,1782884226.3227,0,1782884226.3221,9141,320,240,,,,,,0.050,,,,,,,,,,,,,
VISION_NODET,1782884226.3267,0,1782884226.3240,9142,320,240,,,,,,0.050,,,,,,,,,,,,,
VISION_NODET,1782884226.3283,0,1782884226.3263,9143,320,240,,,,,,0.050,,,,,,,,,,,,,
VISION_NODET,1782884226.3290,0,1782884226.3282,9144,320,240,,,,,,0.050,,,,,,,,,,,,,
VISION_NODET,1782884226.3300,0,1782884226.3297,9145,320,240,,,,,,0.050,,,,,,,,,,,,,
VISION_NODET,1782884226.3332,0,1782884226.3309,9146,320,240,,,,,,0.050,,,,,,,,,,,,,
VISION_NODET,1782884226.3338,0,1782884226.3329,9147,320,240,,,,,,0.050,,,,,,,,,,,,,
VISION_NODET,1782884226.3355,0,1782884226.3349,9148,320,240,,,,,,0.050,,,,,,,,,,,,,
VISION_NODET,1782884226.3370,0,1782884226.3363,9149,320,240,,,,,,0.050,,,,,,,,,,,,,
VISION_NODET,1782884226.3398,0,1782884226.3384,9150,320,240,,,,,,0.050,,,,,,,,,,,,,
VISION_NODET,1782884226.3433,0,1782884226.3406,9151,320,240,,,,,,0.050,,,,,,,,,,,,,
VISION_NODET,1782884226.3438,0,1782884226.3424,9152,320,240,,,,,,0.050,,,,,,,,,,,,,
VISION_NODET,1782884226.3478,0,1782884226.3448,9153,320,240,,,,,,0.050,,,,,,,,,,,,,
VISION_NODET,1782884226.3525,0,1782884226.3514,9154,320,240,,,,,,0.050,,,,,,,,,,,,,
VISION_NODET,1782884226.3599,0,1782884226.3553,9155,320,240,,,,,,0.050,,,,,,,,,,,,,
VISION_NODET,1782884226.3633,0,1782884226.3618,9156,320,240,,,,,,0.050,,,,,,,,,,,,,
VISION_NODET,1782884226.3730,0,1782884226.3717,9157,320,240,,,,,,0.050,,,,,,,,,,,,,
VISION_NODET,1782884226.3765,0,1782884226.3740,9158,320,240,,,,,,0.050,,,,,,,,,,,,,
VISION_NODET,1782884226.3773,0,1782884226.3764,9159,320,240,,,,,,0.050,,,,,,,,,,,,,
VISION_NODET,1782884226.3822,0,1782884226.3782,9160,320,240,,,,,,0.050,,,,,,,,,,,,,
VISION_NODET,1782884226.3833,0,1782884226.3805,9161,320,240,,,,,,0.050,,,,,,,,,,,,,
VISION_NODET,1782884226.3848,0,1782884226.3825,9162,320,240,,,,,,0.050,,,,,,,,,,,,,
VISION_NODET,1782884226.3855,0,1782884226.3844,9163,320,240,,,,,,0.050,,,,,,,,,,,,,
VISION_NODET,1782884226.3874,0,1782884226.3865,9164,320,240,,,,,,0.050,,,,,,,,,,,,,
VISION_NODET,1782884226.3899,0,1782884226.3888,9165,320,240,,,,,,0.050,,,,,,,,,,,,,
VISION_NODET,1782884226.3931,0,1782884226.3910,9166,320,240,,,,,,0.050,,,,,,,,,,,,,
VISION_NODET,1782884226.3939,0,1782884226.3927,9167,320,240,,,,,,0.050,,,,,,,,,,,,,
VISION_NODET,1782884226.3946,0,1782884226.3941,9168,320,240,,,,,,0.050,,,,,,,,,,,,,
VISION_NODET,1782884226.3963,0,1782884226.3957,9169,320,240,,,,,,0.050,,,,,,,,,,,,,
VISION_NODET,1782884226.3990,0,1782884226.3977,9170,320,240,,,,,,0.050,,,,,,,,,,,,,
VISION_NODET,1782884226.4081,0,1782884226.4064,9171,320,240,,,,,,0.050,,,,,,,,,,,,,
VISION_NODET,1782884226.4239,0,1782884226.4113,9172,320,240,,,,,,0.050,,,,,,,,,,,,,
VISION_NODET,1782884226.4303,0,1782884226.4167,9173,320,240,,,,,,0.050,,,,,,,,,,,,,
VISION_NODET,1782884226.4317,0,1782884226.4234,9174,320,240,,,,,,0.050,,,,,,,,,,,,,
VISION_NODET,1782884226.4325,0,1782884226.4301,9175,320,240,,,,,,0.050,,,,,,,,,,,,,
VISION_NODET,1782884226.4366,0,1782884226.4351,9176,320,240,,,,,,0.050,,,,,,,,,,,,,
VISION_NODET,1782884226.4435,0,1782884226.4378,9177,320,240,,,,,,0.050,,,,,,,,,,,,,
VISION_NODET,1782884226.4443,0,1782884226.4400,9178,320,240,,,,,,0.050,,,,,,,,,,,,,
VISION_NODET,1782884226.4466,0,1782884226.4450,9179,320,240,,,,,,0.050,,,,,,,,,,,,,
VISION_NODET,1782884226.4506,0,1782884226.4488,9180,320,240,,,,,,0.050,,,,,,,,,,,,,
VISION_NODET,1782884226.4536,0,1782884226.4525,9181,320,240,,,,,,0.050,,,,,,,,,,,,,
VISION_NODET,1782884226.4638,0,1782884226.4620,9182,320,240,,,,,,0.050,,,,,,,,,,,,,
VISION_NODET,1782884226.4686,0,1782884226.4647,9183,320,240,,,,,,0.050,,,,,,,,,,,,,
VISION_NODET,1782884226.4821,0,1782884226.4749,9184,320,240,,,,,,0.050,,,,,,,,,,,,,
VISION_NODET,1782884226.4855,0,1782884226.4845,9185,320,240,,,,,,0.050,,,,,,,,,,,,,
VISION_NODET,1782884226.4912,0,1782884226.4898,9186,320,240,,,,,,0.050,,,,,,,,,,,,,
VISION_NODET,1782884226.4931,0,1782884226.4915,9187,320,240,,,,,,0.050,,,,,,,,,,,,,
VISION_NODET,1782884226.4964,0,1782884226.4950,9188,320,240,,,,,,0.050,,,,,,,,,,,,,
VISION_NODET,1782884226.5002,0,1782884226.4992,9189,320,240,,,,,,0.050,,,,,,,,,,,,,
VISION_NODET,1782884226.5054,0,1782884226.5044,9190,320,240,,,,,,0.050,,,,,,,,,,,,,
VISION_NODET,1782884226.5081,0,1782884226.5075,9191,320,240,,,,,,0.050,,,,,,,,,,,,,
VISION_NODET,1782884226.5102,0,1782884226.5095,9192,320,240,,,,,,0.050,,,,,,,,,,,,,
VISION_NODET,1782884226.5115,0,1782884226.5109,9193,320,240,,,,,,0.050,,,,,,,,,,,,,
VISION_NODET,1782884226.5163,0,1782884226.5130,9194,320,240,,,,,,0.050,,,,,,,,,,,,,
VISION_NODET,1782884226.5191,0,1782884226.5157,9195,320,240,,,,,,0.050,,,,,,,,,,,,,
VISION_NODET,1782884226.5222,0,1782884226.5193,9196,320,240,,,,,,0.050,,,,,,,,,,,,,
VISION_NODET,1782884226.5293,0,1782884226.5243,9197,320,240,,,,,,0.050,,,,,,,,,,,,,
VISION_NODET,1782884226.5373,0,1782884226.5323,9198,320,240,,,,,,0.050,,,,,,,,,,,,,
VISION_NODET,1782884226.5406,0,1782884226.5385,9199,320,240,,,,,,0.050,,,,,,,,,,,,,
VISION_NODET,1782884226.5477,0,1782884226.5436,9200,320,240,,,,,,0.050,,,,,,,,,,,,,
VISION_NODET,1782884226.5487,0,1782884226.5456,9201,320,240,,,,,,0.050,,,,,,,,,,,,,
VISION_NODET,1782884226.5503,0,1782884226.5478,9202,320,240,,,,,,0.050,,,,,,,,,,,,,
VISION_NODET,1782884226.5510,0,1782884226.5499,9203,320,240,,,,,,0.050,,,,,,,,,,,,,
VISION_NODET,1782884226.5524,0,1782884226.5518,9204,320,240,,,,,,0.050,,,,,,,,,,,,,
VISION_NODET,1782884226.5542,0,1782884226.5536,9205,320,240,,,,,,0.050,,,,,,,,,,,,,
VISION_NODET,1782884226.5562,0,1782884226.5553,9206,320,240,,,,,,0.050,,,,,,,,,,,,,
VISION_NODET,1782884226.5576,0,1782884226.5570,9207,320,240,,,,,,0.050,,,,,,,,,,,,,
VISION_NODET,1782884226.5592,0,1782884226.5587,9208,320,240,,,,,,0.050,,,,,,,,,,,,,
VISION_NODET,1782884226.5609,0,1782884226.5603,9209,320,240,,,,,,0.050,,,,,,,,,,,,,
VISION_NODET,1782884226.5626,0,1782884226.5620,9210,320,240,,,,,,0.050,,,,,,,,,,,,,
VISION_NODET,1782884226.5717,0,1782884226.5694,9211,320,240,,,,,,0.050,,,,,,,,,,,,,
VISION_NODET,1782884226.5786,0,1782884226.5733,9212,320,240,,,,,,0.050,,,,,,,,,,,,,
VISION_NODET,1782884226.5827,0,1782884226.5802,9213,320,240,,,,,,0.050,,,,,,,,,,,,,
VISION_NODET,1782884226.5884,0,1782884226.5861,9214,320,240,,,,,,0.050,,,,,,,,,,,,,
VISION_NODET,1782884226.5928,0,1782884226.5915,9215,320,240,,,,,,0.050,,,,,,,,,,,,,
VISION_NODET,1782884226.5956,0,1782884226.5948,9216,320,240,,,,,,0.050,,,,,,,,,,,,,
VISION_NODET,1782884226.5991,0,1782884226.5982,9217,320,240,,,,,,0.050,,,,,,,,,,,,,
VISION_NODET,1782884226.6008,0,1782884226.6002,9218,320,240,,,,,,0.050,,,,,,,,,,,,,
VISION_NODET,1782884226.6024,0,1782884226.6016,9219,320,240,,,,,,0.050,,,,,,,,,,,,,
VISION_NODET,1782884226.6081,0,1782884226.6033,9220,320,240,,,,,,0.050,,,,,,,,,,,,,
VISION_NODET,1782884226.6147,0,1782884226.6053,9221,320,240,,,,,,0.050,,,,,,,,,,,,,
VISION_NODET,1782884226.6174,0,1782884226.6078,9222,320,240,,,,,,0.050,,,,,,,,,,,,,
VISION_NODET,1782884226.6181,0,1782884226.6103,9223,320,240,,,,,,0.050,,,,,,,,,,,,,
VISION_NODET,1782884226.6187,0,1782884226.6125,9224,320,240,,,,,,0.050,,,,,,,,,,,,,
VISION_NODET,1782884226.6194,0,1782884226.6176,9225,320,240,,,,,,0.050,,,,,,,,,,,,,
VISION_NODET,1782884226.6200,0,1782884226.6196,9226,320,240,,,,,,0.050,,,,,,,,,,,,,
VISION_NODET,1782884226.6306,0,1782884226.6288,9227,320,240,,,,,,0.050,,,,,,,,,,,,,
VISION_NODET,1782884226.6396,0,1782884226.6348,9228,320,240,,,,,,0.050,,,,,,,,,,,,,
VISION_NODET,1782884226.6462,0,1782884226.6406,9229,320,240,,,,,,0.050,,,,,,,,,,,,,
VISION_NODET,1782884226.6493,0,1782884226.6483,9230,320,240,,,,,,0.050,,,,,,,,,,,,,
VISION_NODET,1782884226.6519,0,1782884226.6509,9231,320,240,,,,,,0.050,,,,,,,,,,,,,
VISION_NODET,1782884226.6541,0,1782884226.6529,9232,320,240,,,,,,0.050,,,,,,,,,,,,,
VISION_NODET,1782884226.6571,0,1782884226.6555,9233,320,240,,,,,,0.050,,,,,,,,,,,,,
VISION_NODET,1782884226.6586,0,1782884226.6574,9234,320,240,,,,,,0.050,,,,,,,,,,,,,
VISION_NODET,1782884226.6602,0,1782884226.6595,9235,320,240,,,,,,0.050,,,,,,,,,,,,,
VISION_NODET,1782884226.6619,0,1782884226.6610,9236,320,240,,,,,,0.050,,,,,,,,,,,,,
VISION_NODET,1782884226.6629,0,1782884226.6625,9237,320,240,,,,,,0.050,,,,,,,,,,,,,
VISION_NODET,1782884226.6665,0,1782884226.6656,9238,320,240,,,,,,0.050,,,,,,,,,,,,,
VISION_NODET,1782884226.6689,0,1782884226.6681,9239,320,240,,,,,,0.050,,,,,,,,,,,,,
VISION_NODET,1782884226.6705,0,1782884226.6701,9240,320,240,,,,,,0.050,,,,,,,,,,,,,
VISION_NODET,1782884226.6754,0,1782884226.6745,9241,320,240,,,,,,0.050,,,,,,,,,,,,,
VISION_NODET,1782884226.6872,0,1782884226.6815,9242,320,240,,,,,,0.050,,,,,,,,,,,,,
VISION_NODET,1782884226.7008,0,1782884226.6857,9243,320,240,,,,,,0.050,,,,,,,,,,,,,
VISION_NODET,1782884226.7039,0,1782884226.6933,9244,320,240,,,,,,0.050,,,,,,,,,,,,,
VISION_NODET,1782884226.7055,0,1782884226.6998,9245,320,240,,,,,,0.050,,,,,,,,,,,,,
VISION_NODET,1782884226.7069,0,1782884226.7056,9246,320,240,,,,,,0.050,,,,,,,,,,,,,
VISION_NODET,1782884226.7094,0,1782884226.7080,9247,320,240,,,,,,0.050,,,,,,,,,,,,,
VISION_NODET,1782884226.7113,0,1782884226.7104,9248,320,240,,,,,,0.050,,,,,,,,,,,,,
VISION_NODET,1782884226.7143,0,1782884226.7128,9249,320,240,,,,,,0.050,,,,,,,,,,,,,
VISION_NODET,1782884226.7160,0,1782884226.7147,9250,320,240,,,,,,0.050,,,,,,,,,,,,,
VISION_NODET,1782884226.7173,0,1782884226.7168,9251,320,240,,,,,,0.050,,,,,,,,,,,,,
VISION_NODET,1782884226.7196,0,1782884226.7184,9252,320,240,,,,,,0.050,,,,,,,,,,,,,
VISION_NODET,1782884226.7217,0,1782884226.7209,9253,320,240,,,,,,0.050,,,,,,,,,,,,,
VISION_NODET,1782884226.7237,0,1782884226.7230,9254,320,240,,,,,,0.050,,,,,,,,,,,,,
VISION_NODET,1782884226.7284,0,1782884226.7274,9255,320,240,,,,,,0.050,,,,,,,,,,,,,
VISION_NODET,1782884226.7299,0,1782884226.7291,9256,320,240,,,,,,0.050,,,,,,,,,,,,,
VISION_NODET,1782884226.7409,0,1782884226.7389,9257,320,240,,,,,,0.050,,,,,,,,,,,,,
VISION_NODET,1782884226.7543,0,1782884226.7432,9258,320,240,,,,,,0.050,,,,,,,,,,,,,
VISION_NODET,1782884226.7576,0,1782884226.7512,9259,320,240,,,,,,0.050,,,,,,,,,,,,,
VISION_NODET,1782884226.7662,0,1782884226.7587,9260,320,240,,,,,,0.050,,,,,,,,,,,,,
VISION_NODET,1782884226.7669,0,1782884226.7627,9261,320,240,,,,,,0.050,,,,,,,,,,,,,
VISION_NODET,1782884226.7673,0,1782884226.7655,9262,320,240,,,,,,0.050,,,,,,,,,,,,,
VISION_NODET,1782884226.7695,0,1782884226.7679,9263,320,240,,,,,,0.050,,,,,,,,,,,,,
VISION_NODET,1782884226.7749,0,1782884226.7743,9264,320,240,,,,,,0.050,,,,,,,,,,,,,
VISION_NODET,1782884226.7768,0,1782884226.7764,9265,320,240,,,,,,0.050,,,,,,,,,,,,,
VISION_NODET,1782884226.7792,0,1782884226.7783,9266,320,240,,,,,,0.050,,,,,,,,,,,,,
VISION_NODET,1782884226.7819,0,1782884226.7811,9267,320,240,,,,,,0.050,,,,,,,,,,,,,
VISION_NODET,1782884226.7833,0,1782884226.7827,9268,320,240,,,,,,0.050,,,,,,,,,,,,,
VISION_NODET,1782884226.7850,0,1782884226.7842,9269,320,240,,,,,,0.050,,,,,,,,,,,,,
VISION_NODET,1782884226.7917,0,1782884226.7880,9270,320,240,,,,,,0.050,,,,,,,,,,,,,
VISION_NODET,1782884226.7936,0,1782884226.7921,9271,320,240,,,,,,0.050,,,,,,,,,,,,,
VISION_NODET,1782884226.7977,0,1782884226.7962,9272,320,240,,,,,,0.050,,,,,,,,,,,,,
VISION_NODET,1782884226.8048,0,1782884226.8007,9273,320,240,,,,,,0.050,,,,,,,,,,,,,
VISION_NODET,1782884226.8083,0,1782884226.8075,9274,320,240,,,,,,0.050,,,,,,,,,,,,,
VISION_NODET,1782884226.8149,0,1782884226.8125,9275,320,240,,,,,,0.050,,,,,,,,,,,,,
VISION_NODET,1782884226.8266,0,1782884226.8253,9276,320,240,,,,,,0.050,,,,,,,,,,,,,
VISION_NODET,1782884226.8309,0,1782884226.8294,9277,320,240,,,,,,0.050,,,,,,,,,,,,,
VISION_NODET,1782884226.8361,0,1782884226.8337,9278,320,240,,,,,,0.050,,,,,,,,,,,,,
VISION_NODET,1782884226.8389,0,1782884226.8373,9279,320,240,,,,,,0.050,,,,,,,,,,,,,
VISION_NODET,1782884226.8423,0,1782884226.8400,9280,320,240,,,,,,0.050,,,,,,,,,,,,,
VISION_NODET,1782884226.8432,0,1782884226.8423,9281,320,240,,,,,,0.050,,,,,,,,,,,,,
VISION_NODET,1782884226.8497,0,1782884226.8473,9282,320,240,,,,,,0.050,,,,,,,,,,,,,
VISION_NODET,1782884226.8546,0,1782884226.8511,9283,320,240,,,,,,0.050,,,,,,,,,,,,,
VISION_NODET,1782884226.8622,0,1782884226.8555,9284,320,240,,,,,,0.050,,,,,,,,,,,,,
VISION_NODET,1782884226.8689,0,1782884226.8657,9285,320,240,,,,,,0.050,,,,,,,,,,,,,
VISION_NODET,1782884226.8769,0,1782884226.8728,9286,320,240,,,,,,0.050,,,,,,,,,,,,,
VISION_NODET,1782884226.8779,0,1782884226.8768,9287,320,240,,,,,,0.050,,,,,,,,,,,,,
VISION_NODET,1782884226.8795,0,1782884226.8787,9288,320,240,,,,,,0.050,,,,,,,,,,,,,
VISION_NODET,1782884226.8828,0,1782884226.8806,9289,320,240,,,,,,0.050,,,,,,,,,,,,,
VISION_NODET,1782884226.8837,0,1782884226.8826,9290,320,240,,,,,,0.050,,,,,,,,,,,,,
VISION_NODET,1782884226.8849,0,1782884226.8840,9291,320,240,,,,,,0.050,,,,,,,,,,,,,
VISION_NODET,1782884226.8865,0,1782884226.8858,9292,320,240,,,,,,0.050,,,,,,,,,,,,,
VISION_NODET,1782884226.8916,0,1782884226.8875,9293,320,240,,,,,,0.050,,,,,,,,,,,,,
VISION_NODET,1782884226.8928,0,1782884226.8895,9294,320,240,,,,,,0.050,,,,,,,,,,,,,
VISION_NODET,1782884226.8934,0,1782884226.8911,9295,320,240,,,,,,0.050,,,,,,,,,,,,,
VISION_NODET,1782884226.8939,0,1782884226.8925,9296,320,240,,,,,,0.050,,,,,,,,,,,,,
VISION_NODET,1782884226.8944,0,1782884226.8941,9297,320,240,,,,,,0.050,,,,,,,,,,,,,
VISION_NODET,1782884226.8960,0,1782884226.8955,9298,320,240,,,,,,0.050,,,,,,,,,,,,,
VISION_NODET,1782884226.9037,0,1782884226.9009,9299,320,240,,,,,,0.050,,,,,,,,,,,,,
VISION_NODET,1782884226.9096,0,1782884226.9059,9300,320,240,,,,,,0.050,,,,,,,,,,,,,
VISION_NODET,1782884226.9203,0,1782884226.9151,9301,320,240,,,,,,0.050,,,,,,,,,,,,,
VISION_NODET,1782884226.9272,0,1782884226.9239,9302,320,240,,,,,,0.050,,,,,,,,,,,,,
VISION_NODET,1782884226.9282,0,1782884226.9266,9303,320,240,,,,,,0.050,,,,,,,,,,,,,
VISION_NODET,1782884226.9294,0,1782884226.9288,9304,320,240,,,,,,0.050,,,,,,,,,,,,,
VISION_NODET,1782884226.9306,0,1782884226.9302,9305,320,240,,,,,,0.050,,,,,,,,,,,,,
VISION_NODET,1782884226.9345,0,1782884226.9336,9306,320,240,,,,,,0.050,,,,,,,,,,,,,
VISION_NODET,1782884226.9362,0,1782884226.9354,9307,320,240,,,,,,0.050,,,,,,,,,,,,,
VISION_NODET,1782884226.9379,0,1782884226.9372,9308,320,240,,,,,,0.050,,,,,,,,,,,,,
VISION_NODET,1782884226.9401,0,1782884226.9393,9309,320,240,,,,,,0.050,,,,,,,,,,,,,
VISION_NODET,1782884226.9427,0,1782884226.9418,9310,320,240,,,,,,0.050,,,,,,,,,,,,,
VISION_NODET,1782884226.9458,0,1782884226.9441,9311,320,240,,,,,,0.050,,,,,,,,,,,,,
VISION_NODET,1782884226.9464,0,1782884226.9457,9312,320,240,,,,,,0.050,,,,,,,,,,,,,
VISION_NODET,1782884226.9478,0,1782884226.9473,9313,320,240,,,,,,0.050,,,,,,,,,,,,,
VISION_NODET,1782884226.9494,0,1782884226.9488,9314,320,240,,,,,,0.050,,,,,,,,,,,,,
VISION_NODET,1782884226.9599,0,1782884226.9586,9315,320,240,,,,,,0.050,,,,,,,,,,,,,
VISION_NODET,1782884226.9696,0,1782884226.9648,9316,320,240,,,,,,0.050,,,,,,,,,,,,,
VISION_NODET,1782884226.9745,0,1782884226.9701,9317,320,240,,,,,,0.050,,,,,,,,,,,,,
VISION_NODET,1782884226.9801,0,1782884226.9766,9318,320,240,,,,,,0.050,,,,,,,,,,,,,
VISION_NODET,1782884226.9824,0,1782884226.9807,9319,320,240,,,,,,0.050,,,,,,,,,,,,,
VISION_NODET,1782884226.9851,0,1782884226.9829,9320,320,240,,,,,,0.050,,,,,,,,,,,,,
VISION_NODET,1782884226.9860,0,1782884226.9847,9321,320,240,,,,,,0.050,,,,,,,,,,,,,
VISION_NODET,1782884226.9869,0,1782884226.9863,9322,320,240,,,,,,0.050,,,,,,,,,,,,,
VISION_NODET,1782884226.9890,0,1782884226.9881,9323,320,240,,,,,,0.050,,,,,,,,,,,,,
VISION_NODET,1782884226.9918,0,1782884226.9909,9324,320,240,,,,,,0.050,,,,,,,,,,,,,
VISION_NODET,1782884226.9936,0,1782884226.9929,9325,320,240,,,,,,0.050,,,,,,,,,,,,,
VISION_NODET,1782884226.9954,0,1782884226.9947,9326,320,240,,,,,,0.050,,,,,,,,,,,,,
VISION_NODET,1782884226.9970,0,1782884226.9964,9327,320,240,,,,,,0.050,,,,,,,,,,,,,
VISION_NODET,1782884227.0007,0,1782884226.9982,9328,320,240,,,,,,0.050,,,,,,,,,,,,,
VISION_NODET,1782884227.0015,0,1782884226.9997,9329,320,240,,,,,,0.050,,,,,,,,,,,,,
VISION_NODET,1782884227.0030,0,1782884227.0024,9330,320,240,,,,,,0.050,,,,,,,,,,,,,
VISION_NODET,1782884227.0057,0,1782884227.0042,9331,320,240,,,,,,0.050,,,,,,,,,,,,,
VISION_NODET,1782884227.0095,0,1782884227.0078,9332,320,240,,,,,,0.050,,,,,,,,,,,,,
VISION_NODET,1782884227.0158,0,1782884227.0130,9333,320,240,,,,,,0.050,,,,,,,,,,,,,
VISION_NODET,1782884227.0243,0,1782884227.0191,9334,320,240,,,,,,0.050,,,,,,,,,,,,,
VISION_NODET,1782884227.0316,0,1782884227.0259,9335,320,240,,,,,,0.050,,,,,,,,,,,,,
VISION_NODET,1782884227.0353,0,1782884227.0331,9336,320,240,,,,,,0.050,,,,,,,,,,,,,
VISION_NODET,1782884227.0377,0,1782884227.0371,9337,320,240,,,,,,0.050,,,,,,,,,,,,,
VISION_NODET,1782884227.0436,0,1782884227.0393,9338,320,240,,,,,,0.050,,,,,,,,,,,,,
VISION_NODET,1782884227.0445,0,1782884227.0420,9339,320,240,,,,,,0.050,,,,,,,,,,,,,
VISION_NODET,1782884227.0460,0,1782884227.0438,9340,320,240,,,,,,0.050,,,,,,,,,,,,,
VISION_NODET,1782884227.0466,0,1782884227.0457,9341,320,240,,,,,,0.050,,,,,,,,,,,,,
VISION_NODET,1782884227.0512,0,1782884227.0477,9342,320,240,,,,,,0.050,,,,,,,,,,,,,
VISION_NODET,1782884227.0521,0,1782884227.0498,9343,320,240,,,,,,0.050,,,,,,,,,,,,,
VISION_NODET,1782884227.0527,0,1782884227.0521,9344,320,240,,,,,,0.050,,,,,,,,,,,,,
VISION_NODET,1782884227.0584,0,1782884227.0563,9345,320,240,,,,,,0.050,,,,,,,,,,,,,
VISION_NODET,1782884227.0613,0,1782884227.0590,9346,320,240,,,,,,0.050,,,,,,,,,,,,,
VISION_NODET,1782884227.0785,0,1782884227.0699,9347,320,240,,,,,,0.050,,,,,,,,,,,,,
VISION_NODET,1782884227.0819,0,1782884227.0807,9348,320,240,,,,,,0.050,,,,,,,,,,,,,
VISION_NODET,1782884227.0938,0,1782884227.0927,9349,320,240,,,,,,0.050,,,,,,,,,,,,,
VISION_NODET,1782884227.0979,0,1782884227.0971,9350,320,240,,,,,,0.050,,,,,,,,,,,,,
VISION_NODET,1782884227.0998,0,1782884227.0992,9351,320,240,,,,,,0.050,,,,,,,,,,,,,
VISION_NODET,1782884227.1038,0,1782884227.1028,9352,320,240,,,,,,0.050,,,,,,,,,,,,,
VISION_NODET,1782884227.1076,0,1782884227.1061,9353,320,240,,,,,,0.050,,,,,,,,,,,,,
VISION_NODET,1782884227.1092,0,1782884227.1085,9354,320,240,,,,,,0.050,,,,,,,,,,,,,
VISION_NODET,1782884227.1110,0,1782884227.1103,9355,320,240,,,,,,0.050,,,,,,,,,,,,,
VISION_NODET,1782884227.1127,0,1782884227.1119,9356,320,240,,,,,,0.050,,,,,,,,,,,,,
VISION_NODET,1782884227.1168,0,1782884227.1140,9357,320,240,,,,,,0.050,,,,,,,,,,,,,
VISION_NODET,1782884227.1180,0,1782884227.1161,9358,320,240,,,,,,0.050,,,,,,,,,,,,,
VISION_NODET,1782884227.1195,0,1782884227.1182,9359,320,240,,,,,,0.050,,,,,,,,,,,,,
VISION_NODET,1782884227.1231,0,1782884227.1207,9360,320,240,,,,,,0.050,,,,,,,,,,,,,
VISION_NODET,1782884227.1268,0,1782884227.1238,9361,320,240,,,,,,0.050,,,,,,,,,,,,,
VISION_NODET,1782884227.1286,0,1782884227.1277,9362,320,240,,,,,,0.050,,,,,,,,,,,,,
VISION_NODET,1782884227.1423,0,1782884227.1383,9363,320,240,,,,,,0.050,,,,,,,,,,,,,
VISION_NODET,1782884227.1487,0,1782884227.1463,9364,320,240,,,,,,0.050,,,,,,,,,,,,,
VISION_NODET,1782884227.1496,0,1782884227.1485,9365,320,240,,,,,,0.050,,,,,,,,,,,,,
VISION_NODET,1782884227.1513,0,1782884227.1504,9366,320,240,,,,,,0.050,,,,,,,,,,,,,
VISION_NODET,1782884227.1530,0,1782884227.1524,9367,320,240,,,,,,0.050,,,,,,,,,,,,,
VISION_NODET,1782884227.1551,0,1782884227.1541,9368,320,240,,,,,,0.050,,,,,,,,,,,,,
VISION_NODET,1782884227.1574,0,1782884227.1563,9369,320,240,,,,,,0.050,,,,,,,,,,,,,
VISION_NODET,1782884227.1595,0,1782884227.1587,9370,320,240,,,,,,0.050,,,,,,,,,,,,,
VISION_NODET,1782884227.1618,0,1782884227.1612,9371,320,240,,,,,,0.050,,,,,,,,,,,,,
VISION_NODET,1782884227.1660,0,1782884227.1629,9372,320,240,,,,,,0.050,,,,,,,,,,,,,
VISION_NODET,1782884227.1686,0,1782884227.1646,9373,320,240,,,,,,0.050,,,,,,,,,,,,,
VISION_NODET,1782884227.1720,0,1782884227.1679,9374,320,240,,,,,,0.050,,,,,,,,,,,,,
VISION_NODET,1782884227.1782,0,1782884227.1754,9375,320,240,,,,,,0.050,,,,,,,,,,,,,
VISION_NODET,1782884227.2033,0,1782884227.2008,9376,320,240,,,,,,0.050,,,,,,,,,,,,,
VISION_NODET,1782884227.2040,0,1782884227.2035,9377,320,240,,,,,,0.050,,,,,,,,,,,,,
VISION_NODET,1782884227.2061,0,1782884227.2052,9378,320,240,,,,,,0.050,,,,,,,,,,,,,
VISION_NODET,1782884227.2082,0,1782884227.2075,9379,320,240,,,,,,0.050,,,,,,,,,,,,,
VISION_NODET,1782884227.2102,0,1782884227.2094,9380,320,240,,,,,,0.050,,,,,,,,,,,,,
VISION_NODET,1782884227.2138,0,1782884227.2128,9381,320,240,,,,,,0.050,,,,,,,,,,,,,
VISION_NODET,1782884227.2153,0,1782884227.2147,9382,320,240,,,,,,0.050,,,,,,,,,,,,,
VISION_NODET,1782884227.2187,0,1782884227.2177,9383,320,240,,,,,,0.050,,,,,,,,,,,,,
VISION_NODET,1782884227.2203,0,1782884227.2197,9384,320,240,,,,,,0.050,,,,,,,,,,,,,
VISION_NODET,1782884227.2219,0,1782884227.2213,9385,320,240,,,,,,0.050,,,,,,,,,,,,,
VISION_NODET,1782884227.2239,0,1782884227.2231,9386,320,240,,,,,,0.050,,,,,,,,,,,,,
VISION_NODET,1782884227.2295,0,1782884227.2277,9387,320,240,,,,,,0.050,,,,,,,,,,,,,
VISION_NODET,1782884227.2324,0,1782884227.2313,9388,320,240,,,,,,0.050,,,,,,,,,,,,,
VISION_NODET,1782884227.2359,0,1782884227.2350,9389,320,240,,,,,,0.050,,,,,,,,,,,,,
VISION_NODET,1782884227.2428,0,1782884227.2378,9390,320,240,,,,,,0.050,,,,,,,,,,,,,
VISION_NODET,1782884227.2476,0,1782884227.2456,9391,320,240,,,,,,0.050,,,,,,,,,,,,,
VISION_NODET,1782884227.2530,0,1782884227.2507,9392,320,240,,,,,,0.050,,,,,,,,,,,,,
VISION_NODET,1782884227.2569,0,1782884227.2563,9393,320,240,,,,,,0.050,,,,,,,,,,,,,
VISION_NODET,1782884227.2593,0,1782884227.2585,9394,320,240,,,,,,0.050,,,,,,,,,,,,,
VISION_NODET,1782884227.2616,0,1782884227.2608,9395,320,240,,,,,,0.050,,,,,,,,,,,,,
VISION_NODET,1782884227.2639,0,1782884227.2629,9396,320,240,,,,,,0.050,,,,,,,,,,,,,
VISION_NODET,1782884227.2656,0,1782884227.2649,9397,320,240,,,,,,0.050,,,,,,,,,,,,,
VISION_NODET,1782884227.2679,0,1782884227.2669,9398,320,240,,,,,,0.050,,,,,,,,,,,,,
VISION_NODET,1782884227.2710,0,1782884227.2698,9399,320,240,,,,,,0.050,,,,,,,,,,,,,
VISION_NODET,1782884227.2724,0,1782884227.2719,9400,320,240,,,,,,0.050,,,,,,,,,,,,,
VISION_NODET,1782884227.2779,0,1782884227.2742,9401,320,240,,,,,,0.050,,,,,,,,,,,,,
VISION_NODET,1782884227.2790,0,1782884227.2758,9402,320,240,,,,,,0.050,,,,,,,,,,,,,
VISION_NODET,1782884227.2817,0,1782884227.2806,9403,320,240,,,,,,0.050,,,,,,,,,,,,,
VISION_NODET,1782884227.2928,0,1782884227.2886,9404,320,240,,,,,,0.050,,,,,,,,,,,,,
VISION_NODET,1782884227.3003,0,1782884227.2950,9405,320,240,,,,,,0.050,,,,,,,,,,,,,
VISION_NODET,1782884227.3041,0,1782884227.3003,9406,320,240,,,,,,0.050,,,,,,,,,,,,,
VISION_NODET,1782884227.3083,0,1782884227.3055,9407,320,240,,,,,,0.050,,,,,,,,,,,,,
VISION_NODET,1782884227.3106,0,1782884227.3081,9408,320,240,,,,,,0.050,,,,,,,,,,,,,
VISION_NODET,1782884227.3115,0,1782884227.3103,9409,320,240,,,,,,0.050,,,,,,,,,,,,,
VISION_NODET,1782884227.3140,0,1782884227.3122,9410,320,240,,,,,,0.050,,,,,,,,,,,,,
VISION_NODET,1782884227.3158,0,1782884227.3149,9411,320,240,,,,,,0.050,,,,,,,,,,,,,
VISION_NODET,1782884227.3172,0,1782884227.3166,9412,320,240,,,,,,0.050,,,,,,,,,,,,,
VISION_NODET,1782884227.3188,0,1782884227.3181,9413,320,240,,,,,,0.050,,,,,,,,,,,,,
VISION_NODET,1782884227.3200,0,1782884227.3194,9414,320,240,,,,,,0.050,,,,,,,,,,,,,
VISION_NODET,1782884227.3223,0,1782884227.3209,9415,320,240,,,,,,0.050,,,,,,,,,,,,,
VISION_NODET,1782884227.3230,0,1782884227.3223,9416,320,240,,,,,,0.050,,,,,,,,,,,,,
VISION_NODET,1782884227.3243,0,1782884227.3237,9417,320,240,,,,,,0.050,,,,,,,,,,,,,
VISION_NODET,1782884227.3258,0,1782884227.3253,9418,320,240,,,,,,0.050,,,,,,,,,,,,,
VISION_NODET,1782884227.3271,0,1782884227.3267,9419,320,240,,,,,,0.050,,,,,,,,,,,,,
VISION_NODET,1782884227.3296,0,1782884227.3279,9420,320,240,,,,,,0.050,,,,,,,,,,,,,
VISION_NODET,1782884227.3302,0,1782884227.3292,9421,320,240,,,,,,0.050,,,,,,,,,,,,,
VISION_NODET,1782884227.3307,0,1782884227.3304,9422,320,240,,,,,,0.050,,,,,,,,,,,,,
VISION_NODET,1782884227.3334,0,1782884227.3323,9423,320,240,,,,,,0.050,,,,,,,,,,,,,
VISION_NODET,1782884227.3353,0,1782884227.3343,9424,320,240,,,,,,0.050,,,,,,,,,,,,,
VISION_NODET,1782884227.3377,0,1782884227.3366,9425,320,240,,,,,,0.050,,,,,,,,,,,,,
VISION_NODET,1782884227.3688,0,1782884227.3677,9426,320,240,,,,,,0.050,,,,,,,,,,,,,
VISION_NODET,1782884227.3716,0,1782884227.3702,9427,320,240,,,,,,0.050,,,,,,,,,,,,,
VISION_NODET,1782884227.3746,0,1782884227.3738,9428,320,240,,,,,,0.050,,,,,,,,,,,,,
VISION_NODET,1782884227.3789,0,1782884227.3781,9429,320,240,,,,,,0.050,,,,,,,,,,,,,
VISION_NODET,1782884227.3809,0,1782884227.3803,9430,320,240,,,,,,0.050,,,,,,,,,,,,,
VISION_NODET,1782884227.3842,0,1782884227.3831,9431,320,240,,,,,,0.050,,,,,,,,,,,,,
VISION_NODET,1782884227.3921,0,1782884227.3891,9432,320,240,,,,,,0.050,,,,,,,,,,,,,
VISION_NODET,1782884227.3978,0,1782884227.3968,9433,320,240,,,,,,0.050,,,,,,,,,,,,,
VISION_NODET,1782884227.4048,0,1782884227.3994,9434,320,240,,,,,,0.050,,,,,,,,,,,,,
VISION_NODET,1782884227.4092,0,1782884227.4076,9435,320,240,,,,,,0.050,,,,,,,,,,,,,
VISION_NODET,1782884227.4180,0,1782884227.4140,9436,320,240,,,,,,0.050,,,,,,,,,,,,,
VISION_NODET,1782884227.4195,0,1782884227.4186,9437,320,240,,,,,,0.050,,,,,,,,,,,,,
VISION_NODET,1782884227.4211,0,1782884227.4204,9438,320,240,,,,,,0.050,,,,,,,,,,,,,
VISION_NODET,1782884227.4232,0,1782884227.4223,9439,320,240,,,,,,0.050,,,,,,,,,,,,,
VISION_NODET,1782884227.4264,0,1782884227.4255,9440,320,240,,,,,,0.050,,,,,,,,,,,,,
VISION_NODET,1782884227.4297,0,1782884227.4279,9441,320,240,,,,,,0.050,,,,,,,,,,,,,
VISION_NODET,1782884227.4306,0,1782884227.4300,9442,320,240,,,,,,0.050,,,,,,,,,,,,,
VISION_NODET,1782884227.4339,0,1782884227.4327,9443,320,240,,,,,,0.050,,,,,,,,,,,,,
VISION_NODET,1782884227.4362,0,1782884227.4353,9444,320,240,,,,,,0.050,,,,,,,,,,,,,
VISION_NODET,1782884227.4414,0,1782884227.4382,9445,320,240,,,,,,0.050,,,,,,,,,,,,,
VISION_NODET,1782884227.4552,0,1782884227.4412,9446,320,240,,,,,,0.050,,,,,,,,,,,,,
VISION_NODET,1782884227.4625,0,1782884227.4472,9447,320,240,,,,,,0.050,,,,,,,,,,,,,
VISION_NODET,1782884227.4663,0,1782884227.4508,9448,320,240,,,,,,0.050,,,,,,,,,,,,,
VISION_NODET,1782884227.4687,0,1782884227.4587,9449,320,240,,,,,,0.050,,,,,,,,,,,,,
VISION_NODET,1782884227.4704,0,1782884227.4649,9450,320,240,,,,,,0.050,,,,,,,,,,,,,
VISION_NODET,1782884227.4729,0,1782884227.4705,9451,320,240,,,,,,0.050,,,,,,,,,,,,,
VISION_NODET,1782884227.4734,0,1782884227.4725,9452,320,240,,,,,,0.050,,,,,,,,,,,,,
VISION_NODET,1782884227.4761,0,1782884227.4754,9453,320,240,,,,,,0.050,,,,,,,,,,,,,
VISION_NODET,1782884227.4801,0,1782884227.4792,9454,320,240,,,,,,0.050,,,,,,,,,,,,,
VISION_NODET,1782884227.4812,0,1782884227.4808,9455,320,240,,,,,,0.050,,,,,,,,,,,,,
VISION_NODET,1782884227.4826,0,1782884227.4821,9456,320,240,,,,,,0.050,,,,,,,,,,,,,
VISION_NODET,1782884227.4842,0,1782884227.4837,9457,320,240,,,,,,0.050,,,,,,,,,,,,,
VISION_NODET,1782884227.4858,0,1782884227.4852,9458,320,240,,,,,,0.050,,,,,,,,,,,,,
VISION_NODET,1782884227.4873,0,1782884227.4868,9459,320,240,,,,,,0.050,,,,,,,,,,,,,
VISION_NODET,1782884227.4907,0,1782884227.4893,9460,320,240,,,,,,0.050,,,,,,,,,,,,,
VISION_NODET,1782884227.4923,0,1782884227.4912,9461,320,240,,,,,,0.050,,,,,,,,,,,,,
VISION_NODET,1782884227.4932,0,1782884227.4928,9462,320,240,,,,,,0.050,,,,,,,,,,,,,
VISION_NODET,1782884227.5024,0,1782884227.4998,9463,320,240,,,,,,0.050,,,,,,,,,,,,,
VISION_NODET,1782884227.5092,0,1782884227.5030,9464,320,240,,,,,,0.050,,,,,,,,,,,,,
VISION_NODET,1782884227.5129,0,1782884227.5097,9465,320,240,,,,,,0.050,,,,,,,,,,,,,
VISION_NODET,1782884227.5266,0,1782884227.5152,9466,320,240,,,,,,0.050,,,,,,,,,,,,,
VISION_NODET,1782884227.5275,0,1782884227.5212,9467,320,240,,,,,,0.050,,,,,,,,,,,,,
VISION_NODET,1782884227.5279,0,1782884227.5241,9468,320,240,,,,,,0.050,,,,,,,,,,,,,
VISION_NODET,1782884227.5304,0,1782884227.5281,9469,320,240,,,,,,0.050,,,,,,,,,,,,,
VISION_NODET,1782884227.5314,0,1782884227.5301,9470,320,240,,,,,,0.050,,,,,,,,,,,,,
VISION_NODET,1782884227.5347,0,1782884227.5325,9471,320,240,,,,,,0.050,,,,,,,,,,,,,
VISION_NODET,1782884227.5357,0,1782884227.5342,9472,320,240,,,,,,0.050,,,,,,,,,,,,,
VISION_NODET,1782884227.5362,0,1782884227.5357,9473,320,240,,,,,,0.050,,,,,,,,,,,,,
VISION_NODET,1782884227.5375,0,1782884227.5371,9474,320,240,,,,,,0.050,,,,,,,,,,,,,
VISION_NODET,1782884227.5394,0,1782884227.5385,9475,320,240,,,,,,0.050,,,,,,,,,,,,,
VISION_NODET,1782884227.5442,0,1782884227.5431,9476,320,240,,,,,,0.050,,,,,,,,,,,,,
VISION_NODET,1782884227.5463,0,1782884227.5450,9477,320,240,,,,,,0.050,,,,,,,,,,,,,
VISION_NODET,1782884227.5474,0,1782884227.5466,9478,320,240,,,,,,0.050,,,,,,,,,,,,,
VISION_NODET,1782884227.5526,0,1782884227.5512,9479,320,240,,,,,,0.050,,,,,,,,,,,,,
VISION_NODET,1782884227.5587,0,1782884227.5537,9480,320,240,,,,,,0.050,,,,,,,,,,,,,
VISION_NODET,1782884227.5596,0,1782884227.5569,9481,320,240,,,,,,0.050,,,,,,,,,,,,,
VISION_NODET,1782884227.5600,0,1782884227.5591,9482,320,240,,,,,,0.050,,,,,,,,,,,,,
VISION_NODET,1782884227.5650,0,1782884227.5636,9483,320,240,,,,,,0.050,,,,,,,,,,,,,
VISION_NODET,1782884227.5667,0,1782884227.5660,9484,320,240,,,,,,0.050,,,,,,,,,,,,,
VISION_NODET,1782884227.5779,0,1782884227.5688,9485,320,240,,,,,,0.050,,,,,,,,,,,,,
VISION_NODET,1782884227.5850,0,1782884227.5802,9486,320,240,,,,,,0.050,,,,,,,,,,,,,
VISION_NODET,1782884227.5861,0,1782884227.5853,9487,320,240,,,,,,0.050,,,,,,,,,,,,,
VISION_NODET,1782884227.5907,0,1782884227.5898,9488,320,240,,,,,,0.050,,,,,,,,,,,,,
VISION_NODET,1782884227.5930,0,1782884227.5914,9489,320,240,,,,,,0.050,,,,,,,,,,,,,
VISION_NODET,1782884227.5939,0,1782884227.5933,9490,320,240,,,,,,0.050,,,,,,,,,,,,,
VISION_NODET,1782884227.5964,0,1782884227.5956,9491,320,240,,,,,,0.050,,,,,,,,,,,,,
VISION_NODET,1782884227.5977,0,1782884227.5971,9492,320,240,,,,,,0.050,,,,,,,,,,,,,
VISION_NODET,1782884227.5989,0,1782884227.5985,9493,320,240,,,,,,0.050,,,,,,,,,,,,,
VISION_NODET,1782884227.6010,0,1782884227.6001,9494,320,240,,,,,,0.050,,,,,,,,,,,,,
VISION_NODET,1782884227.6112,0,1782884227.6081,9495,320,240,,,,,,0.050,,,,,,,,,,,,,
VISION_NODET,1782884227.6202,0,1782884227.6173,9496,320,240,,,,,,0.050,,,,,,,,,,,,,
VISION_NODET,1782884227.6285,0,1782884227.6228,9497,320,240,,,,,,0.050,,,,,,,,,,,,,
VISION_NODET,1782884227.6307,0,1782884227.6286,9498,320,240,,,,,,0.050,,,,,,,,,,,,,
VISION_NODET,1782884227.6319,0,1782884227.6312,9499,320,240,,,,,,0.050,,,,,,,,,,,,,
VISION_NODET,1782884227.6348,0,1782884227.6333,9500,320,240,,,,,,0.050,,,,,,,,,,,,,
VISION_NODET,1782884227.6389,0,1782884227.6376,9501,320,240,,,,,,0.050,,,,,,,,,,,,,
VISION_NODET,1782884227.6418,0,1782884227.6399,9502,320,240,,,,,,0.050,,,,,,,,,,,,,
VISION_NODET,1782884227.6427,0,1782884227.6419,9503,320,240,,,,,,0.050,,,,,,,,,,,,,
VISION_NODET,1782884227.6442,0,1782884227.6434,9504,320,240,,,,,,0.050,,,,,,,,,,,,,
VISION_NODET,1782884227.6458,0,1782884227.6450,9505,320,240,,,,,,0.050,,,,,,,,,,,,,
VISION_NODET,1782884227.6492,0,1782884227.6481,9506,320,240,,,,,,0.050,,,,,,,,,,,,,
VISION_NODET,1782884227.6505,0,1782884227.6501,9507,320,240,,,,,,0.050,,,,,,,,,,,,,
VISION_NODET,1782884227.6523,0,1782884227.6515,9508,320,240,,,,,,0.050,,,,,,,,,,,,,
VISION_NODET,1782884227.6544,0,1782884227.6536,9509,320,240,,,,,,0.050,,,,,,,,,,,,,
VISION_NODET,1782884227.6563,0,1782884227.6557,9510,320,240,,,,,,0.050,,,,,,,,,,,,,
VISION_NODET,1782884227.6661,0,1782884227.6583,9511,320,240,,,,,,0.050,,,,,,,,,,,,,
VISION_NODET,1782884227.6729,0,1782884227.6645,9512,320,240,,,,,,0.050,,,,,,,,,,,,,
VISION_NODET,1782884227.6767,0,1782884227.6698,9513,320,240,,,,,,0.050,,,,,,,,,,,,,
VISION_NODET,1782884227.6849,0,1782884227.6766,9514,320,240,,,,,,0.050,,,,,,,,,,,,,
VISION_NODET,1782884227.6867,0,1782884227.6834,9515,320,240,,,,,,0.050,,,,,,,,,,,,,
VISION_NODET,1782884227.6877,0,1782884227.6870,9516,320,240,,,,,,0.050,,,,,,,,,,,,,
VISION_NODET,1782884227.6902,0,1782884227.6893,9517,320,240,,,,,,0.050,,,,,,,,,,,,,
VISION_NODET,1782884227.6923,0,1782884227.6914,9518,320,240,,,,,,0.050,,,,,,,,,,,,,
VISION_NODET,1782884227.6947,0,1782884227.6941,9519,320,240,,,,,,0.050,,,,,,,,,,,,,
VISION_NODET,1782884227.6984,0,1782884227.6973,9520,320,240,,,,,,0.050,,,,,,,,,,,,,
VISION_NODET,1782884227.7000,0,1782884227.6994,9521,320,240,,,,,,0.050,,,,,,,,,,,,,
VISION_NODET,1782884227.7034,0,1782884227.7021,9522,320,240,,,,,,0.050,,,,,,,,,,,,,
VISION_NODET,1782884227.7071,0,1782884227.7045,9523,320,240,,,,,,0.050,,,,,,,,,,,,,
VISION_NODET,1782884227.7090,0,1782884227.7067,9524,320,240,,,,,,0.050,,,,,,,,,,,,,
VISION_NODET,1782884227.7096,0,1782884227.7087,9525,320,240,,,,,,0.050,,,,,,,,,,,,,
VISION_NODET,1782884227.7182,0,1782884227.7173,9526,320,240,,,,,,0.050,,,,,,,,,,,,,
VISION_NODET,1782884227.7243,0,1782884227.7222,9527,320,240,,,,,,0.050,,,,,,,,,,,,,
VISION_NODET,1782884227.7290,0,1782884227.7267,9528,320,240,,,,,,0.050,,,,,,,,,,,,,
VISION_NODET,1782884227.7356,0,1782884227.7310,9529,320,240,,,,,,0.050,,,,,,,,,,,,,
VISION_NODET,1782884227.7405,0,1782884227.7379,9530,320,240,,,,,,0.050,,,,,,,,,,,,,
VISION_NODET,1782884227.7468,0,1782884227.7435,9531,320,240,,,,,,0.050,,,,,,,,,,,,,
VISION_NODET,1782884227.7512,0,1782884227.7504,9532,320,240,,,,,,0.050,,,,,,,,,,,,,
VISION_NODET,1782884227.7530,0,1782884227.7523,9533,320,240,,,,,,0.050,,,,,,,,,,,,,
VISION_NODET,1782884227.7546,0,1782884227.7541,9534,320,240,,,,,,0.050,,,,,,,,,,,,,
VISION_NODET,1782884227.7573,0,1782884227.7557,9535,320,240,,,,,,0.050,,,,,,,,,,,,,
VISION_NODET,1782884227.7585,0,1782884227.7576,9536,320,240,,,,,,0.050,,,,,,,,,,,,,
VISION_NODET,1782884227.7599,0,1782884227.7594,9537,320,240,,,,,,0.050,,,,,,,,,,,,,
VISION_NODET,1782884227.7615,0,1782884227.7609,9538,320,240,,,,,,0.050,,,,,,,,,,,,,
VISION_NODET,1782884227.7641,0,1782884227.7629,9539,320,240,,,,,,0.050,,,,,,,,,,,,,
VISION_NODET,1782884227.7649,0,1782884227.7644,9540,320,240,,,,,,0.050,,,,,,,,,,,,,
VISION_NODET,1782884227.7664,0,1782884227.7660,9541,320,240,,,,,,0.050,,,,,,,,,,,,,
VISION_NODET,1782884227.7680,0,1782884227.7674,9542,320,240,,,,,,0.050,,,,,,,,,,,,,
VISION_NODET,1782884227.7701,0,1782884227.7693,9543,320,240,,,,,,0.050,,,,,,,,,,,,,
VISION_NODET,1782884227.7721,0,1782884227.7715,9544,320,240,,,,,,0.050,,,,,,,,,,,,,
VISION_NODET,1782884227.7813,0,1782884227.7803,9545,320,240,,,,,,0.050,,,,,,,,,,,,,
VISION_NODET,1782884227.7903,0,1782884227.7869,9546,320,240,,,,,,0.050,,,,,,,,,,,,,
VISION_NODET,1782884227.7994,0,1782884227.7958,9547,320,240,,,,,,0.050,,,,,,,,,,,,,
VISION_NODET,1782884227.8027,0,1782884227.8021,9548,320,240,,,,,,0.050,,,,,,,,,,,,,
VISION_NODET,1782884227.8050,0,1782884227.8039,9549,320,240,,,,,,0.050,,,,,,,,,,,,,
VISION_NODET,1782884227.8069,0,1782884227.8062,9550,320,240,,,,,,0.050,,,,,,,,,,,,,
VISION_NODET,1782884227.8098,0,1782884227.8087,9551,320,240,,,,,,0.050,,,,,,,,,,,,,
VISION_NODET,1782884227.8115,0,1782884227.8106,9552,320,240,,,,,,0.050,,,,,,,,,,,,,
VISION_NODET,1782884227.8182,0,1782884227.8122,9553,320,240,,,,,,0.050,,,,,,,,,,,,,
VISION_NODET,1782884227.8188,0,1782884227.8138,9554,320,240,,,,,,0.050,,,,,,,,,,,,,
VISION_NODET,1782884227.8193,0,1782884227.8156,9555,320,240,,,,,,0.050,,,,,,,,,,,,,
VISION_NODET,1782884227.8196,0,1782884227.8171,9556,320,240,,,,,,0.050,,,,,,,,,,,,,
VISION_NODET,1782884227.8200,0,1782884227.8186,9557,320,240,,,,,,0.050,,,,,,,,,,,,,
VISION_NODET,1782884227.8208,0,1782884227.8203,9558,320,240,,,,,,0.050,,,,,,,,,,,,,
VISION_NODET,1782884227.8223,0,1782884227.8217,9559,320,240,,,,,,0.050,,,,,,,,,,,,,
VISION_NODET,1782884227.8234,0,1782884227.8230,9560,320,240,,,,,,0.050,,,,,,,,,,,,,
VISION_NODET,1782884227.8250,0,1782884227.8242,9561,320,240,,,,,,0.050,,,,,,,,,,,,,
VISION_NODET,1782884227.8276,0,1782884227.8267,9562,320,240,,,,,,0.050,,,,,,,,,,,,,
VISION_NODET,1782884227.8319,0,1782884227.8302,9563,320,240,,,,,,0.050,,,,,,,,,,,,,
VISION_NODET,1782884227.8405,0,1782884227.8347,9564,320,240,,,,,,0.050,,,,,,,,,,,,,
VISION_NODET,1782884227.8445,0,1782884227.8398,9565,320,240,,,,,,0.050,,,,,,,,,,,,,
VISION_NODET,1782884227.8474,0,1782884227.8457,9566,320,240,,,,,,0.050,,,,,,,,,,,,,
VISION_NODET,1782884227.8568,0,1782884227.8528,9567,320,240,,,,,,0.050,,,,,,,,,,,,,
VISION_NODET,1782884227.8623,0,1782884227.8591,9568,320,240,,,,,,0.050,,,,,,,,,,,,,
VISION_NODET,1782884227.8631,0,1782884227.8619,9569,320,240,,,,,,0.050,,,,,,,,,,,,,
VISION_NODET,1782884227.8651,0,1782884227.8642,9570,320,240,,,,,,0.050,,,,,,,,,,,,,
VISION_NODET,1782884227.8679,0,1782884227.8665,9571,320,240,,,,,,0.050,,,,,,,,,,,,,
VISION_NODET,1782884227.8696,0,1782884227.8690,9572,320,240,,,,,,0.050,,,,,,,,,,,,,
VISION_NODET,1782884227.8723,0,1782884227.8716,9573,320,240,,,,,,0.050,,,,,,,,,,,,,
VISION_NODET,1782884227.8756,0,1782884227.8746,9574,320,240,,,,,,0.050,,,,,,,,,,,,,
VISION_NODET,1782884227.8774,0,1782884227.8765,9575,320,240,,,,,,0.050,,,,,,,,,,,,,
VISION_NODET,1782884227.8847,0,1782884227.8823,9576,320,240,,,,,,0.050,,,,,,,,,,,,,
VISION_NODET,1782884227.8915,0,1782884227.8900,9577,320,240,,,,,,0.050,,,,,,,,,,,,,
VISION_NODET,1782884227.9006,0,1782884227.8970,9578,320,240,,,,,,0.050,,,,,,,,,,,,,
VISION_NODET,1782884227.9089,0,1782884227.9054,9579,320,240,,,,,,0.050,,,,,,,,,,,,,
VISION_NODET,1782884227.9127,0,1782884227.9120,9580,320,240,,,,,,0.050,,,,,,,,,,,,,
VISION_NODET,1782884227.9179,0,1782884227.9160,9581,320,240,,,,,,0.050,,,,,,,,,,,,,
VISION_NODET,1782884227.9215,0,1782884227.9202,9582,320,240,,,,,,0.050,,,,,,,,,,,,,
VISION_NODET,1782884227.9229,0,1782884227.9224,9583,320,240,,,,,,0.050,,,,,,,,,,,,,
VISION_NODET,1782884227.9250,0,1782884227.9243,9584,320,240,,,,,,0.050,,,,,,,,,,,,,
VISION_NODET,1782884227.9268,0,1782884227.9261,9585,320,240,,,,,,0.050,,,,,,,,,,,,,
VISION_NODET,1782884227.9288,0,1782884227.9280,9586,320,240,,,,,,0.050,,,,,,,,,,,,,
VISION_NODET,1782884227.9303,0,1782884227.9295,9587,320,240,,,,,,0.050,,,,,,,,,,,,,
VISION_NODET,1782884227.9318,0,1782884227.9313,9588,320,240,,,,,,0.050,,,,,,,,,,,,,
VISION_NODET,1782884227.9332,0,1782884227.9327,9589,320,240,,,,,,0.050,,,,,,,,,,,,,
VISION_NODET,1782884227.9363,0,1782884227.9340,9590,320,240,,,,,,0.050,,,,,,,,,,,,,
VISION_NODET,1782884227.9371,0,1782884227.9355,9591,320,240,,,,,,0.050,,,,,,,,,,,,,
VISION_NODET,1782884227.9470,0,1782884227.9441,9592,320,240,,,,,,0.050,,,,,,,,,,,,,
VISION_NODET,1782884227.9541,0,1782884227.9477,9593,320,240,,,,,,0.050,,,,,,,,,,,,,
VISION_NODET,1782884227.9649,0,1782884227.9561,9594,320,240,,,,,,0.050,,,,,,,,,,,,,
VISION_NODET,1782884227.9670,0,1782884227.9623,9595,320,240,,,,,,0.050,,,,,,,,,,,,,
VISION_NODET,1782884227.9686,0,1782884227.9679,9596,320,240,,,,,,0.050,,,,,,,,,,,,,
VISION_NODET,1782884227.9713,0,1782884227.9704,9597,320,240,,,,,,0.050,,,,,,,,,,,,,
VISION_NODET,1782884227.9726,0,1782884227.9721,9598,320,240,,,,,,0.050,,,,,,,,,,,,,
VISION_NODET,1782884227.9819,0,1782884227.9811,9599,320,240,,,,,,0.050,,,,,,,,,,,,,
VISION_NODET,1782884227.9867,0,1782884227.9855,9600,320,240,,,,,,0.050,,,,,,,,,,,,,
VISION_NODET,1782884227.9907,0,1782884227.9876,9601,320,240,,,,,,0.050,,,,,,,,,,,,,
VISION_NODET,1782884227.9916,0,1782884227.9894,9602,320,240,,,,,,0.050,,,,,,,,,,,,,
VISION_NODET,1782884227.9933,0,1782884227.9926,9603,320,240,,,,,,0.050,,,,,,,,,,,,,
VISION_NODET,1782884227.9988,0,1782884227.9970,9604,320,240,,,,,,0.050,,,,,,,,,,,,,
VISION_NODET,1782884228.0048,0,1782884228.0022,9605,320,240,,,,,,0.050,,,,,,,,,,,,,
VISION_NODET,1782884228.0121,0,1782884228.0063,9606,320,240,,,,,,0.050,,,,,,,,,,,,,
VISION_NODET,1782884228.0169,0,1782884228.0146,9607,320,240,,,,,,0.050,,,,,,,,,,,,,
VISION_NODET,1782884228.0252,0,1782884228.0232,9608,320,240,,,,,,0.050,,,,,,,,,,,,,
VISION_NODET,1782884228.0324,0,1782884228.0307,9609,320,240,,,,,,0.050,,,,,,,,,,,,,
VISION_NODET,1782884228.0340,0,1782884228.0334,9610,320,240,,,,,,0.050,,,,,,,,,,,,,
VISION_NODET,1782884228.0367,0,1782884228.0355,9611,320,240,,,,,,0.050,,,,,,,,,,,,,
VISION_NODET,1782884228.0395,0,1782884228.0380,9612,320,240,,,,,,0.050,,,,,,,,,,,,,
VISION_NODET,1782884228.0410,0,1782884228.0404,9613,320,240,,,,,,0.050,,,,,,,,,,,,,
VISION_NODET,1782884228.0427,0,1782884228.0419,9614,320,240,,,,,,0.050,,,,,,,,,,,,,
VISION_NODET,1782884228.0442,0,1782884228.0433,9615,320,240,,,,,,0.050,,,,,,,,,,,,,
VISION_NODET,1782884228.0457,0,1782884228.0452,9616,320,240,,,,,,0.050,,,,,,,,,,,,,
VISION_NODET,1782884228.0532,0,1782884228.0512,9617,320,240,,,,,,0.050,,,,,,,,,,,,,
VISION_NODET,1782884228.0600,0,1782884228.0586,9618,320,240,,,,,,0.050,,,,,,,,,,,,,
VISION_NODET,1782884228.0707,0,1782884228.0620,9619,320,240,,,,,,0.050,,,,,,,,,,,,,
VISION_NODET,1782884228.0826,0,1782884228.0703,9620,320,240,,,,,,0.050,,,,,,,,,,,,,
VISION_NODET,1782884228.0848,0,1782884228.0759,9621,320,240,,,,,,0.050,,,,,,,,,,,,,
VISION_NODET,1782884228.0867,0,1782884228.0808,9622,320,240,,,,,,0.050,,,,,,,,,,,,,
VISION_NODET,1782884228.0876,0,1782884228.0831,9623,320,240,,,,,,0.050,,,,,,,,,,,,,
VISION_NODET,1782884228.0880,0,1782884228.0859,9624,320,240,,,,,,0.050,,,,,,,,,,,,,
VISION_NODET,1782884228.0902,0,1782884228.0884,9625,320,240,,,,,,0.050,,,,,,,,,,,,,
VISION_NODET,1782884228.0906,0,1782884228.0903,9626,320,240,,,,,,0.050,,,,,,,,,,,,,
VISION_NODET,1782884228.0928,0,1782884228.0922,9627,320,240,,,,,,0.050,,,,,,,,,,,,,
VISION_NODET,1782884228.0981,0,1782884228.0942,9628,320,240,,,,,,0.050,,,,,,,,,,,,,
VISION_NODET,1782884228.0989,0,1782884228.0962,9629,320,240,,,,,,0.050,,,,,,,,,,,,,
VISION_NODET,1782884228.1044,0,1782884228.0984,9630,320,240,,,,,,0.050,,,,,,,,,,,,,
VISION_NODET,1782884228.1065,0,1782884228.1013,9631,320,240,,,,,,0.050,,,,,,,,,,,,,
VISION_NODET,1782884228.1079,0,1782884228.1032,9632,320,240,,,,,,0.050,,,,,,,,,,,,,
VISION_NODET,1782884228.1087,0,1782884228.1058,9633,320,240,,,,,,0.050,,,,,,,,,,,,,
VISION_NODET,1782884228.1101,0,1782884228.1090,9634,320,240,,,,,,0.050,,,,,,,,,,,,,
VISION_NODET,1782884228.1172,0,1782884228.1124,9635,320,240,,,,,,0.050,,,,,,,,,,,,,
VISION_NODET,1782884228.1186,0,1782884228.1158,9636,320,240,,,,,,0.050,,,,,,,,,,,,,
VISION_NODET,1782884228.1267,0,1782884228.1200,9637,320,240,,,,,,0.050,,,,,,,,,,,,,
VISION_NODET,1782884228.1357,0,1782884228.1259,9638,320,240,,,,,,0.050,,,,,,,,,,,,,
VISION_NODET,1782884228.1389,0,1782884228.1322,9639,320,240,,,,,,0.050,,,,,,,,,,,,,
VISION_NODET,1782884228.1426,0,1782884228.1388,9640,320,240,,,,,,0.050,,,,,,,,,,,,,
VISION_NODET,1782884228.1451,0,1782884228.1423,9641,320,240,,,,,,0.050,,,,,,,,,,,,,
VISION_NODET,1782884228.1460,0,1782884228.1448,9642,320,240,,,,,,0.050,,,,,,,,,,,,,
VISION_NODET,1782884228.1488,0,1782884228.1464,9643,320,240,,,,,,0.050,,,,,,,,,,,,,
VISION_NODET,1782884228.1517,0,1782884228.1482,9644,320,240,,,,,,0.050,,,,,,,,,,,,,
VISION_NODET,1782884228.1529,0,1782884228.1504,9645,320,240,,,,,,0.050,,,,,,,,,,,,,
VISION_NODET,1782884228.1536,0,1782884228.1524,9646,320,240,,,,,,0.050,,,,,,,,,,,,,
VISION_NODET,1782884228.1567,0,1782884228.1551,9647,320,240,,,,,,0.050,,,,,,,,,,,,,
VISION_NODET,1782884228.1577,0,1782884228.1567,9648,320,240,,,,,,0.050,,,,,,,,,,,,,
VISION_NODET,1782884228.1682,0,1782884228.1653,9649,320,240,,,,,,0.050,,,,,,,,,,,,,
VISION_NODET,1782884228.1866,0,1782884228.1725,9650,320,240,,,,,,0.050,,,,,,,,,,,,,
VISION_NODET,1782884228.1917,0,1782884228.1789,9651,320,240,,,,,,0.050,,,,,,,,,,,,,
VISION_NODET,1782884228.1934,0,1782884228.1857,9652,320,240,,,,,,0.050,,,,,,,,,,,,,
VISION_NODET,1782884228.1941,0,1782884228.1902,9653,320,240,,,,,,0.050,,,,,,,,,,,,,
VISION_NODET,1782884228.1949,0,1782884228.1937,9654,320,240,,,,,,0.050,,,,,,,,,,,,,
VISION_NODET,1782884228.1988,0,1782884228.1972,9655,320,240,,,,,,0.050,,,,,,,,,,,,,
VISION_NODET,1782884228.2013,0,1782884228.2004,9656,320,240,,,,,,0.050,,,,,,,,,,,,,
VISION_NODET,1782884228.2026,0,1782884228.2021,9657,320,240,,,,,,0.050,,,,,,,,,,,,,
VISION_NODET,1782884228.2068,0,1782884228.2056,9658,320,240,,,,,,0.050,,,,,,,,,,,,,
VISION_NODET,1782884228.2084,0,1782884228.2076,9659,320,240,,,,,,0.050,,,,,,,,,,,,,
VISION_NODET,1782884228.2111,0,1782884228.2089,9660,320,240,,,,,,0.050,,,,,,,,,,,,,
VISION_NODET,1782884228.2147,0,1782884228.2140,9661,320,240,,,,,,0.050,,,,,,,,,,,,,
VISION_NODET,1782884228.2174,0,1782884228.2158,9662,320,240,,,,,,0.050,,,,,,,,,,,,,
VISION_NODET,1782884228.2195,0,1782884228.2184,9663,320,240,,,,,,0.050,,,,,,,,,,,,,
VISION_NODET,1782884228.2233,0,1782884228.2221,9664,320,240,,,,,,0.050,,,,,,,,,,,,,
VISION_NODET,1782884228.2272,0,1782884228.2258,9665,320,240,,,,,,0.050,,,,,,,,,,,,,
VISION_NODET,1782884228.2332,0,1782884228.2287,9666,320,240,,,,,,0.050,,,,,,,,,,,,,
VISION_NODET,1782884228.2382,0,1782884228.2356,9667,320,240,,,,,,0.050,,,,,,,,,,,,,
VISION_NODET,1782884228.2486,0,1782884228.2412,9668,320,240,,,,,,0.050,,,,,,,,,,,,,
VISION_NODET,1782884228.2498,0,1782884228.2464,9669,320,240,,,,,,0.050,,,,,,,,,,,,,
VISION_NODET,1782884228.2504,0,1782884228.2493,9670,320,240,,,,,,0.050,,,,,,,,,,,,,
VISION_NODET,1782884228.2520,0,1782884228.2514,9671,320,240,,,,,,0.050,,,,,,,,,,,,,
VISION_NODET,1782884228.2537,0,1782884228.2531,9672,320,240,,,,,,0.050,,,,,,,,,,,,,
VISION_NODET,1782884228.2570,0,1782884228.2549,9673,320,240,,,,,,0.050,,,,,,,,,,,,,
VISION_NODET,1782884228.2588,0,1782884228.2578,9674,320,240,,,,,,0.050,,,,,,,,,,,,,
VISION_NODET,1782884228.2599,0,1782884228.2593,9675,320,240,,,,,,0.050,,,,,,,,,,,,,
VISION_NODET,1782884228.2624,0,1782884228.2614,9676,320,240,,,,,,0.050,,,,,,,,,,,,,
VISION_NODET,1782884228.2663,0,1782884228.2636,9677,320,240,,,,,,0.050,,,,,,,,,,,,,
VISION_NODET,1782884228.2856,0,1782884228.2657,9678,320,240,,,,,,0.050,,,,,,,,,,,,,
VISION_NODET,1782884228.2887,0,1782884228.2771,9679,320,240,,,,,,0.050,,,,,,,,,,,,,
VISION_NODET,1782884228.2933,0,1782884228.2860,9680,320,240,,,,,,0.050,,,,,,,,,,,,,
VISION_NODET,1782884228.2995,0,1782884228.2987,9681,320,240,,,,,,0.050,,,,,,,,,,,,,
VISION_NODET,1782884228.3021,0,1782884228.3010,9682,320,240,,,,,,0.050,,,,,,,,,,,,,
VISION_NODET,1782884228.3067,0,1782884228.3033,9683,320,240,,,,,,0.050,,,,,,,,,,,,,
VISION_NODET,1782884228.3076,0,1782884228.3054,9684,320,240,,,,,,0.050,,,,,,,,,,,,,
VISION_NODET,1782884228.3079,0,1782884228.3074,9685,320,240,,,,,,0.050,,,,,,,,,,,,,
VISION_NODET,1782884228.3118,0,1782884228.3093,9686,320,240,,,,,,0.050,,,,,,,,,,,,,
VISION_NODET,1782884228.3151,0,1782884228.3123,9687,320,240,,,,,,0.050,,,,,,,,,,,,,
VISION_NODET,1782884228.3183,0,1782884228.3146,9688,320,240,,,,,,0.050,,,,,,,,,,,,,
VISION_NODET,1782884228.3201,0,1782884228.3191,9689,320,240,,,,,,0.050,,,,,,,,,,,,,
VISION_NODET,1782884228.3236,0,1782884228.3225,9690,320,240,,,,,,0.050,,,,,,,,,,,,,
VISION_NODET,1782884228.3279,0,1782884228.3256,9691,320,240,,,,,,0.050,,,,,,,,,,,,,
VISION_NODET,1782884228.3347,0,1782884228.3313,9692,320,240,,,,,,0.050,,,,,,,,,,,,,
VISION_NODET,1782884228.3425,0,1782884228.3381,9693,320,240,,,,,,0.050,,,,,,,,,,,,,
VISION_NODET,1782884228.3460,0,1782884228.3428,9694,320,240,,,,,,0.050,,,,,,,,,,,,,
VISION_NODET,1782884228.3532,0,1782884228.3518,9695,320,240,,,,,,0.050,,,,,,,,,,,,,
VISION_NODET,1782884228.3546,0,1782884228.3541,9696,320,240,,,,,,0.050,,,,,,,,,,,,,
VISION_NODET,1782884228.3568,0,1782884228.3558,9697,320,240,,,,,,0.050,,,,,,,,,,,,,
VISION_NODET,1782884228.3585,0,1782884228.3580,9698,320,240,,,,,,0.050,,,,,,,,,,,,,
VISION_NODET,1782884228.3605,0,1782884228.3595,9699,320,240,,,,,,0.050,,,,,,,,,,,,,
VISION_NODET,1782884228.3631,0,1782884228.3613,9700,320,240,,,,,,0.050,,,,,,,,,,,,,
VISION_NODET,1782884228.3664,0,1782884228.3637,9701,320,240,,,,,,0.050,,,,,,,,,,,,,
VISION_NODET,1782884228.3684,0,1782884228.3673,9702,320,240,,,,,,0.050,,,,,,,,,,,,,
VISION_NODET,1782884228.3720,0,1782884228.3705,9703,320,240,,,,,,0.050,,,,,,,,,,,,,
VISION_NODET,1782884228.3735,0,1782884228.3729,9704,320,240,,,,,,0.050,,,,,,,,,,,,,
VISION_NODET,1782884228.3747,0,1782884228.3742,9705,320,240,,,,,,0.050,,,,,,,,,,,,,
VISION_NODET,1782884228.3770,0,1782884228.3762,9706,320,240,,,,,,0.050,,,,,,,,,,,,,
VISION_NODET,1782884228.3779,0,1782884228.3776,9707,320,240,,,,,,0.050,,,,,,,,,,,,,
VISION_NODET,1782884228.3795,0,1782884228.3789,9708,320,240,,,,,,0.050,,,,,,,,,,,,,
VISION_NODET,1782884228.3815,0,1782884228.3809,9709,320,240,,,,,,0.050,,,,,,,,,,,,,
VISION_NODET,1782884228.3867,0,1782884228.3841,9710,320,240,,,,,,0.050,,,,,,,,,,,,,
VISION_NODET,1782884228.3908,0,1782884228.3897,9711,320,240,,,,,,0.050,,,,,,,,,,,,,
VISION_NODET,1782884228.3998,0,1782884228.3965,9712,320,240,,,,,,0.050,,,,,,,,,,,,,
VISION_NODET,1782884228.4082,0,1782884228.4026,9713,320,240,,,,,,0.050,,,,,,,,,,,,,
VISION_NODET,1782884228.4120,0,1782884228.4095,9714,320,240,,,,,,0.050,,,,,,,,,,,,,
VISION_NODET,1782884228.4139,0,1782884228.4116,9715,320,240,,,,,,0.050,,,,,,,,,,,,,
VISION_NODET,1782884228.4156,0,1782884228.4137,9716,320,240,,,,,,0.050,,,,,,,,,,,,,
VISION_NODET,1782884228.4172,0,1782884228.4154,9717,320,240,,,,,,0.050,,,,,,,,,,,,,
VISION_NODET,1782884228.4179,0,1782884228.4171,9718,320,240,,,,,,0.050,,,,,,,,,,,,,
VISION_NODET,1782884228.4208,0,1782884228.4188,9719,320,240,,,,,,0.050,,,,,,,,,,,,,
VISION_NODET,1782884228.4220,0,1782884228.4206,9720,320,240,,,,,,0.050,,,,,,,,,,,,,
VISION_NODET,1782884228.4231,0,1782884228.4225,9721,320,240,,,,,,0.050,,,,,,,,,,,,,
VISION_NODET,1782884228.4250,0,1782884228.4243,9722,320,240,,,,,,0.050,,,,,,,,,,,,,
VISION_NODET,1782884228.4266,0,1782884228.4260,9723,320,240,,,,,,0.050,,,,,,,,,,,,,
VISION_NODET,1782884228.4311,0,1782884228.4280,9724,320,240,,,,,,0.050,,,,,,,,,,,,,
VISION_NODET,1782884228.4321,0,1782884228.4307,9725,320,240,,,,,,0.050,,,,,,,,,,,,,
VISION_NODET,1782884228.4355,0,1782884228.4341,9726,320,240,,,,,,0.050,,,,,,,,,,,,,
VISION_NODET,1782884228.4415,0,1782884228.4390,9727,320,240,,,,,,0.050,,,,,,,,,,,,,
VISION_NODET,1782884228.4484,0,1782884228.4446,9728,320,240,,,,,,0.050,,,,,,,,,,,,,
VISION_NODET,1782884228.4515,0,1782884228.4473,9729,320,240,,,,,,0.050,,,,,,,,,,,,,
VISION_NODET,1782884228.4526,0,1782884228.4511,9730,320,240,,,,,,0.050,,,,,,,,,,,,,
VISION_NODET,1782884228.4588,0,1782884228.4539,9731,320,240,,,,,,0.050,,,,,,,,,,,,,
VISION_NODET,1782884228.4688,0,1782884228.4652,9732,320,240,,,,,,0.050,,,,,,,,,,,,,
VISION_NODET,1782884228.4747,0,1782884228.4741,9733,320,240,,,,,,0.050,,,,,,,,,,,,,
VISION_NODET,1782884228.4771,0,1782884228.4761,9734,320,240,,,,,,0.050,,,,,,,,,,,,,
VISION_NODET,1782884228.4780,0,1782884228.4776,9735,320,240,,,,,,0.050,,,,,,,,,,,,,
VISION_NODET,1782884228.4806,0,1782884228.4794,9736,320,240,,,,,,0.050,,,,,,,,,,,,,
VISION_NODET,1782884228.4829,0,1782884228.4821,9737,320,240,,,,,,0.050,,,,,,,,,,,,,
VISION_NODET,1782884228.4856,0,1782884228.4839,9738,320,240,,,,,,0.050,,,,,,,,,,,,,
VISION_NODET,1782884228.4864,0,1782884228.4856,9739,320,240,,,,,,0.050,,,,,,,,,,,,,
VISION_NODET,1782884228.4882,0,1782884228.4874,9740,320,240,,,,,,0.050,,,,,,,,,,,,,
VISION_NODET,1782884228.4897,0,1782884228.4892,9741,320,240,,,,,,0.050,,,,,,,,,,,,,
VISION_NODET,1782884228.4958,0,1782884228.4939,9742,320,240,,,,,,0.050,,,,,,,,,,,,,
VISION_NODET,1782884228.4995,0,1782884228.4987,9743,320,240,,,,,,0.050,,,,,,,,,,,,,
VISION_NODET,1782884228.5053,0,1782884228.5015,9744,320,240,,,,,,0.050,,,,,,,,,,,,,
VISION_NODET,1782884228.5116,0,1782884228.5089,9745,320,240,,,,,,0.050,,,,,,,,,,,,,
VISION_NODET,1782884228.5206,0,1782884228.5171,9746,320,240,,,,,,0.050,,,,,,,,,,,,,
VISION_NODET,1782884228.5253,0,1782884228.5242,9747,320,240,,,,,,0.050,,,,,,,,,,,,,
VISION_NODET,1782884228.5286,0,1782884228.5268,9748,320,240,,,,,,0.050,,,,,,,,,,,,,
VISION_NODET,1782884228.5317,0,1782884228.5293,9749,320,240,,,,,,0.050,,,,,,,,,,,,,
VISION_NODET,1782884228.5324,0,1782884228.5311,9750,320,240,,,,,,0.050,,,,,,,,,,,,,
VISION_NODET,1782884228.5337,0,1782884228.5327,9751,320,240,,,,,,0.050,,,,,,,,,,,,,
VISION_NODET,1782884228.5357,0,1782884228.5350,9752,320,240,,,,,,0.050,,,,,,,,,,,,,
VISION_NODET,1782884228.5384,0,1782884228.5366,9753,320,240,,,,,,0.050,,,,,,,,,,,,,
VISION_NODET,1782884228.5391,0,1782884228.5381,9754,320,240,,,,,,0.050,,,,,,,,,,,,,
VISION_NODET,1782884228.5406,0,1782884228.5397,9755,320,240,,,,,,0.050,,,,,,,,,,,,,
VISION_NODET,1782884228.5419,0,1782884228.5415,9756,320,240,,,,,,0.050,,,,,,,,,,,,,
VISION_NODET,1782884228.5477,0,1782884228.5432,9757,320,240,,,,,,0.050,,,,,,,,,,,,,
VISION_NODET,1782884228.5506,0,1782884228.5481,9758,320,240,,,,,,0.050,,,,,,,,,,,,,
VISION_NODET,1782884228.5559,0,1782884228.5525,9759,320,240,,,,,,0.050,,,,,,,,,,,,,
VISION_NODET,1782884228.5675,0,1782884228.5623,9760,320,240,,,,,,0.050,,,,,,,,,,,,,
VISION_NODET,1782884228.5724,0,1782884228.5706,9761,320,240,,,,,,0.050,,,,,,,,,,,,,
VISION_NODET,1782884228.5735,0,1782884228.5730,9762,320,240,,,,,,0.050,,,,,,,,,,,,,
VISION_NODET,1782884228.5754,0,1782884228.5749,9763,320,240,,,,,,0.050,,,,,,,,,,,,,
VISION_NODET,1782884228.5774,0,1782884228.5769,9764,320,240,,,,,,0.050,,,,,,,,,,,,,
VISION_NODET,1782884228.5789,0,1782884228.5784,9765,320,240,,,,,,0.050,,,,,,,,,,,,,
VISION_NODET,1782884228.5806,0,1782884228.5799,9766,320,240,,,,,,0.050,,,,,,,,,,,,,
VISION_NODET,1782884228.5819,0,1782884228.5814,9767,320,240,,,,,,0.050,,,,,,,,,,,,,
VISION_NODET,1782884228.5837,0,1782884228.5828,9768,320,240,,,,,,0.050,,,,,,,,,,,,,
VISION_NODET,1782884228.5852,0,1782884228.5846,9769,320,240,,,,,,0.050,,,,,,,,,,,,,
VISION_NODET,1782884228.5874,0,1782884228.5864,9770,320,240,,,,,,0.050,,,,,,,,,,,,,
VISION_NODET,1782884228.5946,0,1782884228.5933,9771,320,240,,,,,,0.050,,,,,,,,,,,,,
VISION_NODET,1782884228.6039,0,1782884228.6018,9772,320,240,,,,,,0.050,,,,,,,,,,,,,
VISION_NODET,1782884228.6100,0,1782884228.6052,9773,320,240,,,,,,0.050,,,,,,,,,,,,,
VISION_NODET,1782884228.6121,0,1782884228.6095,9774,320,240,,,,,,0.050,,,,,,,,,,,,,
VISION_NODET,1782884228.6208,0,1782884228.6156,9775,320,240,,,,,,0.050,,,,,,,,,,,,,
VISION_NODET,1782884228.6416,0,1782884228.6405,9776,320,240,,,,,,0.050,,,,,,,,,,,,,
VISION_NODET,1782884228.6438,0,1782884228.6427,9777,320,240,,,,,,0.050,,,,,,,,,,,,,
VISION_NODET,1782884228.6460,0,1782884228.6451,9778,320,240,,,,,,0.050,,,,,,,,,,,,,
VISION_NODET,1782884228.6518,0,1782884228.6499,9779,320,240,,,,,,0.050,,,,,,,,,,,,,
VISION_NODET,1782884228.6715,0,1782884228.6657,9780,320,240,,,,,,0.050,,,,,,,,,,,,,
VISION_NODET,1782884228.6814,0,1782884228.6721,9781,320,240,,,,,,0.050,,,,,,,,,,,,,
VISION_NODET,1782884228.6832,0,1782884228.6793,9782,320,240,,,,,,0.050,,,,,,,,,,,,,
VISION_NODET,1782884228.6843,0,1782884228.6828,9783,320,240,,,,,,0.050,,,,,,,,,,,,,
VISION_NODET,1782884228.6887,0,1782884228.6857,9784,320,240,,,,,,0.050,,,,,,,,,,,,,
VISION_NODET,1782884228.6912,0,1782884228.6881,9785,320,240,,,,,,0.050,,,,,,,,,,,,,
VISION_NODET,1782884228.6925,0,1782884228.6901,9786,320,240,,,,,,0.050,,,,,,,,,,,,,
VISION_NODET,1782884228.6933,0,1782884228.6915,9787,320,240,,,,,,0.050,,,,,,,,,,,,,
VISION_NODET,1782884228.6993,0,1782884228.6961,9788,320,240,,,,,,0.050,,,,,,,,,,,,,
VISION_NODET,1782884228.7027,0,1782884228.6992,9789,320,240,,,,,,0.050,,,,,,,,,,,,,
VISION_NODET,1782884228.7060,0,1782884228.7016,9790,320,240,,,,,,0.050,,,,,,,,,,,,,
VISION_NODET,1782884228.7073,0,1782884228.7041,9791,320,240,,,,,,0.050,,,,,,,,,,,,,
VISION_NODET,1782884228.7088,0,1782884228.7059,9792,320,240,,,,,,0.050,,,,,,,,,,,,,
VISION_NODET,1782884228.7140,0,1782884228.7119,9793,320,240,,,,,,0.050,,,,,,,,,,,,,
VISION_NODET,1782884228.7191,0,1782884228.7170,9794,320,240,,,,,,0.050,,,,,,,,,,,,,
VISION_NODET,1782884228.7285,0,1782884228.7221,9795,320,240,,,,,,0.050,,,,,,,,,,,,,
VISION_NODET,1782884228.7393,0,1782884228.7372,9796,320,240,,,,,,0.050,,,,,,,,,,,,,
VISION_NODET,1782884228.7432,0,1782884228.7420,9797,320,240,,,,,,0.050,,,,,,,,,,,,,
VISION_NODET,1782884228.7473,0,1782884228.7443,9798,320,240,,,,,,0.050,,,,,,,,,,,,,
VISION_NODET,1782884228.7508,0,1782884228.7463,9799,320,240,,,,,,0.050,,,,,,,,,,,,,
VISION_NODET,1782884228.7515,0,1782884228.7478,9800,320,240,,,,,,0.050,,,,,,,,,,,,,
VISION_NODET,1782884228.7520,0,1782884228.7501,9801,320,240,,,,,,0.050,,,,,,,,,,,,,
VISION_NODET,1782884228.7524,0,1782884228.7516,9802,320,240,,,,,,0.050,,,,,,,,,,,,,
VISION_NODET,1782884228.7543,0,1782884228.7538,9803,320,240,,,,,,0.050,,,,,,,,,,,,,
VISION_NODET,1782884228.7566,0,1782884228.7555,9804,320,240,,,,,,0.050,,,,,,,,,,,,,
VISION_NODET,1782884228.7623,0,1782884228.7574,9805,320,240,,,,,,0.050,,,,,,,,,,,,,
VISION_NODET,1782884228.7675,0,1782884228.7595,9806,320,240,,,,,,0.050,,,,,,,,,,,,,
VISION_NODET,1782884228.7689,0,1782884228.7650,9807,320,240,,,,,,0.050,,,,,,,,,,,,,
VISION_NODET,1782884228.7733,0,1782884228.7690,9808,320,240,,,,,,0.050,,,,,,,,,,,,,
VISION_NODET,1782884228.7817,0,1782884228.7756,9809,320,240,,,,,,0.050,,,,,,,,,,,,,
VISION_NODET,1782884228.7844,0,1782884228.7799,9810,320,240,,,,,,0.050,,,,,,,,,,,,,
VISION_NODET,1782884228.7889,0,1782884228.7881,9811,320,240,,,,,,0.050,,,,,,,,,,,,,
VISION_NODET,1782884228.7909,0,1782884228.7902,9812,320,240,,,,,,0.050,,,,,,,,,,,,,
VISION_NODET,1782884228.7929,0,1782884228.7923,9813,320,240,,,,,,0.050,,,,,,,,,,,,,
VISION_NODET,1782884228.7954,0,1782884228.7942,9814,320,240,,,,,,0.050,,,,,,,,,,,,,
VISION_NODET,1782884228.7997,0,1782884228.7987,9815,320,240,,,,,,0.050,,,,,,,,,,,,,
VISION_NODET,1782884228.8027,0,1782884228.8020,9816,320,240,,,,,,0.050,,,,,,,,,,,,,
VISION_NODET,1782884228.8076,0,1782884228.8036,9817,320,240,,,,,,0.050,,,,,,,,,,,,,
VISION_NODET,1782884228.8087,0,1782884228.8059,9818,320,240,,,,,,0.050,,,,,,,,,,,,,
VISION_NODET,1782884228.8095,0,1782884228.8081,9819,320,240,,,,,,0.050,,,,,,,,,,,,,
VISION_NODET,1782884228.8101,0,1782884228.8096,9820,320,240,,,,,,0.050,,,,,,,,,,,,,
VISION_NODET,1782884228.8125,0,1782884228.8117,9821,320,240,,,,,,0.050,,,,,,,,,,,,,
VISION_NODET,1782884228.8164,0,1782884228.8144,9822,320,240,,,,,,0.050,,,,,,,,,,,,,
VISION_NODET,1782884228.8198,0,1782884228.8162,9823,320,240,,,,,,0.050,,,,,,,,,,,,,
VISION_NODET,1782884228.8492,0,1782884228.8212,9824,320,240,,,,,,0.050,,,,,,,,,,,,,
VISION_NODET,1782884228.8500,0,1782884228.8261,9825,320,240,,,,,,0.050,,,,,,,,,,,,,
VISION_NODET,1782884228.8506,0,1782884228.8326,9826,320,240,,,,,,0.050,,,,,,,,,,,,,
VISION_NODET,1782884228.8529,0,1782884228.8405,9827,320,240,,,,,,0.050,,,,,,,,,,,,,
VISION_NODET,1782884228.8535,0,1782884228.8460,9828,320,240,,,,,,0.050,,,,,,,,,,,,,
VISION_NODET,1782884228.8540,0,1782884228.8490,9829,320,240,,,,,,0.050,,,,,,,,,,,,,
VISION_NODET,1782884228.8543,0,1782884228.8508,9830,320,240,,,,,,0.050,,,,,,,,,,,,,
VISION_NODET,1782884228.8546,0,1782884228.8527,9831,320,240,,,,,,0.050,,,,,,,,,,,,,
VISION_NODET,1782884228.8586,0,1782884228.8554,9832,320,240,,,,,,0.050,,,,,,,,,,,,,
VISION_NODET,1782884228.8616,0,1782884228.8601,9833,320,240,,,,,,0.050,,,,,,,,,,,,,
VISION_NODET,1782884228.8666,0,1782884228.8643,9834,320,240,,,,,,0.050,,,,,,,,,,,,,
VISION_NODET,1782884228.8732,0,1782884228.8670,9835,320,240,,,,,,0.050,,,,,,,,,,,,,
VISION_NODET,1782884228.8819,0,1782884228.8728,9836,320,240,,,,,,0.050,,,,,,,,,,,,,
VISION_NODET,1782884228.8875,0,1782884228.8846,9837,320,240,,,,,,0.050,,,,,,,,,,,,,
VISION_NODET,1782884228.8952,0,1782884228.8921,9838,320,240,,,,,,0.050,,,,,,,,,,,,,
VISION_NODET,1782884228.9007,0,1782884228.8979,9839,320,240,,,,,,0.050,,,,,,,,,,,,,
VISION_NODET,1782884228.9011,0,1782884228.9000,9840,320,240,,,,,,0.050,,,,,,,,,,,,,
VISION_NODET,1782884228.9026,0,1782884228.9019,9841,320,240,,,,,,0.050,,,,,,,,,,,,,
VISION_NODET,1782884228.9094,0,1782884228.9043,9842,320,240,,,,,,0.050,,,,,,,,,,,,,
VISION_NODET,1782884228.9104,0,1782884228.9060,9843,320,240,,,,,,0.050,,,,,,,,,,,,,
VISION_NODET,1782884228.9108,0,1782884228.9077,9844,320,240,,,,,,0.050,,,,,,,,,,,,,
VISION_NODET,1782884228.9111,0,1782884228.9101,9845,320,240,,,,,,0.050,,,,,,,,,,,,,
VISION_NODET,1782884228.9304,0,1782884228.9122,9846,320,240,,,,,,0.050,,,,,,,,,,,,,
VISION_NODET,1782884228.9318,0,1782884228.9148,9847,320,240,,,,,,0.050,,,,,,,,,,,,,
VISION_NODET,1782884228.9325,0,1782884228.9174,9848,320,240,,,,,,0.050,,,,,,,,,,,,,
VISION_NODET,1782884228.9329,0,1782884228.9201,9849,320,240,,,,,,0.050,,,,,,,,,,,,,
VISION_NODET,1782884228.9423,0,1782884228.9226,9850,320,240,,,,,,0.050,,,,,,,,,,,,,
VISION_NODET,1782884228.9510,0,1782884228.9275,9851,320,240,,,,,,0.050,,,,,,,,,,,,,
VISION_NODET,1782884228.9526,0,1782884228.9322,9852,320,240,,,,,,0.050,,,,,,,,,,,,,
VISION_NODET,1782884228.9533,0,1782884228.9391,9853,320,240,,,,,,0.050,,,,,,,,,,,,,
VISION_NODET,1782884228.9537,0,1782884228.9450,9854,320,240,,,,,,0.050,,,,,,,,,,,,,
VISION_NODET,1782884228.9540,0,1782884228.9516,9855,320,240,,,,,,0.050,,,,,,,,,,,,,
VISION_NODET,1782884228.9562,0,1782884228.9536,9856,320,240,,,,,,0.050,,,,,,,,,,,,,
VISION_NODET,1782884228.9607,0,1782884228.9554,9857,320,240,,,,,,0.050,,,,,,,,,,,,,
VISION_NODET,1782884228.9617,0,1782884228.9571,9858,320,240,,,,,,0.050,,,,,,,,,,,,,
VISION_NODET,1782884228.9622,0,1782884228.9596,9859,320,240,,,,,,0.050,,,,,,,,,,,,,
VISION_NODET,1782884228.9656,0,1782884228.9621,9860,320,240,,,,,,0.050,,,,,,,,,,,,,
VISION_NODET,1782884228.9664,0,1782884228.9645,9861,320,240,,,,,,0.050,,,,,,,,,,,,,
VISION_NODET,1782884228.9689,0,1782884228.9670,9862,320,240,,,,,,0.050,,,,,,,,,,,,,
VISION_NODET,1782884228.9707,0,1782884228.9691,9863,320,240,,,,,,0.050,,,,,,,,,,,,,
VISION_NODET,1782884228.9737,0,1782884228.9714,9864,320,240,,,,,,0.050,,,,,,,,,,,,,
VISION_NODET,1782884228.9754,0,1782884228.9740,9865,320,240,,,,,,0.050,,,,,,,,,,,,,
VISION_NODET,1782884228.9777,0,1782884228.9767,9866,320,240,,,,,,0.050,,,,,,,,,,,,,
VISION_NODET,1782884228.9808,0,1782884228.9799,9867,320,240,,,,,,0.050,,,,,,,,,,,,,
VISION_NODET,1782884228.9852,0,1782884228.9826,9868,320,240,,,,,,0.050,,,,,,,,,,,,,
VISION_NODET,1782884228.9902,0,1782884228.9888,9869,320,240,,,,,,0.050,,,,,,,,,,,,,
VISION_NODET,1782884228.9971,0,1782884228.9912,9870,320,240,,,,,,0.050,,,,,,,,,,,,,
VISION_NODET,1782884228.9983,0,1782884228.9948,9871,320,240,,,,,,0.050,,,,,,,,,,,,,
VISION_NODET,1782884228.9989,0,1782884228.9963,9872,320,240,,,,,,0.050,,,,,,,,,,,,,
VISION_NODET,1782884229.0013,0,1782884228.9979,9873,320,240,,,,,,0.050,,,,,,,,,,,,,
VISION_NODET,1782884229.0020,0,1782884228.9994,9874,320,240,,,,,,0.050,,,,,,,,,,,,,
VISION_NODET,1782884229.0025,0,1782884229.0008,9875,320,240,,,,,,0.050,,,,,,,,,,,,,
VISION_NODET,1782884229.0297,0,1782884229.0287,9876,320,240,,,,,,0.050,,,,,,,,,,,,,
VISION_NODET,1782884229.0313,0,1782884229.0305,9877,320,240,,,,,,0.050,,,,,,,,,,,,,
VISION_NODET,1782884229.0462,0,1782884229.0434,9878,320,240,,,,,,0.050,,,,,,,,,,,,,
VISION_NODET,1782884229.0580,0,1782884229.0523,9879,320,240,,,,,,0.050,,,,,,,,,,,,,
VISION_NODET,1782884229.0607,0,1782884229.0589,9880,320,240,,,,,,0.050,,,,,,,,,,,,,
VISION_NODET,1782884229.0667,0,1782884229.0642,9881,320,240,,,,,,0.050,,,,,,,,,,,,,
VISION_NODET,1782884229.0693,0,1782884229.0680,9882,320,240,,,,,,0.050,,,,,,,,,,,,,
VISION_NODET,1782884229.0715,0,1782884229.0707,9883,320,240,,,,,,0.050,,,,,,,,,,,,,
VISION_NODET,1782884229.0761,0,1782884229.0743,9884,320,240,,,,,,0.050,,,,,,,,,,,,,
VISION_NODET,1782884229.0770,0,1782884229.0764,9885,320,240,,,,,,0.050,,,,,,,,,,,,,
VISION_NODET,1782884229.0789,0,1782884229.0784,9886,320,240,,,,,,0.050,,,,,,,,,,,,,
VISION_NODET,1782884229.0831,0,1782884229.0819,9887,320,240,,,,,,0.050,,,,,,,,,,,,,
VISION_NODET,1782884229.0847,0,1782884229.0839,9888,320,240,,,,,,0.050,,,,,,,,,,,,,
VISION_NODET,1782884229.0926,0,1782884229.0855,9889,320,240,,,,,,0.050,,,,,,,,,,,,,
VISION_NODET,1782884229.0970,0,1782884229.0923,9890,320,240,,,,,,0.050,,,,,,,,,,,,,
VISION_NODET,1782884229.1044,0,1782884229.0984,9891,320,240,,,,,,0.050,,,,,,,,,,,,,
VISION_NODET,1782884229.1086,0,1782884229.1051,9892,320,240,,,,,,0.050,,,,,,,,,,,,,
VISION_NODET,1782884229.1173,0,1782884229.1141,9893,320,240,,,,,,0.050,,,,,,,,,,,,,
VISION_NODET,1782884229.1204,0,1782884229.1178,9894,320,240,,,,,,0.050,,,,,,,,,,,,,
VISION_NODET,1782884229.1211,0,1782884229.1198,9895,320,240,,,,,,0.050,,,,,,,,,,,,,
VISION_NODET,1782884229.1226,0,1782884229.1218,9896,320,240,,,,,,0.050,,,,,,,,,,,,,
VISION_NODET,1782884229.1244,0,1782884229.1238,9897,320,240,,,,,,0.050,,,,,,,,,,,,,
VISION_NODET,1782884229.1261,0,1782884229.1256,9898,320,240,,,,,,0.050,,,,,,,,,,,,,
VISION_NODET,1782884229.1320,0,1782884229.1307,9899,320,240,,,,,,0.050,,,,,,,,,,,,,
VISION_NODET,1782884229.1335,0,1782884229.1330,9900,320,240,,,,,,0.050,,,,,,,,,,,,,
VISION_NODET,1782884229.1373,0,1782884229.1364,9901,320,240,,,,,,0.050,,,,,,,,,,,,,
VISION_NODET,1782884229.1398,0,1782884229.1391,9902,320,240,,,,,,0.050,,,,,,,,,,,,,
VISION_NODET,1782884229.1563,0,1782884229.1474,9903,320,240,,,,,,0.050,,,,,,,,,,,,,
VISION_NODET,1782884229.1589,0,1782884229.1545,9904,320,240,,,,,,0.050,,,,,,,,,,,,,
VISION_NODET,1782884229.1646,0,1782884229.1596,9905,320,240,,,,,,0.050,,,,,,,,,,,,,
VISION_NODET,1782884229.1692,0,1782884229.1668,9906,320,240,,,,,,0.050,,,,,,,,,,,,,
VISION_NODET,1782884229.1731,0,1782884229.1724,9907,320,240,,,,,,0.050,,,,,,,,,,,,,
VISION_NODET,1782884229.1794,0,1782884229.1767,9908,320,240,,,,,,0.050,,,,,,,,,,,,,
VISION_NODET,1782884229.1804,0,1782884229.1786,9909,320,240,,,,,,0.050,,,,,,,,,,,,,
VISION_NODET,1782884229.1813,0,1782884229.1807,9910,320,240,,,,,,0.050,,,,,,,,,,,,,
VISION_NODET,1782884229.1834,0,1782884229.1824,9911,320,240,,,,,,0.050,,,,,,,,,,,,,
VISION_NODET,1782884229.1845,0,1782884229.1839,9912,320,240,,,,,,0.050,,,,,,,,,,,,,
VISION_NODET,1782884229.1906,0,1782884229.1857,9913,320,240,,,,,,0.050,,,,,,,,,,,,,
VISION_NODET,1782884229.1914,0,1782884229.1871,9914,320,240,,,,,,0.050,,,,,,,,,,,,,
VISION_NODET,1782884229.1939,0,1782884229.1887,9915,320,240,,,,,,0.050,,,,,,,,,,,,,
VISION_NODET,1782884229.1977,0,1782884229.1925,9916,320,240,,,,,,0.050,,,,,,,,,,,,,
VISION_NODET,1782884229.2043,0,1782884229.2031,9917,320,240,,,,,,0.050,,,,,,,,,,,,,
VISION_NODET,1782884229.2127,0,1782884229.2059,9918,320,240,,,,,,0.050,,,,,,,,,,,,,
VISION_NODET,1782884229.2206,0,1782884229.2151,9919,320,240,,,,,,0.050,,,,,,,,,,,,,
VISION_NODET,1782884229.2238,0,1782884229.2211,9920,320,240,,,,,,0.050,,,,,,,,,,,,,
VISION_NODET,1782884229.2289,0,1782884229.2265,9921,320,240,,,,,,0.050,,,,,,,,,,,,,
VISION_NODET,1782884229.2306,0,1782884229.2286,9922,320,240,,,,,,0.050,,,,,,,,,,,,,
VISION_NODET,1782884229.2317,0,1782884229.2311,9923,320,240,,,,,,0.050,,,,,,,,,,,,,
VISION_NODET,1782884229.2346,0,1782884229.2331,9924,320,240,,,,,,0.050,,,,,,,,,,,,,
VISION_NODET,1782884229.2382,0,1782884229.2362,9925,320,240,,,,,,0.050,,,,,,,,,,,,,
VISION_NODET,1782884229.2429,0,1782884229.2417,9926,320,240,,,,,,0.050,,,,,,,,,,,,,
VISION_NODET,1782884229.2443,0,1782884229.2436,9927,320,240,,,,,,0.050,,,,,,,,,,,,,
VISION_NODET,1782884229.2504,0,1782884229.2492,9928,320,240,,,,,,0.050,,,,,,,,,,,,,
VISION_NODET,1782884229.2603,0,1782884229.2592,9929,320,240,,,,,,0.050,,,,,,,,,,,,,
VISION_NODET,1782884229.2713,0,1782884229.2658,9930,320,240,,,,,,0.050,,,,,,,,,,,,,
VISION_NODET,1782884229.2774,0,1782884229.2715,9931,320,240,,,,,,0.050,,,,,,,,,,,,,
VISION_NODET,1782884229.2818,0,1782884229.2792,9932,320,240,,,,,,0.050,,,,,,,,,,,,,
VISION_NODET,1782884229.2850,0,1782884229.2833,9933,320,240,,,,,,0.050,,,,,,,,,,,,,
VISION_NODET,1782884229.2876,0,1782884229.2858,9934,320,240,,,,,,0.050,,,,,,,,,,,,,
VISION_NODET,1782884229.2903,0,1782884229.2883,9935,320,240,,,,,,0.050,,,,,,,,,,,,,
VISION_NODET,1782884229.2911,0,1782884229.2902,9936,320,240,,,,,,0.050,,,,,,,,,,,,,
VISION_NODET,1782884229.2965,0,1782884229.2922,9937,320,240,,,,,,0.050,,,,,,,,,,,,,
VISION_NODET,1782884229.2970,0,1782884229.2936,9938,320,240,,,,,,0.050,,,,,,,,,,,,,
VISION_NODET,1782884229.2973,0,1782884229.2952,9939,320,240,,,,,,0.050,,,,,,,,,,,,,
VISION_NODET,1782884229.2976,0,1782884229.2971,9940,320,240,,,,,,0.050,,,,,,,,,,,,,
VISION_NODET,1782884229.2987,0,1782884229.2982,9941,320,240,,,,,,0.050,,,,,,,,,,,,,
VISION_NODET,1782884229.3002,0,1782884229.2996,9942,320,240,,,,,,0.050,,,,,,,,,,,,,
VISION_NODET,1782884229.3026,0,1782884229.3017,9943,320,240,,,,,,0.050,,,,,,,,,,,,,
VISION_NODET,1782884229.3049,0,1782884229.3042,9944,320,240,,,,,,0.050,,,,,,,,,,,,,
VISION_NODET,1782884229.3082,0,1782884229.3065,9945,320,240,,,,,,0.050,,,,,,,,,,,,,
VISION_NODET,1782884229.3178,0,1782884229.3130,9946,320,240,,,,,,0.050,,,,,,,,,,,,,
VISION_NODET,1782884229.3189,0,1782884229.3167,9947,320,240,,,,,,0.050,,,,,,,,,,,,,
VISION_NODET,1782884229.3290,0,1782884229.3199,9948,320,240,,,,,,0.050,,,,,,,,,,,,,
VISION_NODET,1782884229.3339,0,1782884229.3278,9949,320,240,,,,,,0.050,,,,,,,,,,,,,
VISION_NODET,1782884229.3374,0,1782884229.3338,9950,320,240,,,,,,0.050,,,,,,,,,,,,,
VISION_NODET,1782884229.3399,0,1782884229.3389,9951,320,240,,,,,,0.050,,,,,,,,,,,,,
VISION_NODET,1782884229.3424,0,1782884229.3418,9952,320,240,,,,,,0.050,,,,,,,,,,,,,
VISION_NODET,1782884229.3444,0,1782884229.3435,9953,320,240,,,,,,0.050,,,,,,,,,,,,,
VISION_NODET,1782884229.3473,0,1782884229.3459,9954,320,240,,,,,,0.050,,,,,,,,,,,,,
VISION_NODET,1782884229.3493,0,1782884229.3484,9955,320,240,,,,,,0.050,,,,,,,,,,,,,
VISION_NODET,1782884229.3526,0,1782884229.3505,9956,320,240,,,,,,0.050,,,,,,,,,,,,,
VISION_NODET,1782884229.3533,0,1782884229.3522,9957,320,240,,,,,,0.050,,,,,,,,,,,,,
VISION_NODET,1782884229.3550,0,1782884229.3538,9958,320,240,,,,,,0.050,,,,,,,,,,,,,
VISION_NODET,1782884229.3561,0,1782884229.3555,9959,320,240,,,,,,0.050,,,,,,,,,,,,,
VISION_NODET,1782884229.3590,0,1782884229.3572,9960,320,240,,,,,,0.050,,,,,,,,,,,,,
VISION_NODET,1782884229.3598,0,1782884229.3588,9961,320,240,,,,,,0.050,,,,,,,,,,,,,
VISION_NODET,1782884229.3646,0,1782884229.3607,9962,320,240,,,,,,0.050,,,,,,,,,,,,,
VISION_NODET,1782884229.3781,0,1782884229.3692,9963,320,240,,,,,,0.050,,,,,,,,,,,,,
VISION_NODET,1782884229.3861,0,1782884229.3812,9964,320,240,,,,,,0.050,,,,,,,,,,,,,
VISION_NODET,1782884229.3926,0,1782884229.3913,9965,320,240,,,,,,0.050,,,,,,,,,,,,,
VISION_NODET,1782884229.3944,0,1782884229.3934,9966,320,240,,,,,,0.050,,,,,,,,,,,,,
VISION_NODET,1782884229.3957,0,1782884229.3952,9967,320,240,,,,,,0.050,,,,,,,,,,,,,
VISION_NODET,1782884229.3995,0,1782884229.3985,9968,320,240,,,,,,0.050,,,,,,,,,,,,,
VISION_NODET,1782884229.4013,0,1782884229.4005,9969,320,240,,,,,,0.050,,,,,,,,,,,,,
VISION_NODET,1782884229.4035,0,1782884229.4026,9970,320,240,,,,,,0.050,,,,,,,,,,,,,
VISION_NODET,1782884229.4053,0,1782884229.4045,9971,320,240,,,,,,0.050,,,,,,,,,,,,,
VISION_NODET,1782884229.4082,0,1782884229.4070,9972,320,240,,,,,,0.050,,,,,,,,,,,,,
VISION_NODET,1782884229.4107,0,1782884229.4093,9973,320,240,,,,,,0.050,,,,,,,,,,,,,
VISION_NODET,1782884229.4132,0,1782884229.4108,9974,320,240,,,,,,0.050,,,,,,,,,,,,,
VISION_NODET,1782884229.4139,0,1782884229.4120,9975,320,240,,,,,,0.050,,,,,,,,,,,,,
VISION_NODET,1782884229.4145,0,1782884229.4133,9976,320,240,,,,,,0.050,,,,,,,,,,,,,
VISION_NODET,1782884229.4241,0,1782884229.4218,9977,320,240,,,,,,0.050,,,,,,,,,,,,,
VISION_NODET,1782884229.4289,0,1782884229.4251,9978,320,240,,,,,,0.050,,,,,,,,,,,,,
VISION_NODET,1782884229.4421,0,1782884229.4328,9979,320,240,,,,,,0.050,,,,,,,,,,,,,
VISION_NODET,1782884229.4444,0,1782884229.4427,9980,320,240,,,,,,0.050,,,,,,,,,,,,,
VISION_NODET,1782884229.4480,0,1782884229.4455,9981,320,240,,,,,,0.050,,,,,,,,,,,,,
VISION_NODET,1782884229.4497,0,1782884229.4492,9982,320,240,,,,,,0.050,,,,,,,,,,,,,
VISION_NODET,1782884229.4535,0,1782884229.4519,9983,320,240,,,,,,0.050,,,,,,,,,,,,,
VISION_NODET,1782884229.4581,0,1782884229.4559,9984,320,240,,,,,,0.050,,,,,,,,,,,,,
VISION_NODET,1782884229.4615,0,1782884229.4595,9985,320,240,,,,,,0.050,,,,,,,,,,,,,
VISION_NODET,1782884229.4622,0,1782884229.4611,9986,320,240,,,,,,0.050,,,,,,,,,,,,,
VISION_NODET,1782884229.4632,0,1782884229.4628,9987,320,240,,,,,,0.050,,,,,,,,,,,,,
VISION_NODET,1782884229.4652,0,1782884229.4646,9988,320,240,,,,,,0.050,,,,,,,,,,,,,
VISION_NODET,1782884229.4669,0,1782884229.4665,9989,320,240,,,,,,0.050,,,,,,,,,,,,,
VISION_NODET,1782884229.4687,0,1782884229.4682,9990,320,240,,,,,,0.050,,,,,,,,,,,,,
VISION_NODET,1782884229.4737,0,1782884229.4698,9991,320,240,,,,,,0.050,,,,,,,,,,,,,
VISION_NODET,1782884229.4761,0,1782884229.4722,9992,320,240,,,,,,0.050,,,,,,,,,,,,,
VISION_NODET,1782884229.4780,0,1782884229.4751,9993,320,240,,,,,,0.050,,,,,,,,,,,,,
VISION_NODET,1782884229.4805,0,1782884229.4786,9994,320,240,,,,,,0.050,,,,,,,,,,,,,
VISION_NODET,1782884229.4846,0,1782884229.4827,9995,320,240,,,,,,0.050,,,,,,,,,,,,,
VISION_NODET,1782884229.4922,0,1782884229.4898,9996,320,240,,,,,,0.050,,,,,,,,,,,,,
VISION_NODET,1782884229.4995,0,1782884229.4956,9997,320,240,,,,,,0.050,,,,,,,,,,,,,
VISION_NODET,1782884229.5018,0,1782884229.5009,9998,320,240,,,,,,0.050,,,,,,,,,,,,,
VISION_NODET,1782884229.5096,0,1782884229.5077,9999,320,240,,,,,,0.050,,,,,,,,,,,,,
VISION_NODET,1782884229.5107,0,1782884229.5099,10000,320,240,,,,,,0.050,,,,,,,,,,,,,
VISION_NODET,1782884229.5126,0,1782884229.5117,10001,320,240,,,,,,0.050,,,,,,,,,,,,,
VISION_NODET,1782884229.5151,0,1782884229.5133,10002,320,240,,,,,,0.050,,,,,,,,,,,,,
VISION_NODET,1782884229.5159,0,1782884229.5155,10003,320,240,,,,,,0.050,,,,,,,,,,,,,
VISION_NODET,1782884229.5181,0,1782884229.5175,10004,320,240,,,,,,0.050,,,,,,,,,,,,,
VISION_NODET,1782884229.5195,0,1782884229.5188,10005,320,240,,,,,,0.050,,,,,,,,,,,,,
VISION_NODET,1782884229.5212,0,1782884229.5204,10006,320,240,,,,,,0.050,,,,,,,,,,,,,
VISION_NODET,1782884229.5226,0,1782884229.5221,10007,320,240,,,,,,0.050,,,,,,,,,,,,,
VISION_NODET,1782884229.5273,0,1782884229.5262,10008,320,240,,,,,,0.050,,,,,,,,,,,,,
VISION_NODET,1782884229.5310,0,1782884229.5294,10009,320,240,,,,,,0.050,,,,,,,,,,,,,
VISION_NODET,1782884229.5349,0,1782884229.5332,10010,320,240,,,,,,0.050,,,,,,,,,,,,,
VISION_NODET,1782884229.5380,0,1782884229.5368,10011,320,240,,,,,,0.050,,,,,,,,,,,,,
VISION_NODET,1782884229.5417,0,1782884229.5394,10012,320,240,,,,,,0.050,,,,,,,,,,,,,
VISION_NODET,1782884229.5569,0,1782884229.5518,10013,320,240,,,,,,0.050,,,,,,,,,,,,,
VISION_NODET,1782884229.5603,0,1782884229.5594,10014,320,240,,,,,,0.050,,,,,,,,,,,,,
VISION_NODET,1782884229.5644,0,1782884229.5627,10015,320,240,,,,,,0.050,,,,,,,,,,,,,
VISION_NODET,1782884229.5658,0,1782884229.5648,10016,320,240,,,,,,0.050,,,,,,,,,,,,,
VISION_NODET,1782884229.5677,0,1782884229.5668,10017,320,240,,,,,,0.050,,,,,,,,,,,,,
VISION_NODET,1782884229.5701,0,1782884229.5691,10018,320,240,,,,,,0.050,,,,,,,,,,,,,
VISION_NODET,1782884229.5717,0,1782884229.5711,10019,320,240,,,,,,0.050,,,,,,,,,,,,,
VISION_NODET,1782884229.5737,0,1782884229.5729,10020,320,240,,,,,,0.050,,,,,,,,,,,,,
VISION_NODET,1782884229.5754,0,1782884229.5745,10021,320,240,,,,,,0.050,,,,,,,,,,,,,
VISION_NODET,1782884229.5763,0,1782884229.5759,10022,320,240,,,,,,0.050,,,,,,,,,,,,,
VISION_NODET,1782884229.5812,0,1782884229.5781,10023,320,240,,,,,,0.050,,,,,,,,,,,,,
VISION_NODET,1782884229.5867,0,1782884229.5840,10024,320,240,,,,,,0.050,,,,,,,,,,,,,
VISION_NODET,1782884229.5962,0,1782884229.5925,10025,320,240,,,,,,0.050,,,,,,,,,,,,,
VISION_NODET,1782884229.6080,0,1782884229.6071,10026,320,240,,,,,,0.050,,,,,,,,,,,,,
VISION_NODET,1782884229.6102,0,1782884229.6093,10027,320,240,,,,,,0.050,,,,,,,,,,,,,
VISION_NODET,1782884229.6123,0,1782884229.6116,10028,320,240,,,,,,0.050,,,,,,,,,,,,,
VISION_NODET,1782884229.6153,0,1782884229.6143,10029,320,240,,,,,,0.050,,,,,,,,,,,,,
VISION_NODET,1782884229.6195,0,1782884229.6188,10030,320,240,,,,,,0.050,,,,,,,,,,,,,
VISION_NODET,1782884229.6216,0,1782884229.6207,10031,320,240,,,,,,0.050,,,,,,,,,,,,,
VISION_NODET,1782884229.6239,0,1782884229.6230,10032,320,240,,,,,,0.050,,,,,,,,,,,,,
VISION_NODET,1782884229.6255,0,1782884229.6249,10033,320,240,,,,,,0.050,,,,,,,,,,,,,
VISION_NODET,1782884229.6270,0,1782884229.6263,10034,320,240,,,,,,0.050,,,,,,,,,,,,,
VISION_NODET,1782884229.6292,0,1782884229.6287,10035,320,240,,,,,,0.050,,,,,,,,,,,,,
VISION_NODET,1782884229.6388,0,1782884229.6356,10036,320,240,,,,,,0.050,,,,,,,,,,,,,
VISION_NODET,1782884229.6492,0,1782884229.6457,10037,320,240,,,,,,0.050,,,,,,,,,,,,,
VISION_NODET,1782884229.6589,0,1782884229.6559,10038,320,240,,,,,,0.050,,,,,,,,,,,,,
VISION_NODET,1782884229.6643,0,1782884229.6629,10039,320,240,,,,,,0.050,,,,,,,,,,,,,
VISION_NODET,1782884229.6656,0,1782884229.6650,10040,320,240,,,,,,0.050,,,,,,,,,,,,,
VISION_NODET,1782884229.6688,0,1782884229.6677,10041,320,240,,,,,,0.050,,,,,,,,,,,,,
VISION_NODET,1782884229.6717,0,1782884229.6711,10042,320,240,,,,,,0.050,,,,,,,,,,,,,
VISION_NODET,1782884229.6735,0,1782884229.6728,10043,320,240,,,,,,0.050,,,,,,,,,,,,,
VISION_NODET,1782884229.6776,0,1782884229.6752,10044,320,240,,,,,,0.050,,,,,,,,,,,,,
VISION_NODET,1782884229.6785,0,1782884229.6773,10045,320,240,,,,,,0.050,,,,,,,,,,,,,
VISION_NODET,1782884229.6807,0,1782884229.6786,10046,320,240,,,,,,0.050,,,,,,,,,,,,,
VISION_NODET,1782884229.6813,0,1782884229.6797,10047,320,240,,,,,,0.050,,,,,,,,,,,,,
VISION_NODET,1782884229.6828,0,1782884229.6814,10048,320,240,,,,,,0.050,,,,,,,,,,,,,
VISION_NODET,1782884229.6928,0,1782884229.6829,10049,320,240,,,,,,0.050,,,,,,,,,,,,,
VISION_NODET,1782884229.6947,0,1782884229.6843,10050,320,240,,,,,,0.050,,,,,,,,,,,,,
VISION_NODET,1782884229.7105,0,1782884229.6866,10051,320,240,,,,,,0.050,,,,,,,,,,,,,
VISION_NODET,1782884229.7126,0,1782884229.6922,10052,320,240,,,,,,0.050,,,,,,,,,,,,,
VISION_NODET,1782884229.7135,0,1782884229.6943,10053,320,240,,,,,,0.050,,,,,,,,,,,,,
VISION_NODET,1782884229.7143,0,1782884229.7016,10054,320,240,,,,,,0.050,,,,,,,,,,,,,
VISION_NODET,1782884229.7151,0,1782884229.7079,10055,320,240,,,,,,0.050,,,,,,,,,,,,,
VISION_NODET,1782884229.7157,0,1782884229.7127,10056,320,240,,,,,,0.050,,,,,,,,,,,,,
VISION_NODET,1782884229.7163,0,1782884229.7144,10057,320,240,,,,,,0.050,,,,,,,,,,,,,
VISION_NODET,1782884229.7173,0,1782884229.7164,10058,320,240,,,,,,0.050,,,,,,,,,,,,,
VISION_NODET,1782884229.7207,0,1782884229.7178,10059,320,240,,,,,,0.050,,,,,,,,,,,,,
VISION_NODET,1782884229.7233,0,1782884229.7193,10060,320,240,,,,,,0.050,,,,,,,,,,,,,
VISION_NODET,1782884229.7239,0,1782884229.7211,10061,320,240,,,,,,0.050,,,,,,,,,,,,,
VISION_NODET,1782884229.7246,0,1782884229.7226,10062,320,240,,,,,,0.050,,,,,,,,,,,,,
VISION_NODET,1782884229.7392,0,1782884229.7239,10063,320,240,,,,,,0.050,,,,,,,,,,,,,
VISION_NODET,1782884229.7415,0,1782884229.7255,10064,320,240,,,,,,0.050,,,,,,,,,,,,,
VISION_NODET,1782884229.7447,0,1782884229.7278,10065,320,240,,,,,,0.050,,,,,,,,,,,,,
VISION_NODET,1782884229.7460,0,1782884229.7313,10066,320,240,,,,,,0.050,,,,,,,,,,,,,
VISION_NODET,1782884229.7476,0,1782884229.7333,10067,320,240,,,,,,0.050,,,,,,,,,,,,,
VISION_NODET,1782884229.7489,0,1782884229.7356,10068,320,240,,,,,,0.050,,,,,,,,,,,,,
VISION_NODET,1782884229.7499,0,1782884229.7383,10069,320,240,,,,,,0.050,,,,,,,,,,,,,
VISION_NODET,1782884229.7523,0,1782884229.7410,10070,320,240,,,,,,0.050,,,,,,,,,,,,,
VISION_NODET,1782884229.7562,0,1782884229.7508,10071,320,240,,,,,,0.050,,,,,,,,,,,,,
VISION_NODET,1782884229.7644,0,1782884229.7595,10072,320,240,,,,,,0.050,,,,,,,,,,,,,
VISION_NODET,1782884229.7687,0,1782884229.7660,10073,320,240,,,,,,0.050,,,,,,,,,,,,,
VISION_NODET,1782884229.7707,0,1782884229.7698,10074,320,240,,,,,,0.050,,,,,,,,,,,,,
VISION_NODET,1782884229.7734,0,1782884229.7718,10075,320,240,,,,,,0.050,,,,,,,,,,,,,
VISION_NODET,1782884229.7775,0,1782884229.7762,10076,320,240,,,,,,0.050,,,,,,,,,,,,,
VISION_NODET,1782884229.7782,0,1782884229.7777,10077,320,240,,,,,,0.050,,,,,,,,,,,,,
VISION_NODET,1782884229.7813,0,1782884229.7795,10078,320,240,,,,,,0.050,,,,,,,,,,,,,
VISION_NODET,1782884229.7819,0,1782884229.7811,10079,320,240,,,,,,0.050,,,,,,,,,,,,,
VISION_NODET,1782884229.7825,0,1782884229.7822,10080,320,240,,,,,,0.050,,,,,,,,,,,,,
VISION_NODET,1782884229.7839,0,1782884229.7836,10081,320,240,,,,,,0.050,,,,,,,,,,,,,
VISION_NODET,1782884229.7848,0,1782884229.7846,10082,320,240,,,,,,0.050,,,,,,,,,,,,,
VISION_NODET,1782884229.7864,0,1782884229.7858,10083,320,240,,,,,,0.050,,,,,,,,,,,,,
VISION_NODET,1782884229.7875,0,1782884229.7871,10084,320,240,,,,,,0.050,,,,,,,,,,,,,
VISION_NODET,1782884229.7895,0,1782884229.7889,10085,320,240,,,,,,0.050,,,,,,,,,,,,,
VISION_NODET,1782884229.7913,0,1782884229.7904,10086,320,240,,,,,,0.050,,,,,,,,,,,,,
VISION_NODET,1782884229.7925,0,1782884229.7920,10087,320,240,,,,,,0.050,,,,,,,,,,,,,
VISION_NODET,1782884229.8005,0,1782884229.7995,10088,320,240,,,,,,0.050,,,,,,,,,,,,,
VISION_NODET,1782884229.8065,0,1782884229.8021,10089,320,240,,,,,,0.050,,,,,,,,,,,,,
VISION_NODET,1782884229.8113,0,1782884229.8088,10090,320,240,,,,,,0.050,,,,,,,,,,,,,
VISION_NODET,1782884229.8222,0,1782884229.8204,10091,320,240,,,,,,0.050,,,,,,,,,,,,,
VISION_NODET,1782884229.8244,0,1782884229.8238,10092,320,240,,,,,,0.050,,,,,,,,,,,,,
VISION_NODET,1782884229.8266,0,1782884229.8258,10093,320,240,,,,,,0.050,,,,,,,,,,,,,
VISION_NODET,1782884229.8299,0,1782884229.8290,10094,320,240,,,,,,0.050,,,,,,,,,,,,,
VISION_NODET,1782884229.8312,0,1782884229.8308,10095,320,240,,,,,,0.050,,,,,,,,,,,,,
VISION_NODET,1782884229.8325,0,1782884229.8322,10096,320,240,,,,,,0.050,,,,,,,,,,,,,
VISION_NODET,1782884229.8361,0,1782884229.8352,10097,320,240,,,,,,0.050,,,,,,,,,,,,,
VISION_NODET,1782884229.8377,0,1782884229.8373,10098,320,240,,,,,,0.050,,,,,,,,,,,,,
VISION_NODET,1782884229.8389,0,1782884229.8385,10099,320,240,,,,,,0.050,,,,,,,,,,,,,
VISION_NODET,1782884229.8421,0,1782884229.8414,10100,320,240,,,,,,0.050,,,,,,,,,,,,,
VISION_NODET,1782884229.8433,0,1782884229.8428,10101,320,240,,,,,,0.050,,,,,,,,,,,,,
VISION_NODET,1782884229.8444,0,1782884229.8441,10102,320,240,,,,,,0.050,,,,,,,,,,,,,
VISION_NODET,1782884229.8455,0,1782884229.8451,10103,320,240,,,,,,0.050,,,,,,,,,,,,,
VISION_NODET,1782884229.8491,0,1782884229.8463,10104,320,240,,,,,,0.050,,,,,,,,,,,,,
VISION_NODET,1782884229.8537,0,1782884229.8513,10105,320,240,,,,,,0.050,,,,,,,,,,,,,
VISION_NODET,1782884229.8582,0,1782884229.8551,10106,320,240,,,,,,0.050,,,,,,,,,,,,,
VISION_NODET,1782884229.8651,0,1782884229.8613,10107,320,240,,,,,,0.050,,,,,,,,,,,,,
VISION_NODET,1782884229.8723,0,1782884229.8655,10108,320,240,,,,,,0.050,,,,,,,,,,,,,
VISION_NODET,1782884229.8763,0,1782884229.8737,10109,320,240,,,,,,0.050,,,,,,,,,,,,,
VISION_NODET,1782884229.8773,0,1782884229.8759,10110,320,240,,,,,,0.050,,,,,,,,,,,,,
VISION_NODET,1782884229.8793,0,1782884229.8778,10111,320,240,,,,,,0.050,,,,,,,,,,,,,
VISION_NODET,1782884229.8801,0,1782884229.8793,10112,320,240,,,,,,0.050,,,,,,,,,,,,,
VISION_NODET,1782884229.8813,0,1782884229.8809,10113,320,240,,,,,,0.050,,,,,,,,,,,,,
VISION_NODET,1782884229.8827,0,1782884229.8823,10114,320,240,,,,,,0.050,,,,,,,,,,,,,
VISION_NODET,1782884229.8843,0,1782884229.8837,10115,320,240,,,,,,0.050,,,,,,,,,,,,,
VISION_NODET,1782884229.8853,0,1782884229.8847,10116,320,240,,,,,,0.050,,,,,,,,,,,,,
VISION_NODET,1782884229.8882,0,1782884229.8863,10117,320,240,,,,,,0.050,,,,,,,,,,,,,
VISION_NODET,1782884229.8892,0,1782884229.8888,10118,320,240,,,,,,0.050,,,,,,,,,,,,,
VISION_NODET,1782884229.8902,0,1782884229.8898,10119,320,240,,,,,,0.050,,,,,,,,,,,,,
VISION_NODET,1782884229.8919,0,1782884229.8912,10120,320,240,,,,,,0.050,,,,,,,,,,,,,
VISION_NODET,1782884229.8935,0,1782884229.8930,10121,320,240,,,,,,0.050,,,,,,,,,,,,,
VISION_NODET,1782884229.8945,0,1782884229.8943,10122,320,240,,,,,,0.050,,,,,,,,,,,,,
VISION_NODET,1782884229.8953,0,1782884229.8951,10123,320,240,,,,,,0.050,,,,,,,,,,,,,
VISION_NODET,1782884229.8967,0,1782884229.8963,10124,320,240,,,,,,0.050,,,,,,,,,,,,,
VISION_NODET,1782884229.8980,0,1782884229.8973,10125,320,240,,,,,,0.050,,,,,,,,,,,,,
VISION_NODET,1782884229.8991,0,1782884229.8987,10126,320,240,,,,,,0.050,,,,,,,,,,,,,
VISION_NODET,1782884229.9021,0,1782884229.8999,10127,320,240,,,,,,0.050,,,,,,,,,,,,,
VISION_NODET,1782884229.9068,0,1782884229.9043,10128,320,240,,,,,,0.050,,,,,,,,,,,,,
VISION_NODET,1782884229.9085,0,1782884229.9079,10129,320,240,,,,,,0.050,,,,,,,,,,,,,
VISION_NODET,1782884229.9156,0,1782884229.9113,10130,320,240,,,,,,0.050,,,,,,,,,,,,,
VISION_NODET,1782884229.9259,0,1782884229.9192,10131,320,240,,,,,,0.050,,,,,,,,,,,,,
VISION_NODET,1782884229.9313,0,1782884229.9261,10132,320,240,,,,,,0.050,,,,,,,,,,,,,
VISION_NODET,1782884229.9318,0,1782884229.9290,10133,320,240,,,,,,0.050,,,,,,,,,,,,,
VISION_NODET,1782884229.9324,0,1782884229.9304,10134,320,240,,,,,,0.050,,,,,,,,,,,,,
VISION_NODET,1782884229.9326,0,1782884229.9319,10135,320,240,,,,,,0.050,,,,,,,,,,,,,
VISION_NODET,1782884229.9336,0,1782884229.9333,10136,320,240,,,,,,0.050,,,,,,,,,,,,,
VISION_NODET,1782884229.9351,0,1782884229.9347,10137,320,240,,,,,,0.050,,,,,,,,,,,,,
VISION_NODET,1782884229.9367,0,1782884229.9362,10138,320,240,,,,,,0.050,,,,,,,,,,,,,
VISION_NODET,1782884229.9401,0,1782884229.9394,10139,320,240,,,,,,0.050,,,,,,,,,,,,,
VISION_NODET,1782884229.9432,0,1782884229.9424,10140,320,240,,,,,,0.050,,,,,,,,,,,,,
VISION_NODET,1782884229.9452,0,1782884229.9447,10141,320,240,,,,,,0.050,,,,,,,,,,,,,
VISION_NODET,1782884229.9465,0,1782884229.9461,10142,320,240,,,,,,0.050,,,,,,,,,,,,,
VISION_NODET,1782884229.9484,0,1782884229.9474,10143,320,240,,,,,,0.050,,,,,,,,,,,,,
VISION_NODET,1782884229.9495,0,1782884229.9490,10144,320,240,,,,,,0.050,,,,,,,,,,,,,
VISION_NODET,1782884229.9516,0,1782884229.9504,10145,320,240,,,,,,0.050,,,,,,,,,,,,,
VISION_NODET,1782884229.9525,0,1782884229.9520,10146,320,240,,,,,,0.050,,,,,,,,,,,,,
VISION_NODET,1782884229.9536,0,1782884229.9533,10147,320,240,,,,,,0.050,,,,,,,,,,,,,
VISION_NODET,1782884229.9572,0,1782884229.9551,10148,320,240,,,,,,0.050,,,,,,,,,,,,,
VISION_NODET,1782884229.9579,0,1782884229.9573,10149,320,240,,,,,,0.050,,,,,,,,,,,,,
VISION_NODET,1782884229.9612,0,1782884229.9596,10150,320,240,,,,,,0.050,,,,,,,,,,,,,
VISION_NODET,1782884229.9643,0,1782884229.9635,10151,320,240,,,,,,0.050,,,,,,,,,,,,,
VISION_NODET,1782884229.9670,0,1782884229.9662,10152,320,240,,,,,,0.050,,,,,,,,,,,,,
VISION_NODET,1782884229.9691,0,1782884229.9681,10153,320,240,,,,,,0.050,,,,,,,,,,,,,
VISION_NODET,1782884229.9772,0,1782884229.9719,10154,320,240,,,,,,0.050,,,,,,,,,,,,,
VISION_NODET,1782884229.9785,0,1782884229.9777,10155,320,240,,,,,,0.050,,,,,,,,,,,,,
VISION_NODET,1782884229.9871,0,1782884229.9826,10156,320,240,,,,,,0.050,,,,,,,,,,,,,
VISION_NODET,1782884229.9881,0,1782884229.9874,10157,320,240,,,,,,0.050,,,,,,,,,,,,,
VISION_NODET,1782884229.9893,0,1782884229.9888,10158,320,240,,,,,,0.050,,,,,,,,,,,,,
VISION_NODET,1782884229.9916,0,1782884229.9907,10159,320,240,,,,,,0.050,,,,,,,,,,,,,
VISION_NODET,1782884229.9932,0,1782884229.9922,10160,320,240,,,,,,0.050,,,,,,,,,,,,,
VISION_NODET,1782884229.9943,0,1782884229.9939,10161,320,240,,,,,,0.050,,,,,,,,,,,,,
VISION_NODET,1782884229.9996,0,1782884229.9990,10162,320,240,,,,,,0.050,,,,,,,,,,,,,
VISION_NODET,1782884230.0016,0,1782884230.0011,10163,320,240,,,,,,0.050,,,,,,,,,,,,,
VISION_NODET,1782884230.0029,0,1782884230.0024,10164,320,240,,,,,,0.050,,,,,,,,,,,,,
VISION_NODET,1782884230.0043,0,1782884230.0038,10165,320,240,,,,,,0.050,,,,,,,,,,,,,
VISION_NODET,1782884230.0067,0,1782884230.0054,10166,320,240,,,,,,0.050,,,,,,,,,,,,,
VISION_NODET,1782884230.0084,0,1782884230.0073,10167,320,240,,,,,,0.050,,,,,,,,,,,,,
VISION_NODET,1782884230.0152,0,1782884230.0115,10168,320,240,,,,,,0.050,,,,,,,,,,,,,
VISION_NODET,1782884230.0165,0,1782884230.0158,10169,320,240,,,,,,0.050,,,,,,,,,,,,,
VISION_NODET,1782884230.0272,0,1782884230.0178,10170,320,240,,,,,,0.050,,,,,,,,,,,,,
VISION_NODET,1782884230.0299,0,1782884230.0261,10171,320,240,,,,,,0.050,,,,,,,,,,,,,
VISION_NODET,1782884230.0345,0,1782884230.0322,10172,320,240,,,,,,0.050,,,,,,,,,,,,,
VISION_NODET,1782884230.0387,0,1782884230.0376,10173,320,240,,,,,,0.050,,,,,,,,,,,,,
VISION_NODET,1782884230.0408,0,1782884230.0400,10174,320,240,,,,,,0.050,,,,,,,,,,,,,
VISION_NODET,1782884230.0445,0,1782884230.0422,10175,320,240,,,,,,0.050,,,,,,,,,,,,,
VISION_NODET,1782884230.0451,0,1782884230.0442,10176,320,240,,,,,,0.050,,,,,,,,,,,,,
VISION_NODET,1782884230.0479,0,1782884230.0470,10177,320,240,,,,,,0.050,,,,,,,,,,,,,
VISION_NODET,1782884230.0503,0,1782884230.0493,10178,320,240,,,,,,0.050,,,,,,,,,,,,,
VISION_NODET,1782884230.0517,0,1782884230.0513,10179,320,240,,,,,,0.050,,,,,,,,,,,,,
VISION_NODET,1782884230.0538,0,1782884230.0524,10180,320,240,,,,,,0.050,,,,,,,,,,,,,
VISION_NODET,1782884230.0542,0,1782884230.0536,10181,320,240,,,,,,0.050,,,,,,,,,,,,,
VISION_NODET,1782884230.0562,0,1782884230.0549,10182,320,240,,,,,,0.050,,,,,,,,,,,,,
VISION_NODET,1782884230.0566,0,1782884230.0559,10183,320,240,,,,,,0.050,,,,,,,,,,,,,
VISION_NODET,1782884230.0573,0,1782884230.0570,10184,320,240,,,,,,0.050,,,,,,,,,,,,,
VISION_NODET,1782884230.0595,0,1782884230.0589,10185,320,240,,,,,,0.050,,,,,,,,,,,,,
VISION_NODET,1782884230.0668,0,1782884230.0640,10186,320,240,,,,,,0.050,,,,,,,,,,,,,
VISION_NODET,1782884230.0765,0,1782884230.0722,10187,320,240,,,,,,0.050,,,,,,,,,,,,,
VISION_NODET,1782884230.0862,0,1782884230.0799,10188,320,240,,,,,,0.050,,,,,,,,,,,,,
VISION_NODET,1782884230.0876,0,1782884230.0868,10189,320,240,,,,,,0.050,,,,,,,,,,,,,
VISION_NODET,1782884230.0889,0,1782884230.0883,10190,320,240,,,,,,0.050,,,,,,,,,,,,,
VISION_NODET,1782884230.0905,0,1782884230.0899,10191,320,240,,,,,,0.050,,,,,,,,,,,,,
VISION_NODET,1782884230.0917,0,1782884230.0913,10192,320,240,,,,,,0.050,,,,,,,,,,,,,
VISION_NODET,1782884230.0933,0,1782884230.0927,10193,320,240,,,,,,0.050,,,,,,,,,,,,,
VISION_NODET,1782884230.0963,0,1782884230.0943,10194,320,240,,,,,,0.050,,,,,,,,,,,,,
VISION_NODET,1782884230.0969,0,1782884230.0957,10195,320,240,,,,,,0.050,,,,,,,,,,,,,
VISION_NODET,1782884230.0977,0,1782884230.0968,10196,320,240,,,,,,0.050,,,,,,,,,,,,,
VISION_NODET,1782884230.1014,0,1782884230.1003,10197,320,240,,,,,,0.050,,,,,,,,,,,,,
VISION_NODET,1782884230.1123,0,1782884230.1115,10198,320,240,,,,,,0.050,,,,,,,,,,,,,
VISION_NODET,1782884230.1215,0,1782884230.1203,10199,320,240,,,,,,0.050,,,,,,,,,,,,,
VISION_NODET,1782884230.1288,0,1782884230.1275,10200,320,240,,,,,,0.050,,,,,,,,,,,,,
VISION_NODET,1782884230.1317,0,1782884230.1299,10201,320,240,,,,,,0.050,,,,,,,,,,,,,
VISION_NODET,1782884230.1377,0,1782884230.1335,10202,320,240,,,,,,0.050,,,,,,,,,,,,,
VISION_NODET,1782884230.1445,0,1782884230.1372,10203,320,240,,,,,,0.050,,,,,,,,,,,,,
VISION_NODET,1782884230.1475,0,1782884230.1391,10204,320,240,,,,,,0.050,,,,,,,,,,,,,
VISION_NODET,1782884230.1506,0,1782884230.1429,10205,320,240,,,,,,0.050,,,,,,,,,,,,,
VISION_NODET,1782884230.1579,0,1782884230.1476,10206,320,240,,,,,,0.050,,,,,,,,,,,,,
VISION_NODET,1782884230.1593,0,1782884230.1546,10207,320,240,,,,,,0.050,,,,,,,,,,,,,
VISION_NODET,1782884230.1636,0,1782884230.1614,10208,320,240,,,,,,0.050,,,,,,,,,,,,,
VISION_NODET,1782884230.1668,0,1782884230.1641,10209,320,240,,,,,,0.050,,,,,,,,,,,,,
VISION_NODET,1782884230.1679,0,1782884230.1669,10210,320,240,,,,,,0.050,,,,,,,,,,,,,
VISION_NODET,1782884230.1748,0,1782884230.1720,10211,320,240,,,,,,0.050,,,,,,,,,,,,,
VISION_NODET,1782884230.1779,0,1782884230.1763,10212,320,240,,,,,,0.050,,,,,,,,,,,,,
VISION_NODET,1782884230.1834,0,1782884230.1799,10213,320,240,,,,,,0.050,,,,,,,,,,,,,
VISION_NODET,1782884230.1990,0,1782884230.1955,10214,320,240,,,,,,0.050,,,,,,,,,,,,,
VISION_NODET,1782884230.2080,0,1782884230.2069,10215,320,240,,,,,,0.050,,,,,,,,,,,,,
VISION_NODET,1782884230.2173,0,1782884230.2138,10216,320,240,,,,,,0.050,,,,,,,,,,,,,
VISION_NODET,1782884230.2183,0,1782884230.2172,10217,320,240,,,,,,0.050,,,,,,,,,,,,,
VISION_NODET,1782884230.2207,0,1782884230.2190,10218,320,240,,,,,,0.050,,,,,,,,,,,,,
VISION_NODET,1782884230.2257,0,1782884230.2234,10219,320,240,,,,,,0.050,,,,,,,,,,,,,
VISION_NODET,1782884230.2299,0,1782884230.2251,10220,320,240,,,,,,0.050,,,,,,,,,,,,,
VISION_NODET,1782884230.2308,0,1782884230.2265,10221,320,240,,,,,,0.050,,,,,,,,,,,,,
VISION_NODET,1782884230.2311,0,1782884230.2277,10222,320,240,,,,,,0.050,,,,,,,,,,,,,
VISION_NODET,1782884230.2315,0,1782884230.2298,10223,320,240,,,,,,0.050,,,,,,,,,,,,,
VISION_NODET,1782884230.2338,0,1782884230.2331,10224,320,240,,,,,,0.050,,,,,,,,,,,,,
VISION_NODET,1782884230.2422,0,1782884230.2392,10225,320,240,,,,,,0.050,,,,,,,,,,,,,
VISION_NODET,1782884230.2651,0,1782884230.2642,10226,320,240,,,,,,0.050,,,,,,,,,,,,,
VISION_NODET,1782884230.2668,0,1782884230.2662,10227,320,240,,,,,,0.050,,,,,,,,,,,,,
VISION_NODET,1782884230.2682,0,1782884230.2676,10228,320,240,,,,,,0.050,,,,,,,,,,,,,
VISION_NODET,1782884230.2691,0,1782884230.2688,10229,320,240,,,,,,0.050,,,,,,,,,,,,,
VISION_NODET,1782884230.2703,0,1782884230.2699,10230,320,240,,,,,,0.050,,,,,,,,,,,,,
VISION_NODET,1782884230.2714,0,1782884230.2712,10231,320,240,,,,,,0.050,,,,,,,,,,,,,
VISION_NODET,1782884230.2728,0,1782884230.2724,10232,320,240,,,,,,0.050,,,,,,,,,,,,,
VISION_NODET,1782884230.2742,0,1782884230.2736,10233,320,240,,,,,,0.050,,,,,,,,,,,,,
VISION_NODET,1782884230.2757,0,1782884230.2752,10234,320,240,,,,,,0.050,,,,,,,,,,,,,
VISION_NODET,1782884230.2769,0,1782884230.2765,10235,320,240,,,,,,0.050,,,,,,,,,,,,,
VISION_NODET,1782884230.2780,0,1782884230.2776,10236,320,240,,,,,,0.050,,,,,,,,,,,,,
VISION_NODET,1782884230.2792,0,1782884230.2789,10237,320,240,,,,,,0.050,,,,,,,,,,,,,
VISION_NODET,1782884230.2807,0,1782884230.2802,10238,320,240,,,,,,0.050,,,,,,,,,,,,,
VISION_NODET,1782884230.2819,0,1782884230.2817,10239,320,240,,,,,,0.050,,,,,,,,,,,,,
VISION_NODET,1782884230.2843,0,1782884230.2837,10240,320,240,,,,,,0.050,,,,,,,,,,,,,
VISION_NODET,1782884230.2856,0,1782884230.2852,10241,320,240,,,,,,0.050,,,,,,,,,,,,,
VISION_NODET,1782884230.2950,0,1782884230.2925,10242,320,240,,,,,,0.050,,,,,,,,,,,,,
VISION_NODET,1782884230.2974,0,1782884230.2958,10243,320,240,,,,,,0.050,,,,,,,,,,,,,
VISION_NODET,1782884230.2983,0,1782884230.2978,10244,320,240,,,,,,0.050,,,,,,,,,,,,,
VISION_NODET,1782884230.3051,0,1782884230.3022,10245,320,240,,,,,,0.050,,,,,,,,,,,,,
VISION_NODET,1782884230.3092,0,1782884230.3070,10246,320,240,,,,,,0.050,,,,,,,,,,,,,
VISION_NODET,1782884230.3133,0,1782884230.3117,10247,320,240,,,,,,0.050,,,,,,,,,,,,,
VISION_NODET,1782884230.3171,0,1782884230.3163,10248,320,240,,,,,,0.050,,,,,,,,,,,,,
VISION_NODET,1782884230.3191,0,1782884230.3183,10249,320,240,,,,,,0.050,,,,,,,,,,,,,
VISION_NODET,1782884230.3205,0,1782884230.3200,10250,320,240,,,,,,0.050,,,,,,,,,,,,,
VISION_NODET,1782884230.3223,0,1782884230.3216,10251,320,240,,,,,,0.050,,,,,,,,,,,,,
VISION_NODET,1782884230.3236,0,1782884230.3232,10252,320,240,,,,,,0.050,,,,,,,,,,,,,
VISION_NODET,1782884230.3246,0,1782884230.3243,10253,320,240,,,,,,0.050,,,,,,,,,,,,,
VISION_NODET,1782884230.3285,0,1782884230.3263,10254,320,240,,,,,,0.050,,,,,,,,,,,,,
VISION_NODET,1782884230.3292,0,1782884230.3280,10255,320,240,,,,,,0.050,,,,,,,,,,,,,
VISION_NODET,1782884230.3312,0,1782884230.3301,10256,320,240,,,,,,0.050,,,,,,,,,,,,,
VISION_NODET,1782884230.3324,0,1782884230.3319,10257,320,240,,,,,,0.050,,,,,,,,,,,,,
VISION_NODET,1782884230.3345,0,1782884230.3336,10258,320,240,,,,,,0.050,,,,,,,,,,,,,
VISION_NODET,1782884230.3353,0,1782884230.3350,10259,320,240,,,,,,0.050,,,,,,,,,,,,,
VISION_NODET,1782884230.3383,0,1782884230.3367,10260,320,240,,,,,,0.050,,,,,,,,,,,,,
VISION_NODET,1782884230.3389,0,1782884230.3381,10261,320,240,,,,,,0.050,,,,,,,,,,,,,
VISION_NODET,1782884230.3408,0,1782884230.3402,10262,320,240,,,,,,0.050,,,,,,,,,,,,,
VISION_NODET,1782884230.3483,0,1782884230.3464,10263,320,240,,,,,,0.050,,,,,,,,,,,,,
VISION_NODET,1782884230.3523,0,1782884230.3513,10264,320,240,,,,,,0.050,,,,,,,,,,,,,
VISION_NODET,1782884230.3583,0,1782884230.3545,10265,320,240,,,,,,0.050,,,,,,,,,,,,,
VISION_NODET,1782884230.3657,0,1782884230.3623,10266,320,240,,,,,,0.050,,,,,,,,,,,,,
VISION_NODET,1782884230.3718,0,1782884230.3695,10267,320,240,,,,,,0.050,,,,,,,,,,,,,
VISION_NODET,1782884230.3755,0,1782884230.3733,10268,320,240,,,,,,0.050,,,,,,,,,,,,,
VISION_NODET,1782884230.3764,0,1782884230.3753,10269,320,240,,,,,,0.050,,,,,,,,,,,,,
VISION_NODET,1782884230.3776,0,1782884230.3772,10270,320,240,,,,,,0.050,,,,,,,,,,,,,
VISION_NODET,1782884230.3805,0,1782884230.3786,10271,320,240,,,,,,0.050,,,,,,,,,,,,,
VISION_NODET,1782884230.3814,0,1782884230.3803,10272,320,240,,,,,,0.050,,,,,,,,,,,,,
VISION_NODET,1782884230.3828,0,1782884230.3823,10273,320,240,,,,,,0.050,,,,,,,,,,,,,
VISION_NODET,1782884230.3841,0,1782884230.3837,10274,320,240,,,,,,0.050,,,,,,,,,,,,,
VISION_NODET,1782884230.3851,0,1782884230.3847,10275,320,240,,,,,,0.050,,,,,,,,,,,,,
VISION_NODET,1782884230.3864,0,1782884230.3858,10276,320,240,,,,,,0.050,,,,,,,,,,,,,
VISION_NODET,1782884230.3884,0,1782884230.3871,10277,320,240,,,,,,0.050,,,,,,,,,,,,,
VISION_NODET,1782884230.3894,0,1782884230.3886,10278,320,240,,,,,,0.050,,,,,,,,,,,,,
VISION_NODET,1782884230.3909,0,1782884230.3905,10279,320,240,,,,,,0.050,,,,,,,,,,,,,
VISION_NODET,1782884230.3923,0,1782884230.3918,10280,320,240,,,,,,0.050,,,,,,,,,,,,,
VISION_NODET,1782884230.3936,0,1782884230.3931,10281,320,240,,,,,,0.050,,,,,,,,,,,,,
VISION_NODET,1782884230.3945,0,1782884230.3942,10282,320,240,,,,,,0.050,,,,,,,,,,,,,
VISION_NODET,1782884230.3967,0,1782884230.3956,10283,320,240,,,,,,0.050,,,,,,,,,,,,,
VISION_NODET,1782884230.4007,0,1782884230.3989,10284,320,240,,,,,,0.050,,,,,,,,,,,,,
VISION_NODET,1782884230.4038,0,1782884230.4031,10285,320,240,,,,,,0.050,,,,,,,,,,,,,
VISION_NODET,1782884230.4111,0,1782884230.4075,10286,320,240,,,,,,0.050,,,,,,,,,,,,,
VISION_NODET,1782884230.4263,0,1782884230.4234,10287,320,240,,,,,,0.050,,,,,,,,,,,,,
VISION_NODET,1782884230.4271,0,1782884230.4255,10288,320,240,,,,,,0.050,,,,,,,,,,,,,
VISION_NODET,1782884230.4287,0,1782884230.4270,10289,320,240,,,,,,0.050,,,,,,,,,,,,,
VISION_NODET,1782884230.4294,0,1782884230.4287,10290,320,240,,,,,,0.050,,,,,,,,,,,,,
VISION_NODET,1782884230.4317,0,1782884230.4308,10291,320,240,,,,,,0.050,,,,,,,,,,,,,
VISION_NODET,1782884230.4382,0,1782884230.4374,10292,320,240,,,,,,0.050,,,,,,,,,,,,,
VISION_NODET,1782884230.4411,0,1782884230.4392,10293,320,240,,,,,,0.050,,,,,,,,,,,,,
VISION_NODET,1782884230.4420,0,1782884230.4413,10294,320,240,,,,,,0.050,,,,,,,,,,,,,
VISION_NODET,1782884230.4433,0,1782884230.4428,10295,320,240,,,,,,0.050,,,,,,,,,,,,,
VISION_NODET,1782884230.4448,0,1782884230.4443,10296,320,240,,,,,,0.050,,,,,,,,,,,,,
VISION_NODET,1782884230.4488,0,1782884230.4461,10297,320,240,,,,,,0.050,,,,,,,,,,,,,
VISION_NODET,1782884230.4499,0,1782884230.4478,10298,320,240,,,,,,0.050,,,,,,,,,,,,,
VISION_NODET,1782884230.4578,0,1782884230.4494,10299,320,240,,,,,,0.050,,,,,,,,,,,,,
VISION_NODET,1782884230.4590,0,1782884230.4516,10300,320,240,,,,,,0.050,,,,,,,,,,,,,
VISION_NODET,1782884230.4597,0,1782884230.4567,10301,320,240,,,,,,0.050,,,,,,,,,,,,,
VISION_NODET,1782884230.4601,0,1782884230.4595,10302,320,240,,,,,,0.050,,,,,,,,,,,,,
VISION_NODET,1782884230.4696,0,1782884230.4648,10303,320,240,,,,,,0.050,,,,,,,,,,,,,
VISION_NODET,1782884230.4724,0,1782884230.4695,10304,320,240,,,,,,0.050,,,,,,,,,,,,,
VISION_NODET,1782884230.4807,0,1782884230.4744,10305,320,240,,,,,,0.050,,,,,,,,,,,,,
VISION_NODET,1782884230.4830,0,1782884230.4789,10306,320,240,,,,,,0.050,,,,,,,,,,,,,
VISION_NODET,1782884230.4836,0,1782884230.4804,10307,320,240,,,,,,0.050,,,,,,,,,,,,,
VISION_NODET,1782884230.4839,0,1782884230.4827,10308,320,240,,,,,,0.050,,,,,,,,,,,,,
VISION_NODET,1782884230.4850,0,1782884230.4843,10309,320,240,,,,,,0.050,,,,,,,,,,,,,
VISION_NODET,1782884230.4866,0,1782884230.4860,10310,320,240,,,,,,0.050,,,,,,,,,,,,,
VISION_NODET,1782884230.4878,0,1782884230.4874,10311,320,240,,,,,,0.050,,,,,,,,,,,,,
VISION_NODET,1782884230.4891,0,1782884230.4887,10312,320,240,,,,,,0.050,,,,,,,,,,,,,
VISION_NODET,1782884230.4907,0,1782884230.4902,10313,320,240,,,,,,0.050,,,,,,,,,,,,,
VISION_NODET,1782884230.4924,0,1782884230.4916,10314,320,240,,,,,,0.050,,,,,,,,,,,,,
VISION_NODET,1782884230.4933,0,1782884230.4930,10315,320,240,,,,,,0.050,,,,,,,,,,,,,
VISION_NODET,1782884230.4951,0,1782884230.4939,10316,320,240,,,,,,0.050,,,,,,,,,,,,,
VISION_NODET,1782884230.4957,0,1782884230.4952,10317,320,240,,,,,,0.050,,,,,,,,,,,,,
VISION_NODET,1782884230.4966,0,1782884230.4964,10318,320,240,,,,,,0.050,,,,,,,,,,,,,
VISION_NODET,1782884230.4981,0,1782884230.4978,10319,320,240,,,,,,0.050,,,,,,,,,,,,,
VISION_NODET,1782884230.4999,0,1782884230.4994,10320,320,240,,,,,,0.050,,,,,,,,,,,,,
VISION_NODET,1782884230.5016,0,1782884230.5009,10321,320,240,,,,,,0.050,,,,,,,,,,,,,
VISION_NODET,1782884230.5113,0,1782884230.5083,10322,320,240,,,,,,0.050,,,,,,,,,,,,,
VISION_NODET,1782884230.5131,0,1782884230.5121,10323,320,240,,,,,,0.050,,,,,,,,,,,,,
VISION_NODET,1782884230.5223,0,1782884230.5189,10324,320,240,,,,,,0.050,,,,,,,,,,,,,
VISION_NODET,1782884230.5297,0,1782884230.5255,10325,320,240,,,,,,0.050,,,,,,,,,,,,,
VISION_NODET,1782884230.5363,0,1782884230.5357,10326,320,240,,,,,,0.050,,,,,,,,,,,,,
VISION_NODET,1782884230.5397,0,1782884230.5385,10327,320,240,,,,,,0.050,,,,,,,,,,,,,
VISION_NODET,1782884230.5410,0,1782884230.5403,10328,320,240,,,,,,0.050,,,,,,,,,,,,,
VISION_NODET,1782884230.5419,0,1782884230.5415,10329,320,240,,,,,,0.050,,,,,,,,,,,,,
VISION_NODET,1782884230.5436,0,1782884230.5429,10330,320,240,,,,,,0.050,,,,,,,,,,,,,
VISION_NODET,1782884230.5449,0,1782884230.5446,10331,320,240,,,,,,0.050,,,,,,,,,,,,,
VISION_NODET,1782884230.5464,0,1782884230.5461,10332,320,240,,,,,,0.050,,,,,,,,,,,,,
VISION_NODET,1782884230.5483,0,1782884230.5478,10333,320,240,,,,,,0.050,,,,,,,,,,,,,
VISION_NODET,1782884230.5497,0,1782884230.5490,10334,320,240,,,,,,0.050,,,,,,,,,,,,,
VISION_NODET,1782884230.5508,0,1782884230.5504,10335,320,240,,,,,,0.050,,,,,,,,,,,,,
VISION_NODET,1782884230.5518,0,1782884230.5515,10336,320,240,,,,,,0.050,,,,,,,,,,,,,
VISION_NODET,1782884230.5542,0,1782884230.5534,10337,320,240,,,,,,0.050,,,,,,,,,,,,,
VISION_NODET,1782884230.5562,0,1782884230.5551,10338,320,240,,,,,,0.050,,,,,,,,,,,,,
VISION_NODET,1782884230.5630,0,1782884230.5618,10339,320,240,,,,,,0.050,,,,,,,,,,,,,
VISION_NODET,1782884230.5738,0,1782884230.5689,10340,320,240,,,,,,0.050,,,,,,,,,,,,,
VISION_NODET,1782884230.5847,0,1782884230.5812,10341,320,240,,,,,,0.050,,,,,,,,,,,,,
VISION_NODET,1782884230.5880,0,1782884230.5874,10342,320,240,,,,,,0.050,,,,,,,,,,,,,
VISION_NODET,1782884230.5905,0,1782884230.5898,10343,320,240,,,,,,0.050,,,,,,,,,,,,,
VISION_NODET,1782884230.5923,0,1782884230.5913,10344,320,240,,,,,,0.050,,,,,,,,,,,,,
VISION_NODET,1782884230.5933,0,1782884230.5929,10345,320,240,,,,,,0.050,,,,,,,,,,,,,
VISION_NODET,1782884230.5945,0,1782884230.5941,10346,320,240,,,,,,0.050,,,,,,,,,,,,,
VISION_NODET,1782884230.5984,0,1782884230.5956,10347,320,240,,,,,,0.050,,,,,,,,,,,,,
VISION_NODET,1782884230.5992,0,1782884230.5966,10348,320,240,,,,,,0.050,,,,,,,,,,,,,
VISION_NODET,1782884230.5994,0,1782884230.5977,10349,320,240,,,,,,0.050,,,,,,,,,,,,,
VISION_NODET,1782884230.5997,0,1782884230.5989,10350,320,240,,,,,,0.050,,,,,,,,,,,,,
VISION_NODET,1782884230.6005,0,1782884230.6002,10351,320,240,,,,,,0.050,,,,,,,,,,,,,
VISION_NODET,1782884230.6020,0,1782884230.6016,10352,320,240,,,,,,0.050,,,,,,,,,,,,,
VISION_NODET,1782884230.6030,0,1782884230.6028,10353,320,240,,,,,,0.050,,,,,,,,,,,,,
VISION_NODET,1782884230.6080,0,1782884230.6072,10354,320,240,,,,,,0.050,,,,,,,,,,,,,
VISION_NODET,1782884230.6090,0,1782884230.6087,10355,320,240,,,,,,0.050,,,,,,,,,,,,,
VISION_NODET,1782884230.6150,0,1782884230.6101,10356,320,240,,,,,,0.050,,,,,,,,,,,,,
VISION_NODET,1782884230.6206,0,1782884230.6166,10357,320,240,,,,,,0.050,,,,,,,,,,,,,
VISION_NODET,1782884230.6359,0,1782884230.6216,10358,320,240,,,,,,0.050,,,,,,,,,,,,,
VISION_NODET,1782884230.6452,0,1782884230.6275,10359,320,240,,,,,,0.050,,,,,,,,,,,,,
VISION_NODET,1782884230.6474,0,1782884230.6326,10360,320,240,,,,,,0.050,,,,,,,,,,,,,
VISION_NODET,1782884230.6493,0,1782884230.6404,10361,320,240,,,,,,0.050,,,,,,,,,,,,,
VISION_NODET,1782884230.6523,0,1782884230.6426,10362,320,240,,,,,,0.050,,,,,,,,,,,,,
VISION_NODET,1782884230.6535,0,1782884230.6443,10363,320,240,,,,,,0.050,,,,,,,,,,,,,
VISION_NODET,1782884230.6548,0,1782884230.6466,10364,320,240,,,,,,0.050,,,,,,,,,,,,,
VISION_NODET,1782884230.6562,0,1782884230.6488,10365,320,240,,,,,,0.050,,,,,,,,,,,,,
VISION_NODET,1782884230.6575,0,1782884230.6504,10366,320,240,,,,,,0.050,,,,,,,,,,,,,
VISION_NODET,1782884230.6590,0,1782884230.6521,10367,320,240,,,,,,0.050,,,,,,,,,,,,,
VISION_NODET,1782884230.6606,0,1782884230.6540,10368,320,240,,,,,,0.050,,,,,,,,,,,,,
VISION_NODET,1782884230.6620,0,1782884230.6552,10369,320,240,,,,,,0.050,,,,,,,,,,,,,
VISION_NODET,1782884230.6635,0,1782884230.6568,10370,320,240,,,,,,0.050,,,,,,,,,,,,,
VISION_NODET,1782884230.6649,0,1782884230.6583,10371,320,240,,,,,,0.050,,,,,,,,,,,,,
VISION_NODET,1782884230.6661,0,1782884230.6599,10372,320,240,,,,,,0.050,,,,,,,,,,,,,
VISION_NODET,1782884230.6674,0,1782884230.6614,10373,320,240,,,,,,0.050,,,,,,,,,,,,,
VISION_NODET,1782884230.6688,0,1782884230.6630,10374,320,240,,,,,,0.050,,,,,,,,,,,,,
VISION_NODET,1782884230.6702,0,1782884230.6647,10375,320,240,,,,,,0.050,,,,,,,,,,,,,
VISION_NODET,1782884230.7026,0,1782884230.7015,10376,320,240,,,,,,0.050,,,,,,,,,,,,,
VISION_NODET,1782884230.7055,0,1782884230.7040,10377,320,240,,,,,,0.050,,,,,,,,,,,,,
VISION_NODET,1782884230.7078,0,1782884230.7072,10378,320,240,,,,,,0.050,,,,,,,,,,,,,
VISION_NODET,1782884230.7096,0,1782884230.7087,10379,320,240,,,,,,0.050,,,,,,,,,,,,,
VISION_NODET,1782884230.7118,0,1782884230.7103,10380,320,240,,,,,,0.050,,,,,,,,,,,,,
VISION_NODET,1782884230.7142,0,1782884230.7121,10381,320,240,,,,,,0.050,,,,,,,,,,,,,
VISION_NODET,1782884230.7159,0,1782884230.7135,10382,320,240,,,,,,0.050,,,,,,,,,,,,,
VISION_NODET,1782884230.7171,0,1782884230.7153,10383,320,240,,,,,,0.050,,,,,,,,,,,,,
VISION_NODET,1782884230.7183,0,1782884230.7176,10384,320,240,,,,,,0.050,,,,,,,,,,,,,
VISION_NODET,1782884230.7196,0,1782884230.7192,10385,320,240,,,,,,0.050,,,,,,,,,,,,,
VISION_NODET,1782884230.7214,0,1782884230.7208,10386,320,240,,,,,,0.050,,,,,,,,,,,,,
VISION_NODET,1782884230.7230,0,1782884230.7224,10387,320,240,,,,,,0.050,,,,,,,,,,,,,
VISION_NODET,1782884230.7261,0,1782884230.7244,10388,320,240,,,,,,0.050,,,,,,,,,,,,,
VISION_NODET,1782884230.7289,0,1782884230.7275,10389,320,240,,,,,,0.050,,,,,,,,,,,,,
VISION_NODET,1782884230.7398,0,1782884230.7367,10390,320,240,,,,,,0.050,,,,,,,,,,,,,
VISION_NODET,1782884230.7505,0,1782884230.7465,10391,320,240,,,,,,0.050,,,,,,,,,,,,,
VISION_NODET,1782884230.7533,0,1782884230.7510,10392,320,240,,,,,,0.050,,,,,,,,,,,,,
VISION_NODET,1782884230.7547,0,1782884230.7535,10393,320,240,,,,,,0.050,,,,,,,,,,,,,
VISION_NODET,1782884230.7570,0,1782884230.7548,10394,320,240,,,,,,0.050,,,,,,,,,,,,,
VISION_NODET,1782884230.7600,0,1782884230.7594,10395,320,240,,,,,,0.050,,,,,,,,,,,,,
VISION_NODET,1782884230.7615,0,1782884230.7607,10396,320,240,,,,,,0.050,,,,,,,,,,,,,
VISION_NODET,1782884230.7628,0,1782884230.7620,10397,320,240,,,,,,0.050,,,,,,,,,,,,,
VISION_NODET,1782884230.7646,0,1782884230.7633,10398,320,240,,,,,,0.050,,,,,,,,,,,,,
VISION_NODET,1782884230.7657,0,1782884230.7646,10399,320,240,,,,,,0.050,,,,,,,,,,,,,
VISION_NODET,1782884230.7668,0,1782884230.7659,10400,320,240,,,,,,0.050,,,,,,,,,,,,,
VISION_NODET,1782884230.7682,0,1782884230.7671,10401,320,240,,,,,,0.050,,,,,,,,,,,,,
VISION_NODET,1782884230.7692,0,1782884230.7686,10402,320,240,,,,,,0.050,,,,,,,,,,,,,
VISION_NODET,1782884230.7703,0,1782884230.7699,10403,320,240,,,,,,0.050,,,,,,,,,,,,,
VISION_NODET,1782884230.7798,0,1782884230.7730,10404,320,240,,,,,,0.050,,,,,,,,,,,,,
VISION_NODET,1782884230.7873,0,1782884230.7792,10405,320,240,,,,,,0.050,,,,,,,,,,,,,
VISION_NODET,1782884230.7954,0,1782884230.7815,10406,320,240,,,,,,0.050,,,,,,,,,,,,,
VISION_NODET,1782884230.7985,0,1782884230.7873,10407,320,240,,,,,,0.050,,,,,,,,,,,,,
VISION_NODET,1782884230.8000,0,1782884230.7908,10408,320,240,,,,,,0.050,,,,,,,,,,,,,
VISION_NODET,1782884230.8015,0,1782884230.7962,10409,320,240,,,,,,0.050,,,,,,,,,,,,,
VISION_NODET,1782884230.8030,0,1782884230.8010,10410,320,240,,,,,,0.050,,,,,,,,,,,,,
VISION_NODET,1782884230.8043,0,1782884230.8025,10411,320,240,,,,,,0.050,,,,,,,,,,,,,
VISION_NODET,1782884230.8056,0,1782884230.8038,10412,320,240,,,,,,0.050,,,,,,,,,,,,,
VISION_NODET,1782884230.8069,0,1782884230.8053,10413,320,240,,,,,,0.050,,,,,,,,,,,,,
VISION_NODET,1782884230.8083,0,1782884230.8066,10414,320,240,,,,,,0.050,,,,,,,,,,,,,
VISION_NODET,1782884230.8097,0,1782884230.8082,10415,320,240,,,,,,0.050,,,,,,,,,,,,,
VISION_NODET,1782884230.8112,0,1782884230.8096,10416,320,240,,,,,,0.050,,,,,,,,,,,,,
VISION_NODET,1782884230.8126,0,1782884230.8113,10417,320,240,,,,,,0.050,,,,,,,,,,,,,
VISION_NODET,1782884230.8140,0,1782884230.8126,10418,320,240,,,,,,0.050,,,,,,,,,,,,,
VISION_NODET,1782884230.8154,0,1782884230.8140,10419,320,240,,,,,,0.050,,,,,,,,,,,,,
VISION_NODET,1782884230.8168,0,1782884230.8153,10420,320,240,,,,,,0.050,,,,,,,,,,,,,
VISION_NODET,1782884230.8194,0,1782884230.8186,10421,320,240,,,,,,0.050,,,,,,,,,,,,,
VISION_NODET,1782884230.8211,0,1782884230.8206,10422,320,240,,,,,,0.050,,,,,,,,,,,,,
VISION_NODET,1782884230.8230,0,1782884230.8225,10423,320,240,,,,,,0.050,,,,,,,,,,,,,
VISION_NODET,1782884230.8248,0,1782884230.8239,10424,320,240,,,,,,0.050,,,,,,,,,,,,,
VISION_NODET,1782884230.8339,0,1782884230.8309,10425,320,240,,,,,,0.050,,,,,,,,,,,,,
VISION_NODET,1782884230.8436,0,1782884230.8347,10426,320,240,,,,,,0.050,,,,,,,,,,,,,
VISION_NODET,1782884230.8538,0,1782884230.8431,10427,320,240,,,,,,0.050,,,,,,,,,,,,,
VISION_NODET,1782884230.8574,0,1782884230.8494,10428,320,240,,,,,,0.050,,,,,,,,,,,,,
VISION_NODET,1782884230.8603,0,1782884230.8548,10429,320,240,,,,,,0.050,,,,,,,,,,,,,
VISION_NODET,1782884230.8627,0,1782884230.8568,10430,320,240,,,,,,0.050,,,,,,,,,,,,,
VISION_NODET,1782884230.8646,0,1782884230.8592,10431,320,240,,,,,,0.050,,,,,,,,,,,,,
VISION_NODET,1782884230.8663,0,1782884230.8609,10432,320,240,,,,,,0.050,,,,,,,,,,,,,
VISION_NODET,1782884230.8688,0,1782884230.8627,10433,320,240,,,,,,0.050,,,,,,,,,,,,,
VISION_NODET,1782884230.8709,0,1782884230.8646,10434,320,240,,,,,,0.050,,,,,,,,,,,,,
VISION_NODET,1782884230.8723,0,1782884230.8663,10435,320,240,,,,,,0.050,,,,,,,,,,,,,
VISION_NODET,1782884230.8735,0,1782884230.8682,10436,320,240,,,,,,0.050,,,,,,,,,,,,,
VISION_NODET,1782884230.8763,0,1782884230.8705,10437,320,240,,,,,,0.050,,,,,,,,,,,,,
VISION_NODET,1782884230.8796,0,1782884230.8722,10438,320,240,,,,,,0.050,,,,,,,,,,,,,
VISION_NODET,1782884230.8820,0,1782884230.8734,10439,320,240,,,,,,0.050,,,,,,,,,,,,,
VISION_NODET,1782884230.8851,0,1782884230.8752,10440,320,240,,,,,,0.050,,,,,,,,,,,,,
VISION_NODET,1782884230.8912,0,1782884230.8768,10441,320,240,,,,,,0.050,,,,,,,,,,,,,
VISION_NODET,1782884230.8990,0,1782884230.8787,10442,320,240,,,,,,0.050,,,,,,,,,,,,,
VISION_NODET,1782884230.9046,0,1782884230.8808,10443,320,240,,,,,,0.050,,,,,,,,,,,,,
VISION_NODET,1782884230.9079,0,1782884230.8825,10444,320,240,,,,,,0.050,,,,,,,,,,,,,
VISION_NODET,1782884230.9098,0,1782884230.8856,10445,320,240,,,,,,0.050,,,,,,,,,,,,,
VISION_NODET,1782884230.9113,0,1782884230.8881,10446,320,240,,,,,,0.050,,,,,,,,,,,,,
VISION_NODET,1782884230.9129,0,1782884230.8931,10447,320,240,,,,,,0.050,,,,,,,,,,,,,
VISION_NODET,1782884230.9145,0,1782884230.8995,10448,320,240,,,,,,0.050,,,,,,,,,,,,,
VISION_NODET,1782884230.9160,0,1782884230.9050,10449,320,240,,,,,,0.050,,,,,,,,,,,,,
VISION_NODET,1782884230.9174,0,1782884230.9095,10450,320,240,,,,,,0.050,,,,,,,,,,,,,
VISION_NODET,1782884230.9187,0,1782884230.9114,10451,320,240,,,,,,0.050,,,,,,,,,,,,,
VISION_NODET,1782884230.9202,0,1782884230.9128,10452,320,240,,,,,,0.050,,,,,,,,,,,,,
VISION_NODET,1782884230.9215,0,1782884230.9143,10453,320,240,,,,,,0.050,,,,,,,,,,,,,
VISION_NODET,1782884230.9236,0,1782884230.9156,10454,320,240,,,,,,0.050,,,,,,,,,,,,,
VISION_NODET,1782884230.9264,0,1782884230.9166,10455,320,240,,,,,,0.050,,,,,,,,,,,,,
VISION_NODET,1782884230.9282,0,1782884230.9179,10456,320,240,,,,,,0.050,,,,,,,,,,,,,
VISION_NODET,1782884230.9293,0,1782884230.9193,10457,320,240,,,,,,0.050,,,,,,,,,,,,,
VISION_NODET,1782884230.9302,0,1782884230.9205,10458,320,240,,,,,,0.050,,,,,,,,,,,,,
VISION_NODET,1782884230.9314,0,1782884230.9217,10459,320,240,,,,,,0.050,,,,,,,,,,,,,
VISION_NODET,1782884230.9336,0,1782884230.9232,10460,320,240,,,,,,0.050,,,,,,,,,,,,,
VISION_NODET,1782884230.9357,0,1782884230.9246,10461,320,240,,,,,,0.050,,,,,,,,,,,,,
VISION_NODET,1782884230.9383,0,1782884230.9261,10462,320,240,,,,,,0.050,,,,,,,,,,,,,
VISION_NODET,1782884230.9398,0,1782884230.9275,10463,320,240,,,,,,0.050,,,,,,,,,,,,,
VISION_NODET,1782884230.9414,0,1782884230.9290,10464,320,240,,,,,,0.050,,,,,,,,,,,,,
VISION_NODET,1782884230.9477,0,1782884230.9305,10465,320,240,,,,,,0.050,,,,,,,,,,,,,
VISION_NODET,1782884230.9529,0,1782884230.9364,10466,320,240,,,,,,0.050,,,,,,,,,,,,,
VISION_NODET,1782884230.9585,0,1782884230.9398,10467,320,240,,,,,,0.050,,,,,,,,,,,,,
VISION_NODET,1782884230.9605,0,1782884230.9441,10468,320,240,,,,,,0.050,,,,,,,,,,,,,
VISION_NODET,1782884230.9623,0,1782884230.9496,10469,320,240,,,,,,0.050,,,,,,,,,,,,,
VISION_NODET,1782884230.9638,0,1782884230.9549,10470,320,240,,,,,,0.050,,,,,,,,,,,,,
VISION_NODET,1782884230.9658,0,1782884230.9622,10471,320,240,,,,,,0.050,,,,,,,,,,,,,
VISION_NODET,1782884230.9672,0,1782884230.9646,10472,320,240,,,,,,0.050,,,,,,,,,,,,,
VISION_NODET,1782884230.9686,0,1782884230.9671,10473,320,240,,,,,,0.050,,,,,,,,,,,,,
VISION_NODET,1782884230.9700,0,1782884230.9685,10474,320,240,,,,,,0.050,,,,,,,,,,,,,
VISION_NODET,1782884230.9717,0,1782884230.9703,10475,320,240,,,,,,0.050,,,,,,,,,,,,,
VISION_NODET,1782884230.9760,0,1782884230.9741,10476,320,240,,,,,,0.050,,,,,,,,,,,,,
VISION_NODET,1782884230.9776,0,1782884230.9759,10477,320,240,,,,,,0.050,,,,,,,,,,,,,
VISION_NODET,1782884230.9786,0,1782884230.9775,10478,320,240,,,,,,0.050,,,,,,,,,,,,,
VISION_NODET,1782884230.9799,0,1782884230.9794,10479,320,240,,,,,,0.050,,,,,,,,,,,,,
VISION_NODET,1782884230.9832,0,1782884230.9807,10480,320,240,,,,,,0.050,,,,,,,,,,,,,
VISION_NODET,1782884230.9845,0,1782884230.9819,10481,320,240,,,,,,0.050,,,,,,,,,,,,,
VISION_NODET,1782884230.9854,0,1782884230.9830,10482,320,240,,,,,,0.050,,,,,,,,,,,,,
VISION_NODET,1782884230.9872,0,1782884230.9841,10483,320,240,,,,,,0.050,,,,,,,,,,,,,
VISION_NODET,1782884230.9930,0,1782884230.9910,10484,320,240,,,,,,0.050,,,,,,,,,,,,,
VISION_NODET,1782884230.9957,0,1782884230.9945,10485,320,240,,,,,,0.050,,,,,,,,,,,,,
VISION_NODET,1782884231.0016,0,1782884230.9990,10486,320,240,,,,,,0.050,,,,,,,,,,,,,
VISION_NODET,1782884231.0121,0,1782884231.0071,10487,320,240,,,,,,0.050,,,,,,,,,,,,,
VISION_NODET,1782884231.0152,0,1782884231.0126,10488,320,240,,,,,,0.050,,,,,,,,,,,,,
VISION_NODET,1782884231.0187,0,1782884231.0175,10489,320,240,,,,,,0.050,,,,,,,,,,,,,
VISION_NODET,1782884231.0203,0,1782884231.0195,10490,320,240,,,,,,0.050,,,,,,,,,,,,,
VISION_NODET,1782884231.0219,0,1782884231.0213,10491,320,240,,,,,,0.050,,,,,,,,,,,,,
VISION_NODET,1782884231.0249,0,1782884231.0244,10492,320,240,,,,,,0.050,,,,,,,,,,,,,
VISION_NODET,1782884231.0267,0,1782884231.0259,10493,320,240,,,,,,0.050,,,,,,,,,,,,,
VISION_NODET,1782884231.0280,0,1782884231.0274,10494,320,240,,,,,,0.050,,,,,,,,,,,,,
VISION_NODET,1782884231.0304,0,1782884231.0291,10495,320,240,,,,,,0.050,,,,,,,,,,,,,
VISION_NODET,1782884231.0325,0,1782884231.0309,10496,320,240,,,,,,0.050,,,,,,,,,,,,,
VISION_NODET,1782884231.0341,0,1782884231.0323,10497,320,240,,,,,,0.050,,,,,,,,,,,,,
VISION_NODET,1782884231.0359,0,1782884231.0338,10498,320,240,,,,,,0.050,,,,,,,,,,,,,
VISION_NODET,1782884231.0383,0,1782884231.0365,10499,320,240,,,,,,0.050,,,,,,,,,,,,,
VISION_NODET,1782884231.0418,0,1782884231.0382,10500,320,240,,,,,,0.050,,,,,,,,,,,,,
VISION_NODET,1782884231.0549,0,1782884231.0525,10501,320,240,,,,,,0.050,,,,,,,,,,,,,
VISION_NODET,1782884231.0622,0,1782884231.0568,10502,320,240,,,,,,0.050,,,,,,,,,,,,,
VISION_NODET,1782884231.0678,0,1782884231.0658,10503,320,240,,,,,,0.050,,,,,,,,,,,,,
VISION_NODET,1782884231.0698,0,1782884231.0684,10504,320,240,,,,,,0.050,,,,,,,,,,,,,
VISION_NODET,1782884231.0720,0,1782884231.0713,10505,320,240,,,,,,0.050,,,,,,,,,,,,,
VISION_NODET,1782884231.0747,0,1782884231.0738,10506,320,240,,,,,,0.050,,,,,,,,,,,,,
VISION_NODET,1782884231.0768,0,1782884231.0757,10507,320,240,,,,,,0.050,,,,,,,,,,,,,
VISION_NODET,1782884231.0802,0,1782884231.0795,10508,320,240,,,,,,0.050,,,,,,,,,,,,,
VISION_NODET,1782884231.0854,0,1782884231.0829,10509,320,240,,,,,,0.050,,,,,,,,,,,,,
VISION_NODET,1782884231.0864,0,1782884231.0851,10510,320,240,,,,,,0.050,,,,,,,,,,,,,
VISION_NODET,1782884231.0874,0,1782884231.0865,10511,320,240,,,,,,0.050,,,,,,,,,,,,,
VISION_NODET,1782884231.0885,0,1782884231.0874,10512,320,240,,,,,,0.050,,,,,,,,,,,,,
VISION_NODET,1782884231.0895,0,1782884231.0887,10513,320,240,,,,,,0.050,,,,,,,,,,,,,
VISION_NODET,1782884231.0906,0,1782884231.0901,10514,320,240,,,,,,0.050,,,,,,,,,,,,,
VISION_NODET,1782884231.0918,0,1782884231.0915,10515,320,240,,,,,,0.050,,,,,,,,,,,,,
VISION_NODET,1782884231.0930,0,1782884231.0927,10516,320,240,,,,,,0.050,,,,,,,,,,,,,
VISION_NODET,1782884231.0943,0,1782884231.0939,10517,320,240,,,,,,0.050,,,,,,,,,,,,,
VISION_NODET,1782884231.0958,0,1782884231.0955,10518,320,240,,,,,,0.050,,,,,,,,,,,,,
VISION_NODET,1782884231.0973,0,1782884231.0965,10519,320,240,,,,,,0.050,,,,,,,,,,,,,
VISION_NODET,1782884231.1041,0,1782884231.1014,10520,320,240,,,,,,0.050,,,,,,,,,,,,,
VISION_NODET,1782884231.1079,0,1782884231.1053,10521,320,240,,,,,,0.050,,,,,,,,,,,,,
VISION_NODET,1782884231.1132,0,1782884231.1096,10522,320,240,,,,,,0.050,,,,,,,,,,,,,
VISION_NODET,1782884231.1186,0,1782884231.1152,10523,320,240,,,,,,0.050,,,,,,,,,,,,,
VISION_NODET,1782884231.1249,0,1782884231.1241,10524,320,240,,,,,,0.050,,,,,,,,,,,,,
VISION_NODET,1782884231.1286,0,1782884231.1279,10525,320,240,,,,,,0.050,,,,,,,,,,,,,
VISION_NODET,1782884231.1327,0,1782884231.1321,10526,320,240,,,,,,0.050,,,,,,,,,,,,,
VISION_NODET,1782884231.1353,0,1782884231.1337,10527,320,240,,,,,,0.050,,,,,,,,,,,,,
VISION_NODET,1782884231.1366,0,1782884231.1351,10528,320,240,,,,,,0.050,,,,,,,,,,,,,
VISION_NODET,1782884231.1376,0,1782884231.1366,10529,320,240,,,,,,0.050,,,,,,,,,,,,,
VISION_NODET,1782884231.1393,0,1782884231.1378,10530,320,240,,,,,,0.050,,,,,,,,,,,,,
VISION_NODET,1782884231.1410,0,1782884231.1396,10531,320,240,,,,,,0.050,,,,,,,,,,,,,
VISION_NODET,1782884231.1423,0,1782884231.1412,10532,320,240,,,,,,0.050,,,,,,,,,,,,,
VISION_NODET,1782884231.1444,0,1782884231.1439,10533,320,240,,,,,,0.050,,,,,,,,,,,,,
VISION_NODET,1782884231.1460,0,1782884231.1453,10534,320,240,,,,,,0.050,,,,,,,,,,,,,
VISION_NODET,1782884231.1476,0,1782884231.1472,10535,320,240,,,,,,0.050,,,,,,,,,,,,,
VISION_NODET,1782884231.1494,0,1782884231.1488,10536,320,240,,,,,,0.050,,,,,,,,,,,,,
VISION_NODET,1782884231.1537,0,1782884231.1526,10537,320,240,,,,,,0.050,,,,,,,,,,,,,
VISION_NODET,1782884231.1567,0,1782884231.1545,10538,320,240,,,,,,0.050,,,,,,,,,,,,,
VISION_NODET,1782884231.1612,0,1782884231.1579,10539,320,240,,,,,,0.050,,,,,,,,,,,,,
VISION_NODET,1782884231.1672,0,1782884231.1621,10540,320,240,,,,,,0.050,,,,,,,,,,,,,
VISION_NODET,1782884231.1720,0,1782884231.1658,10541,320,240,,,,,,0.050,,,,,,,,,,,,,
VISION_NODET,1782884231.1832,0,1782884231.1725,10542,320,240,,,,,,0.050,,,,,,,,,,,,,
VISION_NODET,1782884231.1852,0,1782884231.1793,10543,320,240,,,,,,0.050,,,,,,,,,,,,,
VISION_NODET,1782884231.1874,0,1782884231.1838,10544,320,240,,,,,,0.050,,,,,,,,,,,,,
VISION_NODET,1782884231.1896,0,1782884231.1856,10545,320,240,,,,,,0.050,,,,,,,,,,,,,
VISION_NODET,1782884231.1913,0,1782884231.1872,10546,320,240,,,,,,0.050,,,,,,,,,,,,,
VISION_NODET,1782884231.1929,0,1782884231.1892,10547,320,240,,,,,,0.050,,,,,,,,,,,,,
VISION_NODET,1782884231.1944,0,1782884231.1910,10548,320,240,,,,,,0.050,,,,,,,,,,,,,
VISION_NODET,1782884231.1957,0,1782884231.1925,10549,320,240,,,,,,0.050,,,,,,,,,,,,,
VISION_NODET,1782884231.1970,0,1782884231.1941,10550,320,240,,,,,,0.050,,,,,,,,,,,,,
VISION_NODET,1782884231.1984,0,1782884231.1957,10551,320,240,,,,,,0.050,,,,,,,,,,,,,
VISION_NODET,1782884231.1994,0,1782884231.1970,10552,320,240,,,,,,0.050,,,,,,,,,,,,,
VISION_NODET,1782884231.2012,0,1782884231.1987,10553,320,240,,,,,,0.050,,,,,,,,,,,,,
VISION_NODET,1782884231.2025,0,1782884231.2003,10554,320,240,,,,,,0.050,,,,,,,,,,,,,
VISION_NODET,1782884231.2038,0,1782884231.2016,10555,320,240,,,,,,0.050,,,,,,,,,,,,,
VISION_NODET,1782884231.2058,0,1782884231.2027,10556,320,240,,,,,,0.050,,,,,,,,,,,,,
VISION_NODET,1782884231.2115,0,1782884231.2095,10557,320,240,,,,,,0.050,,,,,,,,,,,,,
VISION_NODET,1782884231.2258,0,1782884231.2138,10558,320,240,,,,,,0.050,,,,,,,,,,,,,
VISION_NODET,1782884231.2337,0,1782884231.2211,10559,320,240,,,,,,0.050,,,,,,,,,,,,,
VISION_NODET,1782884231.2356,0,1782884231.2261,10560,320,240,,,,,,0.050,,,,,,,,,,,,,
VISION_NODET,1782884231.2373,0,1782884231.2310,10561,320,240,,,,,,0.050,,,,,,,,,,,,,
VISION_NODET,1782884231.2388,0,1782884231.2335,10562,320,240,,,,,,0.050,,,,,,,,,,,,,
VISION_NODET,1782884231.2407,0,1782884231.2355,10563,320,240,,,,,,0.050,,,,,,,,,,,,,
VISION_NODET,1782884231.2432,0,1782884231.2373,10564,320,240,,,,,,0.050,,,,,,,,,,,,,
VISION_NODET,1782884231.2451,0,1782884231.2389,10565,320,240,,,,,,0.050,,,,,,,,,,,,,
VISION_NODET,1782884231.2471,0,1782884231.2408,10566,320,240,,,,,,0.050,,,,,,,,,,,,,
VISION_NODET,1782884231.2489,0,1782884231.2427,10567,320,240,,,,,,0.050,,,,,,,,,,,,,
VISION_NODET,1782884231.2512,0,1782884231.2440,10568,320,240,,,,,,0.050,,,,,,,,,,,,,
VISION_NODET,1782884231.2531,0,1782884231.2457,10569,320,240,,,,,,0.050,,,,,,,,,,,,,
VISION_NODET,1782884231.2546,0,1782884231.2484,10570,320,240,,,,,,0.050,,,,,,,,,,,,,
VISION_NODET,1782884231.2558,0,1782884231.2506,10571,320,240,,,,,,0.050,,,,,,,,,,,,,
VISION_NODET,1782884231.2568,0,1782884231.2524,10572,320,240,,,,,,0.050,,,,,,,,,,,,,
VISION_NODET,1782884231.2577,0,1782884231.2545,10573,320,240,,,,,,0.050,,,,,,,,,,,,,
VISION_NODET,1782884231.2595,0,1782884231.2559,10574,320,240,,,,,,0.050,,,,,,,,,,,,,
VISION_NODET,1782884231.2649,0,1782884231.2627,10575,320,240,,,,,,0.050,,,,,,,,,,,,,
VISION_NODET,1782884231.2869,0,1782884231.2860,10576,320,240,,,,,,0.050,,,,,,,,,,,,,
VISION_NODET,1782884231.2883,0,1782884231.2876,10577,320,240,,,,,,0.050,,,,,,,,,,,,,
VISION_NODET,1782884231.2898,0,1782884231.2889,10578,320,240,,,,,,0.050,,,,,,,,,,,,,
VISION_NODET,1782884231.2929,0,1782884231.2910,10579,320,240,,,,,,0.050,,,,,,,,,,,,,
VISION_NODET,1782884231.2948,0,1782884231.2925,10580,320,240,,,,,,0.050,,,,,,,,,,,,,
VISION_NODET,1782884231.2967,0,1782884231.2943,10581,320,240,,,,,,0.050,,,,,,,,,,,,,
VISION_NODET,1782884231.2981,0,1782884231.2962,10582,320,240,,,,,,0.050,,,,,,,,,,,,,
VISION_NODET,1782884231.2994,0,1782884231.2974,10583,320,240,,,,,,0.050,,,,,,,,,,,,,
VISION_NODET,1782884231.3007,0,1782884231.2988,10584,320,240,,,,,,0.050,,,,,,,,,,,,,
VISION_NODET,1782884231.3022,0,1782884231.3002,10585,320,240,,,,,,0.050,,,,,,,,,,,,,
VISION_NODET,1782884231.3044,0,1782884231.3024,10586,320,240,,,,,,0.050,,,,,,,,,,,,,
VISION_NODET,1782884231.3062,0,1782884231.3039,10587,320,240,,,,,,0.050,,,,,,,,,,,,,
VISION_NODET,1782884231.3075,0,1782884231.3052,10588,320,240,,,,,,0.050,,,,,,,,,,,,,
VISION_NODET,1782884231.3089,0,1782884231.3072,10589,320,240,,,,,,0.050,,,,,,,,,,,,,
VISION_NODET,1782884231.3106,0,1782884231.3082,10590,320,240,,,,,,0.050,,,,,,,,,,,,,
VISION_NODET,1782884231.3145,0,1782884231.3093,10591,320,240,,,,,,0.050,,,,,,,,,,,,,
VISION_NODET,1782884231.3181,0,1782884231.3107,10592,320,240,,,,,,0.050,,,,,,,,,,,,,
VISION_NODET,1782884231.3233,0,1782884231.3179,10593,320,240,,,,,,0.050,,,,,,,,,,,,,
VISION_NODET,1782884231.3282,0,1782884231.3220,10594,320,240,,,,,,0.050,,,,,,,,,,,,,
VISION_NODET,1782884231.3309,0,1782884231.3297,10595,320,240,,,,,,0.050,,,,,,,,,,,,,
VISION_NODET,1782884231.3368,0,1782884231.3353,10596,320,240,,,,,,0.050,,,,,,,,,,,,,
VISION_NODET,1782884231.3403,0,1782884231.3396,10597,320,240,,,,,,0.050,,,,,,,,,,,,,
VISION_NODET,1782884231.3426,0,1782884231.3417,10598,320,240,,,,,,0.050,,,,,,,,,,,,,
VISION_NODET,1782884231.3444,0,1782884231.3434,10599,320,240,,,,,,0.050,,,,,,,,,,,,,
VISION_NODET,1782884231.3459,0,1782884231.3445,10600,320,240,,,,,,0.050,,,,,,,,,,,,,
VISION_NODET,1782884231.3472,0,1782884231.3459,10601,320,240,,,,,,0.050,,,,,,,,,,,,,
VISION_NODET,1782884231.3485,0,1782884231.3474,10602,320,240,,,,,,0.050,,,,,,,,,,,,,
VISION_NODET,1782884231.3503,0,1782884231.3485,10603,320,240,,,,,,0.050,,,,,,,,,,,,,
VISION_NODET,1782884231.3512,0,1782884231.3499,10604,320,240,,,,,,0.050,,,,,,,,,,,,,
VISION_NODET,1782884231.3524,0,1782884231.3512,10605,320,240,,,,,,0.050,,,,,,,,,,,,,
VISION_NODET,1782884231.3532,0,1782884231.3521,10606,320,240,,,,,,0.050,,,,,,,,,,,,,
VISION_NODET,1782884231.3541,0,1782884231.3534,10607,320,240,,,,,,0.050,,,,,,,,,,,,,
VISION_NODET,1782884231.3562,0,1782884231.3546,10608,320,240,,,,,,0.050,,,,,,,,,,,,,
VISION_NODET,1782884231.3576,0,1782884231.3561,10609,320,240,,,,,,0.050,,,,,,,,,,,,,
VISION_NODET,1782884231.3586,0,1782884231.3577,10610,320,240,,,,,,0.050,,,,,,,,,,,,,
VISION_NODET,1782884231.3624,0,1782884231.3589,10611,320,240,,,,,,0.050,,,,,,,,,,,,,
VISION_NODET,1782884231.3662,0,1782884231.3604,10612,320,240,,,,,,0.050,,,,,,,,,,,,,
VISION_NODET,1782884231.3684,0,1782884231.3621,10613,320,240,,,,,,0.050,,,,,,,,,,,,,
VISION_NODET,1782884231.3716,0,1782884231.3636,10614,320,240,,,,,,0.050,,,,,,,,,,,,,
VISION_NODET,1782884231.3771,0,1782884231.3654,10615,320,240,,,,,,0.050,,,,,,,,,,,,,
VISION_NODET,1782884231.3834,0,1782884231.3710,10616,320,240,,,,,,0.050,,,,,,,,,,,,,
VISION_NODET,1782884231.3902,0,1782884231.3744,10617,320,240,,,,,,0.050,,,,,,,,,,,,,
VISION_NODET,1782884231.3938,0,1782884231.3793,10618,320,240,,,,,,0.050,,,,,,,,,,,,,
VISION_NODET,1782884231.3955,0,1782884231.3845,10619,320,240,,,,,,0.050,,,,,,,,,,,,,
VISION_NODET,1782884231.3968,0,1782884231.3894,10620,320,240,,,,,,0.050,,,,,,,,,,,,,
VISION_NODET,1782884231.3982,0,1782884231.3953,10621,320,240,,,,,,0.050,,,,,,,,,,,,,
VISION_NODET,1782884231.3994,0,1782884231.3978,10622,320,240,,,,,,0.050,,,,,,,,,,,,,
VISION_NODET,1782884231.4005,0,1782884231.3992,10623,320,240,,,,,,0.050,,,,,,,,,,,,,
VISION_NODET,1782884231.4019,0,1782884231.4007,10624,320,240,,,,,,0.050,,,,,,,,,,,,,
VISION_NODET,1782884231.4040,0,1782884231.4029,10625,320,240,,,,,,0.050,,,,,,,,,,,,,
VISION_NODET,1782884231.4103,0,1782884231.4093,10626,320,240,,,,,,0.050,,,,,,,,,,,,,
VISION_NODET,1782884231.4123,0,1782884231.4118,10627,320,240,,,,,,0.050,,,,,,,,,,,,,
VISION_NODET,1782884231.4153,0,1782884231.4133,10628,320,240,,,,,,0.050,,,,,,,,,,,,,
VISION_NODET,1782884231.4176,0,1782884231.4150,10629,320,240,,,,,,0.050,,,,,,,,,,,,,
VISION_NODET,1782884231.4223,0,1782884231.4170,10630,320,240,,,,,,0.050,,,,,,,,,,,,,
VISION_NODET,1782884231.4276,0,1782884231.4201,10631,320,240,,,,,,0.050,,,,,,,,,,,,,
VISION_NODET,1782884231.4331,0,1782884231.4279,10632,320,240,,,,,,0.050,,,,,,,,,,,,,
VISION_NODET,1782884231.4379,0,1782884231.4341,10633,320,240,,,,,,0.050,,,,,,,,,,,,,
VISION_NODET,1782884231.4428,0,1782884231.4386,10634,320,240,,,,,,0.050,,,,,,,,,,,,,
VISION_NODET,1782884231.4489,0,1782884231.4423,10635,320,240,,,,,,0.050,,,,,,,,,,,,,
VISION_NODET,1782884231.4530,0,1782884231.4500,10636,320,240,,,,,,0.050,,,,,,,,,,,,,
VISION_NODET,1782884231.4565,0,1782884231.4542,10637,320,240,,,,,,0.050,,,,,,,,,,,,,
VISION_NODET,1782884231.4588,0,1782884231.4575,10638,320,240,,,,,,0.050,,,,,,,,,,,,,
VISION_NODET,1782884231.4610,0,1782884231.4591,10639,320,240,,,,,,0.050,,,,,,,,,,,,,
VISION_NODET,1782884231.4624,0,1782884231.4609,10640,320,240,,,,,,0.050,,,,,,,,,,,,,
VISION_NODET,1782884231.4632,0,1782884231.4623,10641,320,240,,,,,,0.050,,,,,,,,,,,,,
VISION_NODET,1782884231.4648,0,1782884231.4634,10642,320,240,,,,,,0.050,,,,,,,,,,,,,
VISION_NODET,1782884231.4676,0,1782884231.4648,10643,320,240,,,,,,0.050,,,,,,,,,,,,,
VISION_NODET,1782884231.4690,0,1782884231.4665,10644,320,240,,,,,,0.050,,,,,,,,,,,,,
VISION_NODET,1782884231.4704,0,1782884231.4681,10645,320,240,,,,,,0.050,,,,,,,,,,,,,
VISION_NODET,1782884231.4721,0,1782884231.4705,10646,320,240,,,,,,0.050,,,,,,,,,,,,,
VISION_NODET,1782884231.4751,0,1782884231.4726,10647,320,240,,,,,,0.050,,,,,,,,,,,,,
VISION_NODET,1782884231.4770,0,1782884231.4745,10648,320,240,,,,,,0.050,,,,,,,,,,,,,
VISION_NODET,1782884231.4792,0,1782884231.4771,10649,320,240,,,,,,0.050,,,,,,,,,,,,,
VISION_NODET,1782884231.4834,0,1782884231.4799,10650,320,240,,,,,,0.050,,,,,,,,,,,,,
VISION_NODET,1782884231.4890,0,1782884231.4831,10651,320,240,,,,,,0.050,,,,,,,,,,,,,
VISION_NODET,1782884231.4936,0,1782884231.4875,10652,320,240,,,,,,0.050,,,,,,,,,,,,,
VISION_NODET,1782884231.5018,0,1782884231.4928,10653,320,240,,,,,,0.050,,,,,,,,,,,,,
VISION_NODET,1782884231.5050,0,1782884231.5020,10654,320,240,,,,,,0.050,,,,,,,,,,,,,
VISION_NODET,1782884231.5070,0,1782884231.5039,10655,320,240,,,,,,0.050,,,,,,,,,,,,,
VISION_NODET,1782884231.5088,0,1782884231.5076,10656,320,240,,,,,,0.050,,,,,,,,,,,,,
VISION_NODET,1782884231.5125,0,1782884231.5097,10657,320,240,,,,,,0.050,,,,,,,,,,,,,
VISION_NODET,1782884231.5151,0,1782884231.5126,10658,320,240,,,,,,0.050,,,,,,,,,,,,,
VISION_NODET,1782884231.5187,0,1782884231.5158,10659,320,240,,,,,,0.050,,,,,,,,,,,,,
VISION_NODET,1782884231.5205,0,1782884231.5196,10660,320,240,,,,,,0.050,,,,,,,,,,,,,
VISION_NODET,1782884231.5258,0,1782884231.5243,10661,320,240,,,,,,0.050,,,,,,,,,,,,,
VISION_NODET,1782884231.5316,0,1782884231.5267,10662,320,240,,,,,,0.050,,,,,,,,,,,,,
VISION_NODET,1782884231.5390,0,1782884231.5342,10663,320,240,,,,,,0.050,,,,,,,,,,,,,
VISION_NODET,1782884231.5487,0,1782884231.5418,10664,320,240,,,,,,0.050,,,,,,,,,,,,,
VISION_NODET,1782884231.5565,0,1782884231.5519,10665,320,240,,,,,,0.050,,,,,,,,,,,,,
VISION_NODET,1782884231.5618,0,1782884231.5596,10666,320,240,,,,,,0.050,,,,,,,,,,,,,
VISION_NODET,1782884231.5636,0,1782884231.5622,10667,320,240,,,,,,0.050,,,,,,,,,,,,,
VISION_NODET,1782884231.5649,0,1782884231.5637,10668,320,240,,,,,,0.050,,,,,,,,,,,,,
VISION_NODET,1782884231.5800,0,1782884231.5756,10669,320,240,,,,,,0.050,,,,,,,,,,,,,
VISION_NODET,1782884231.5877,0,1782884231.5832,10670,320,240,,,,,,0.050,,,,,,,,,,,,,
VISION_NODET,1782884231.5986,0,1782884231.5893,10671,320,240,,,,,,0.050,,,,,,,,,,,,,
VISION_NODET,1782884231.6069,0,1782884231.5962,10672,320,240,,,,,,0.050,,,,,,,,,,,,,
VISION_NODET,1782884231.6133,0,1782884231.6103,10673,320,240,,,,,,0.050,,,,,,,,,,,,,
VISION_NODET,1782884231.6162,0,1782884231.6137,10674,320,240,,,,,,0.050,,,,,,,,,,,,,
VISION_NODET,1782884231.6185,0,1782884231.6164,10675,320,240,,,,,,0.050,,,,,,,,,,,,,
VISION_NODET,1782884231.6203,0,1782884231.6177,10676,320,240,,,,,,0.050,,,,,,,,,,,,,
VISION_NODET,1782884231.6219,0,1782884231.6207,10677,320,240,,,,,,0.050,,,,,,,,,,,,,
VISION_NODET,1782884231.6235,0,1782884231.6221,10678,320,240,,,,,,0.050,,,,,,,,,,,,,
VISION_NODET,1782884231.6250,0,1782884231.6238,10679,320,240,,,,,,0.050,,,,,,,,,,,,,
VISION_NODET,1782884231.6264,0,1782884231.6252,10680,320,240,,,,,,0.050,,,,,,,,,,,,,
VISION_NODET,1782884231.6278,0,1782884231.6265,10681,320,240,,,,,,0.050,,,,,,,,,,,,,
VISION_NODET,1782884231.6294,0,1782884231.6281,10682,320,240,,,,,,0.050,,,,,,,,,,,,,
VISION_NODET,1782884231.6307,0,1782884231.6297,10683,320,240,,,,,,0.050,,,,,,,,,,,,,
VISION_NODET,1782884231.6322,0,1782884231.6308,10684,320,240,,,,,,0.050,,,,,,,,,,,,,
VISION_NODET,1782884231.6341,0,1782884231.6320,10685,320,240,,,,,,0.050,,,,,,,,,,,,,
VISION_NODET,1782884231.6356,0,1782884231.6342,10686,320,240,,,,,,0.050,,,,,,,,,,,,,
VISION_NODET,1782884231.6369,0,1782884231.6361,10687,320,240,,,,,,0.050,,,,,,,,,,,,,
VISION_NODET,1782884231.6384,0,1782884231.6378,10688,320,240,,,,,,0.050,,,,,,,,,,,,,
VISION_NODET,1782884231.6430,0,1782884231.6398,10689,320,240,,,,,,0.050,,,,,,,,,,,,,
VISION_NODET,1782884231.6532,0,1782884231.6490,10690,320,240,,,,,,0.050,,,,,,,,,,,,,
VISION_NODET,1782884231.6588,0,1782884231.6559,10691,320,240,,,,,,0.050,,,,,,,,,,,,,
VISION_NODET,1782884231.6660,0,1782884231.6640,10692,320,240,,,,,,0.050,,,,,,,,,,,,,
VISION_NODET,1782884231.6707,0,1782884231.6675,10693,320,240,,,,,,0.050,,,,,,,,,,,,,
VISION_NODET,1782884231.6724,0,1782884231.6710,10694,320,240,,,,,,0.050,,,,,,,,,,,,,
VISION_NODET,1782884231.6758,0,1782884231.6725,10695,320,240,,,,,,0.050,,,,,,,,,,,,,
VISION_NODET,1782884231.6772,0,1782884231.6749,10696,320,240,,,,,,0.050,,,,,,,,,,,,,
VISION_NODET,1782884231.6789,0,1782884231.6763,10697,320,240,,,,,,0.050,,,,,,,,,,,,,
VISION_NODET,1782884231.6805,0,1782884231.6789,10698,320,240,,,,,,0.050,,,,,,,,,,,,,
VISION_NODET,1782884231.6819,0,1782884231.6803,10699,320,240,,,,,,0.050,,,,,,,,,,,,,
VISION_NODET,1782884231.6831,0,1782884231.6820,10700,320,240,,,,,,0.050,,,,,,,,,,,,,
VISION_NODET,1782884231.6850,0,1782884231.6844,10701,320,240,,,,,,0.050,,,,,,,,,,,,,
VISION_NODET,1782884231.6865,0,1782884231.6857,10702,320,240,,,,,,0.050,,,,,,,,,,,,,
VISION_NODET,1782884231.6878,0,1782884231.6867,10703,320,240,,,,,,0.050,,,,,,,,,,,,,
VISION_NODET,1782884231.6892,0,1782884231.6887,10704,320,240,,,,,,0.050,,,,,,,,,,,,,
VISION_NODET,1782884231.6917,0,1782884231.6910,10705,320,240,,,,,,0.050,,,,,,,,,,,,,
VISION_NODET,1782884231.6935,0,1782884231.6928,10706,320,240,,,,,,0.050,,,,,,,,,,,,,
VISION_NODET,1782884231.7073,0,1782884231.7046,10707,320,240,,,,,,0.050,,,,,,,,,,,,,
VISION_NODET,1782884231.7186,0,1782884231.7089,10708,320,240,,,,,,0.050,,,,,,,,,,,,,
VISION_NODET,1782884231.7212,0,1782884231.7158,10709,320,240,,,,,,0.050,,,,,,,,,,,,,
VISION_NODET,1782884231.7226,0,1782884231.7181,10710,320,240,,,,,,0.050,,,,,,,,,,,,,
VISION_NODET,1782884231.7239,0,1782884231.7202,10711,320,240,,,,,,0.050,,,,,,,,,,,,,
VISION_NODET,1782884231.7252,0,1782884231.7217,10712,320,240,,,,,,0.050,,,,,,,,,,,,,
VISION_NODET,1782884231.7263,0,1782884231.7231,10713,320,240,,,,,,0.050,,,,,,,,,,,,,
VISION_NODET,1782884231.7289,0,1782884231.7266,10714,320,240,,,,,,0.050,,,,,,,,,,,,,
VISION_NODET,1782884231.7304,0,1782884231.7287,10715,320,240,,,,,,0.050,,,,,,,,,,,,,
VISION_NODET,1782884231.7319,0,1782884231.7299,10716,320,240,,,,,,0.050,,,,,,,,,,,,,
VISION_NODET,1782884231.7335,0,1782884231.7314,10717,320,240,,,,,,0.050,,,,,,,,,,,,,
VISION_NODET,1782884231.7350,0,1782884231.7324,10718,320,240,,,,,,0.050,,,,,,,,,,,,,
VISION_NODET,1782884231.7364,0,1782884231.7342,10719,320,240,,,,,,0.050,,,,,,,,,,,,,
VISION_NODET,1782884231.7378,0,1782884231.7359,10720,320,240,,,,,,0.050,,,,,,,,,,,,,
VISION_NODET,1782884231.7392,0,1782884231.7375,10721,320,240,,,,,,0.050,,,,,,,,,,,,,
VISION_NODET,1782884231.7409,0,1782884231.7392,10722,320,240,,,,,,0.050,,,,,,,,,,,,,
VISION_NODET,1782884231.7424,0,1782884231.7404,10723,320,240,,,,,,0.050,,,,,,,,,,,,,
VISION_NODET,1782884231.7441,0,1782884231.7417,10724,320,240,,,,,,0.050,,,,,,,,,,,,,
VISION_NODET,1782884231.7461,0,1782884231.7428,10725,320,240,,,,,,0.050,,,,,,,,,,,,,
VISION_NODET,1782884231.7483,0,1782884231.7473,10726,320,240,,,,,,0.050,,,,,,,,,,,,,
VISION_NODET,1782884231.7593,0,1782884231.7571,10727,320,240,,,,,,0.050,,,,,,,,,,,,,
VISION_NODET,1782884231.7640,0,1782884231.7611,10728,320,240,,,,,,0.050,,,,,,,,,,,,,
VISION_NODET,1782884231.7736,0,1782884231.7708,10729,320,240,,,,,,0.050,,,,,,,,,,,,,
VISION_NODET,1782884231.7872,0,1782884231.7766,10730,320,240,,,,,,0.050,,,,,,,,,,,,,
VISION_NODET,1782884231.7899,0,1782884231.7863,10731,320,240,,,,,,0.050,,,,,,,,,,,,,
VISION_NODET,1782884231.7920,0,1782884231.7886,10732,320,240,,,,,,0.050,,,,,,,,,,,,,
VISION_NODET,1782884231.7935,0,1782884231.7917,10733,320,240,,,,,,0.050,,,,,,,,,,,,,
VISION_NODET,1782884231.7960,0,1782884231.7950,10734,320,240,,,,,,0.050,,,,,,,,,,,,,
VISION_NODET,1782884231.8002,0,1782884231.7990,10735,320,240,,,,,,0.050,,,,,,,,,,,,,
VISION_NODET,1782884231.8040,0,1782884231.8025,10736,320,240,,,,,,0.050,,,,,,,,,,,,,
VISION_NODET,1782884231.8152,0,1782884231.8124,10737,320,240,,,,,,0.050,,,,,,,,,,,,,
VISION_NODET,1782884231.8193,0,1782884231.8175,10738,320,240,,,,,,0.050,,,,,,,,,,,,,
VISION_NODET,1782884231.8276,0,1782884231.8242,10739,320,240,,,,,,0.050,,,,,,,,,,,,,
VISION_NODET,1782884231.8516,0,1782884231.8283,10740,320,240,,,,,,0.050,,,,,,,,,,,,,
VISION_NODET,1782884231.8597,0,1782884231.8334,10741,320,240,,,,,,0.050,,,,,,,,,,,,,
VISION_NODET,1782884231.8642,0,1782884231.8385,10742,320,240,,,,,,0.050,,,,,,,,,,,,,
VISION_NODET,1782884231.8676,0,1782884231.8440,10743,320,240,,,,,,0.050,,,,,,,,,,,,,
VISION_NODET,1782884231.8714,0,1782884231.8488,10744,320,240,,,,,,0.050,,,,,,,,,,,,,
VISION_NODET,1782884231.8784,0,1782884231.8544,10745,320,240,,,,,,0.050,,,,,,,,,,,,,
VISION_NODET,1782884231.8805,0,1782884231.8592,10746,320,240,,,,,,0.050,,,,,,,,,,,,,
VISION_NODET,1782884231.8822,0,1782884231.8627,10747,320,240,,,,,,0.050,,,,,,,,,,,,,
VISION_NODET,1782884231.8838,0,1782884231.8668,10748,320,240,,,,,,0.050,,,,,,,,,,,,,
VISION_NODET,1782884231.8854,0,1782884231.8711,10749,320,240,,,,,,0.050,,,,,,,,,,,,,
VISION_NODET,1782884231.8867,0,1782884231.8758,10750,320,240,,,,,,0.050,,,,,,,,,,,,,
VISION_NODET,1782884231.9445,0,1782884231.9431,10751,320,240,,,,,,0.050,,,,,,,,,,,,,
VISION_NODET,1782884231.9475,0,1782884231.9459,10752,320,240,,,,,,0.050,,,,,,,,,,,,,
VISION_NODET,1782884231.9538,0,1782884231.9518,10753,320,240,,,,,,0.050,,,,,,,,,,,,,
VISION_NODET,1782884231.9567,0,1782884231.9552,10754,320,240,,,,,,0.050,,,,,,,,,,,,,
VISION_NODET,1782884231.9590,0,1782884231.9580,10755,320,240,,,,,,0.050,,,,,,,,,,,,,
VISION_NODET,1782884231.9622,0,1782884231.9612,10756,320,240,,,,,,0.050,,,,,,,,,,,,,
VISION_NODET,1782884231.9678,0,1782884231.9642,10757,320,240,,,,,,0.050,,,,,,,,,,,,,
VISION_NODET,1782884231.9756,0,1782884231.9707,10758,320,240,,,,,,0.050,,,,,,,,,,,,,
VISION_NODET,1782884231.9830,0,1782884231.9745,10759,320,240,,,,,,0.050,,,,,,,,,,,,,
VISION_NODET,1782884231.9855,0,1782884231.9783,10760,320,240,,,,,,0.050,,,,,,,,,,,,,
VISION_NODET,1782884231.9930,0,1782884231.9818,10761,320,240,,,,,,0.050,,,,,,,,,,,,,
VISION_NODET,1782884231.9980,0,1782884231.9865,10762,320,240,,,,,,0.050,,,,,,,,,,,,,
VISION_NODET,1782884232.0005,0,1782884231.9985,10763,320,240,,,,,,0.050,,,,,,,,,,,,,
VISION_NODET,1782884232.0234,0,1782884232.0217,10764,320,240,,,,,,0.050,,,,,,,,,,,,,
VISION_NODET,1782884232.0318,0,1782884232.0274,10765,320,240,,,,,,0.050,,,,,,,,,,,,,
VISION_NODET,1782884232.0361,0,1782884232.0346,10766,320,240,,,,,,0.050,,,,,,,,,,,,,
VISION_NODET,1782884232.0424,0,1782884232.0402,10767,320,240,,,,,,0.050,,,,,,,,,,,,,
VISION_NODET,1782884232.0487,0,1782884232.0447,10768,320,240,,,,,,0.050,,,,,,,,,,,,,
VISION_NODET,1782884232.0527,0,1782884232.0512,10769,320,240,,,,,,0.050,,,,,,,,,,,,,
VISION_NODET,1782884232.0568,0,1782884232.0549,10770,320,240,,,,,,0.050,,,,,,,,,,,,,
VISION_NODET,1782884232.0700,0,1782884232.0663,10771,320,240,,,,,,0.050,,,,,,,,,,,,,
VISION_NODET,1782884232.0736,0,1782884232.0715,10772,320,240,,,,,,0.050,,,,,,,,,,,,,
VISION_NODET,1782884232.0866,0,1782884232.0771,10773,320,240,,,,,,0.050,,,,,,,,,,,,,
VISION_NODET,1782884232.1285,0,1782884232.1261,10774,320,240,,,,,,0.050,,,,,,,,,,,,,
VISION_NODET,1782884232.1325,0,1782884232.1291,10775,320,240,,,,,,0.050,,,,,,,,,,,,,
VISION_NODET,1782884232.2134,0,1782884232.2114,10776,320,240,,,,,,0.050,,,,,,,,,,,,,
VISION_NODET,1782884232.2211,0,1782884232.2194,10777,320,240,,,,,,0.050,,,,,,,,,,,,,
VISION_NODET,1782884232.2240,0,1782884232.2229,10778,320,240,,,,,,0.050,,,,,,,,,,,,,
VISION_NODET,1782884232.2294,0,1782884232.2269,10779,320,240,,,,,,0.050,,,,,,,,,,,,,
VISION_NODET,1782884232.2340,0,1782884232.2323,10780,320,240,,,,,,0.050,,,,,,,,,,,,,
VISION_NODET,1782884232.2420,0,1782884232.2359,10781,320,240,,,,,,0.050,,,,,,,,,,,,,
VISION_NODET,1782884232.2456,0,1782884232.2402,10782,320,240,,,,,,0.050,,,,,,,,,,,,,
VISION_NODET,1782884232.2487,0,1782884232.2433,10783,320,240,,,,,,0.050,,,,,,,,,,,,,
VISION_NODET,1782884232.2508,0,1782884232.2487,10784,320,240,,,,,,0.050,,,,,,,,,,,,,
VISION_NODET,1782884232.2530,0,1782884232.2524,10785,320,240,,,,,,0.050,,,,,,,,,,,,,
VISION_NODET,1782884232.2675,0,1782884232.2645,10786,320,240,,,,,,0.050,,,,,,,,,,,,,
VISION_NODET,1782884232.2759,0,1782884232.2709,10787,320,240,,,,,,0.050,,,,,,,,,,,,,
VISION_NODET,1782884232.2982,0,1782884232.2963,10788,320,240,,,,,,0.050,,,,,,,,,,,,,
VISION_NODET,1782884232.3036,0,1782884232.3013,10789,320,240,,,,,,0.050,,,,,,,,,,,,,
VISION_NODET,1782884232.3153,0,1782884232.3076,10790,320,240,,,,,,0.050,,,,,,,,,,,,,
VISION_NODET,1782884232.3196,0,1782884232.3152,10791,320,240,,,,,,0.050,,,,,,,,,,,,,
VISION_NODET,1782884232.3239,0,1782884232.3191,10792,320,240,,,,,,0.050,,,,,,,,,,,,,
VISION_NODET,1782884232.3282,0,1782884232.3221,10793,320,240,,,,,,0.050,,,,,,,,,,,,,
VISION_NODET,1782884232.3319,0,1782884232.3269,10794,320,240,,,,,,0.050,,,,,,,,,,,,,
VISION_NODET,1782884232.3343,0,1782884232.3319,10795,320,240,,,,,,0.050,,,,,,,,,,,,,
VISION_NODET,1782884232.3377,0,1782884232.3339,10796,320,240,,,,,,0.050,,,,,,,,,,,,,
VISION_NODET,1782884232.3410,0,1782884232.3377,10797,320,240,,,,,,0.050,,,,,,,,,,,,,
VISION_NODET,1782884232.3457,0,1782884232.3415,10798,320,240,,,,,,0.050,,,,,,,,,,,,,
VISION_NODET,1782884232.3511,0,1782884232.3483,10799,320,240,,,,,,0.050,,,,,,,,,,,,,
VISION_NODET,1782884232.3546,0,1782884232.3535,10800,320,240,,,,,,0.050,,,,,,,,,,,,,
VISION_NODET,1782884232.3603,0,1782884232.3571,10801,320,240,,,,,,0.050,,,,,,,,,,,,,
VISION_NODET,1782884232.3635,0,1782884232.3612,10802,320,240,,,,,,0.050,,,,,,,,,,,,,
VISION_NODET,1782884232.3663,0,1782884232.3651,10803,320,240,,,,,,0.050,,,,,,,,,,,,,
VISION_NODET,1782884232.3722,0,1782884232.3684,10804,320,240,,,,,,0.050,,,,,,,,,,,,,
VISION_NODET,1782884232.3799,0,1782884232.3733,10805,320,240,,,,,,0.050,,,,,,,,,,,,,
VISION_NODET,1782884232.3854,0,1782884232.3780,10806,320,240,,,,,,0.050,,,,,,,,,,,,,
VISION_NODET,1782884232.3875,0,1782884232.3818,10807,320,240,,,,,,0.050,,,,,,,,,,,,,
VISION_NODET,1782884232.3906,0,1782884232.3845,10808,320,240,,,,,,0.050,,,,,,,,,,,,,
VISION_NODET,1782884232.3957,0,1782884232.3868,10809,320,240,,,,,,0.050,,,,,,,,,,,,,
VISION_NODET,1782884232.3991,0,1782884232.3908,10810,320,240,,,,,,0.050,,,,,,,,,,,,,
VISION_NODET,1782884232.4028,0,1782884232.3968,10811,320,240,,,,,,0.050,,,,,,,,,,,,,
VISION_NODET,1782884232.4066,0,1782884232.4004,10812,320,240,,,,,,0.050,,,,,,,,,,,,,
VISION_NODET,1782884232.4081,0,1782884232.4066,10813,320,240,,,,,,0.050,,,,,,,,,,,,,
VISION_NODET,1782884232.4092,0,1782884232.4089,10814,320,240,,,,,,0.050,,,,,,,,,,,,,
VISION_NODET,1782884232.4226,0,1782884232.4159,10815,320,240,,,,,,0.050,,,,,,,,,,,,,
VISION_NODET,1782884232.4272,0,1782884232.4238,10816,320,240,,,,,,0.050,,,,,,,,,,,,,
VISION_NODET,1782884232.4319,0,1782884232.4266,10817,320,240,,,,,,0.050,,,,,,,,,,,,,
VISION_NODET,1782884232.4347,0,1782884232.4316,10818,320,240,,,,,,0.050,,,,,,,,,,,,,
VISION_NODET,1782884232.4378,0,1782884232.4349,10819,320,240,,,,,,0.050,,,,,,,,,,,,,
VISION_NODET,1782884232.4416,0,1782884232.4387,10820,320,240,,,,,,0.050,,,,,,,,,,,,,
VISION_NODET,1782884232.4444,0,1782884232.4426,10821,320,240,,,,,,0.050,,,,,,,,,,,,,
VISION_NODET,1782884232.4478,0,1782884232.4466,10822,320,240,,,,,,0.050,,,,,,,,,,,,,
VISION_NODET,1782884232.4525,0,1782884232.4510,10823,320,240,,,,,,0.050,,,,,,,,,,,,,
VISION_NODET,1782884232.4583,0,1782884232.4562,10824,320,240,,,,,,0.050,,,,,,,,,,,,,
VISION_NODET,1782884232.4647,0,1782884232.4624,10825,320,240,,,,,,0.050,,,,,,,,,,,,,
VISION_NODET,1782884232.4866,0,1782884232.4845,10826,320,240,,,,,,0.050,,,,,,,,,,,,,
VISION_NODET,1782884232.4931,0,1782884232.4914,10827,320,240,,,,,,0.050,,,,,,,,,,,,,
VISION_NODET,1782884232.4977,0,1782884232.4946,10828,320,240,,,,,,0.050,,,,,,,,,,,,,
VISION_NODET,1782884232.5010,0,1782884232.4988,10829,320,240,,,,,,0.050,,,,,,,,,,,,,
VISION_NODET,1782884232.5034,0,1782884232.5017,10830,320,240,,,,,,0.050,,,,,,,,,,,,,
VISION_NODET,1782884232.5077,0,1782884232.5051,10831,320,240,,,,,,0.050,,,,,,,,,,,,,
VISION_NODET,1782884232.5127,0,1782884232.5118,10832,320,240,,,,,,0.050,,,,,,,,,,,,,
VISION_NODET,1782884232.5182,0,1782884232.5172,10833,320,240,,,,,,0.050,,,,,,,,,,,,,
VISION_NODET,1782884232.5240,0,1782884232.5214,10834,320,240,,,,,,0.050,,,,,,,,,,,,,
VISION_NODET,1782884232.5283,0,1782884232.5256,10835,320,240,,,,,,0.050,,,,,,,,,,,,,
VISION_NODET,1782884232.5340,0,1782884232.5297,10836,320,240,,,,,,0.050,,,,,,,,,,,,,
VISION_NODET,1782884232.5393,0,1782884232.5341,10837,320,240,,,,,,0.050,,,,,,,,,,,,,
VISION_NODET,1782884232.5436,0,1782884232.5379,10838,320,240,,,,,,0.050,,,,,,,,,,,,,
VISION_NODET,1782884232.5480,0,1782884232.5420,10839,320,240,,,,,,0.050,,,,,,,,,,,,,
VISION_NODET,1782884232.5664,0,1782884232.5649,10840,320,240,,,,,,0.050,,,,,,,,,,,,,
VISION_NODET,1782884232.5698,0,1782884232.5677,10841,320,240,,,,,,0.050,,,,,,,,,,,,,
VISION_NODET,1782884232.5802,0,1782884232.5762,10842,320,240,,,,,,0.050,,,,,,,,,,,,,
VISION_NODET,1782884232.5870,0,1782884232.5793,10843,320,240,,,,,,0.050,,,,,,,,,,,,,
VISION_NODET,1782884232.5894,0,1782884232.5836,10844,320,240,,,,,,0.050,,,,,,,,,,,,,
VISION_NODET,1782884232.5922,0,1782884232.5859,10845,320,240,,,,,,0.050,,,,,,,,,,,,,
VISION_NODET,1782884232.5957,0,1782884232.5878,10846,320,240,,,,,,0.050,,,,,,,,,,,,,
VISION_NODET,1782884232.5993,0,1782884232.5900,10847,320,240,,,,,,0.050,,,,,,,,,,,,,
VISION_NODET,1782884232.6012,0,1782884232.5924,10848,320,240,,,,,,0.050,,,,,,,,,,,,,
VISION_NODET,1782884232.6035,0,1782884232.5959,10849,320,240,,,,,,0.050,,,,,,,,,,,,,
VISION_NODET,1782884232.6058,0,1782884232.5999,10850,320,240,,,,,,0.050,,,,,,,,,,,,,
VISION_NODET,1782884232.6081,0,1782884232.6024,10851,320,240,,,,,,0.050,,,,,,,,,,,,,
VISION_NODET,1782884232.6101,0,1782884232.6062,10852,320,240,,,,,,0.050,,,,,,,,,,,,,
VISION_NODET,1782884232.6144,0,1782884232.6092,10853,320,240,,,,,,0.050,,,,,,,,,,,,,
VISION_NODET,1782884232.6206,0,1782884232.6110,10854,320,240,,,,,,0.050,,,,,,,,,,,,,
VISION_NODET,1782884232.7036,0,1782884232.7018,10855,320,240,,,,,,0.050,,,,,,,,,,,,,
VISION_NODET,1782884232.7057,0,1782884232.7047,10856,320,240,,,,,,0.050,,,,,,,,,,,,,
VISION_NODET,1782884232.7099,0,1782884232.7073,10857,320,240,,,,,,0.050,,,,,,,,,,,,,
VISION_NODET,1782884232.7117,0,1782884232.7105,10858,320,240,,,,,,0.050,,,,,,,,,,,,,
VISION_NODET,1782884232.7131,0,1782884232.7124,10859,320,240,,,,,,0.050,,,,,,,,,,,,,
VISION_NODET,1782884232.7148,0,1782884232.7141,10860,320,240,,,,,,0.050,,,,,,,,,,,,,
VISION_NODET,1782884232.7200,0,1782884232.7185,10861,320,240,,,,,,0.050,,,,,,,,,,,,,
VISION_NODET,1782884232.7229,0,1782884232.7216,10862,320,240,,,,,,0.050,,,,,,,,,,,,,
VISION_NODET,1782884232.7268,0,1782884232.7255,10863,320,240,,,,,,0.050,,,,,,,,,,,,,
VISION_NODET,1782884232.7300,0,1782884232.7285,10864,320,240,,,,,,0.050,,,,,,,,,,,,,
VISION_NODET,1782884232.7335,0,1782884232.7313,10865,320,240,,,,,,0.050,,,,,,,,,,,,,
VISION_NODET,1782884232.7380,0,1782884232.7351,10866,320,240,,,,,,0.050,,,,,,,,,,,,,
VISION_NODET,1782884232.7412,0,1782884232.7386,10867,320,240,,,,,,0.050,,,,,,,,,,,,,
VISION_NODET,1782884232.7486,0,1782884232.7458,10868,320,240,,,,,,0.050,,,,,,,,,,,,,
VISION_NODET,1782884232.7537,0,1782884232.7516,10869,320,240,,,,,,0.050,,,,,,,,,,,,,
VISION_NODET,1782884232.7635,0,1782884232.7560,10870,320,240,,,,,,0.050,,,,,,,,,,,,,
VISION_NODET,1782884232.7660,0,1782884232.7640,10871,320,240,,,,,,0.050,,,,,,,,,,,,,
VISION_NODET,1782884232.8450,0,1782884232.8386,10872,320,240,,,,,,0.050,,,,,,,,,,,,,
VISION_NODET,1782884232.8475,0,1782884232.8449,10873,320,240,,,,,,0.050,,,,,,,,,,,,,
VISION_NODET,1782884232.8503,0,1782884232.8480,10874,320,240,,,,,,0.050,,,,,,,,,,,,,
VISION_NODET,1782884232.8528,0,1782884232.8513,10875,320,240,,,,,,0.050,,,,,,,,,,,,,
VISION_NODET,1782884232.9567,0,1782884232.9552,10876,320,240,,,,,,0.050,,,,,,,,,,,,,
VISION_NODET,1782884232.9637,0,1782884232.9613,10877,320,240,,,,,,0.050,,,,,,,,,,,,,
VISION_NODET,1782884233.0136,0,1782884232.9793,10878,320,240,,,,,,0.050,,,,,,,,,,,,,
VISION_NODET,1782884233.0157,0,1782884232.9872,10879,320,240,,,,,,0.050,,,,,,,,,,,,,
VISION_NODET,1782884233.0172,0,1782884232.9933,10880,320,240,,,,,,0.050,,,,,,,,,,,,,
VISION_NODET,1782884233.0190,0,1782884233.0139,10881,320,240,,,,,,0.050,,,,,,,,,,,,,
VISION_NODET,1782884233.0230,0,1782884233.0187,10882,320,240,,,,,,0.050,,,,,,,,,,,,,
VISION_NODET,1782884233.0276,0,1782884233.0228,10883,320,240,,,,,,0.050,,,,,,,,,,,,,
VISION_NODET,1782884233.0309,0,1782884233.0294,10884,320,240,,,,,,0.050,,,,,,,,,,,,,
VISION_NODET,1782884233.0391,0,1782884233.0343,10885,320,240,,,,,,0.050,,,,,,,,,,,,,
VISION_NODET,1782884233.0474,0,1782884233.0401,10886,320,240,,,,,,0.050,,,,,,,,,,,,,
VISION_NODET,1782884233.0512,0,1782884233.0469,10887,320,240,,,,,,0.050,,,,,,,,,,,,,
VISION_NODET,1782884233.0541,0,1782884233.0509,10888,320,240,,,,,,0.050,,,,,,,,,,,,,
VISION_NODET,1782884233.0572,0,1782884233.0535,10889,320,240,,,,,,0.050,,,,,,,,,,,,,
VISION_NODET,1782884233.0607,0,1782884233.0575,10890,320,240,,,,,,0.050,,,,,,,,,,,,,
VISION_NODET,1782884233.0682,0,1782884233.0627,10891,320,240,,,,,,0.050,,,,,,,,,,,,,
VISION_NODET,1782884233.0847,0,1782884233.0675,10892,320,240,,,,,,0.050,,,,,,,,,,,,,
VISION_NODET,1782884233.0878,0,1782884233.0715,10893,320,240,,,,,,0.050,,,,,,,,,,,,,
VISION_NODET,1782884233.0912,0,1782884233.0755,10894,320,240,,,,,,0.050,,,,,,,,,,,,,
VISION_NODET,1782884233.0935,0,1782884233.0797,10895,320,240,,,,,,0.050,,,,,,,,,,,,,
VISION_NODET,1782884233.0951,0,1782884233.0862,10896,320,240,,,,,,0.050,,,,,,,,,,,,,
VISION_NODET,1782884233.1512,0,1782884233.1496,10897,320,240,,,,,,0.050,,,,,,,,,,,,,
VISION_NODET,1782884233.1542,0,1782884233.1528,10898,320,240,,,,,,0.050,,,,,,,,,,,,,
VISION_NODET,1782884233.1565,0,1782884233.1558,10899,320,240,,,,,,0.050,,,,,,,,,,,,,
VISION_NODET,1782884233.1583,0,1782884233.1573,10900,320,240,,,,,,0.050,,,,,,,,,,,,,
VISION_NODET,1782884233.1602,0,1782884233.1594,10901,320,240,,,,,,0.050,,,,,,,,,,,,,
VISION_NODET,1782884233.1625,0,1782884233.1616,10902,320,240,,,,,,0.050,,,,,,,,,,,,,
VISION_NODET,1782884233.1674,0,1782884233.1664,10903,320,240,,,,,,0.050,,,,,,,,,,,,,
VISION_NODET,1782884233.1709,0,1782884233.1692,10904,320,240,,,,,,0.050,,,,,,,,,,,,,
VISION_NODET,1782884233.1734,0,1782884233.1724,10905,320,240,,,,,,0.050,,,,,,,,,,,,,
VISION_NODET,1782884233.1775,0,1782884233.1748,10906,320,240,,,,,,0.050,,,,,,,,,,,,,
VISION_NODET,1782884233.1795,0,1782884233.1773,10907,320,240,,,,,,0.050,,,,,,,,,,,,,
VISION_NODET,1782884233.1824,0,1782884233.1797,10908,320,240,,,,,,0.050,,,,,,,,,,,,,
VISION_NODET,1782884233.1856,0,1782884233.1825,10909,320,240,,,,,,0.050,,,,,,,,,,,,,
VISION_NODET,1782884233.1874,0,1782884233.1855,10910,320,240,,,,,,0.050,,,,,,,,,,,,,
VISION_NODET,1782884233.1889,0,1782884233.1877,10911,320,240,,,,,,0.050,,,,,,,,,,,,,
VISION_NODET,1782884233.1907,0,1782884233.1897,10912,320,240,,,,,,0.050,,,,,,,,,,,,,
VISION_NODET,1782884233.1937,0,1782884233.1926,10913,320,240,,,,,,0.050,,,,,,,,,,,,,
VISION_NODET,1782884233.1981,0,1782884233.1966,10914,320,240,,,,,,0.050,,,,,,,,,,,,,
VISION_NODET,1782884233.2006,0,1782884233.1995,10915,320,240,,,,,,0.050,,,,,,,,,,,,,
VISION_NODET,1782884233.2622,0,1782884233.2575,10916,320,240,,,,,,0.050,,,,,,,,,,,,,
VISION_NODET,1782884233.2683,0,1782884233.2655,10917,320,240,,,,,,0.050,,,,,,,,,,,,,
VISION_NODET,1782884233.2762,0,1782884233.2716,10918,320,240,,,,,,0.050,,,,,,,,,,,,,
VISION_NODET,1782884233.2786,0,1782884233.2767,10919,320,240,,,,,,0.050,,,,,,,,,,,,,
VISION_NODET,1782884233.2811,0,1782884233.2801,10920,320,240,,,,,,0.050,,,,,,,,,,,,,
VISION_NODET,1782884233.2841,0,1782884233.2831,10921,320,240,,,,,,0.050,,,,,,,,,,,,,
VISION_NODET,1782884233.2860,0,1782884233.2854,10922,320,240,,,,,,0.050,,,,,,,,,,,,,
VISION_NODET,1782884233.2899,0,1782884233.2887,10923,320,240,,,,,,0.050,,,,,,,,,,,,,
VISION_NODET,1782884233.2934,0,1782884233.2923,10924,320,240,,,,,,0.050,,,,,,,,,,,,,
VISION_NODET,1782884233.2965,0,1782884233.2944,10925,320,240,,,,,,0.050,,,,,,,,,,,,,
VISION_NODET,1782884233.4506,0,1782884233.4487,10926,320,240,,,,,,0.050,,,,,,,,,,,,,
VISION_NODET,1782884233.4691,0,1782884233.4577,10927,320,240,,,,,,0.050,,,,,,,,,,,,,
VISION_NODET,1782884233.4968,0,1782884233.4667,10928,320,240,,,,,,0.050,,,,,,,,,,,,,
VISION_NODET,1782884233.5008,0,1782884233.4765,10929,320,240,,,,,,0.050,,,,,,,,,,,,,
VISION_NODET,1782884233.5041,0,1782884233.4833,10930,320,240,,,,,,0.050,,,,,,,,,,,,,
VISION_NODET,1782884233.5075,0,1782884233.4946,10931,320,240,,,,,,0.050,,,,,,,,,,,,,
VISION_NODET,1782884233.5109,0,1782884233.5001,10932,320,240,,,,,,0.050,,,,,,,,,,,,,
VISION_NODET,1782884233.5154,0,1782884233.5039,10933,320,240,,,,,,0.050,,,,,,,,,,,,,
VISION_NODET,1782884233.5203,0,1782884233.5070,10934,320,240,,,,,,0.050,,,,,,,,,,,,,
VISION_NODET,1782884233.5250,0,1782884233.5109,10935,320,240,,,,,,0.050,,,,,,,,,,,,,
VISION_NODET,1782884233.5291,0,1782884233.5137,10936,320,240,,,,,,0.050,,,,,,,,,,,,,
VISION_NODET,1782884233.5355,0,1782884233.5189,10937,320,240,,,,,,0.050,,,,,,,,,,,,,
VISION_NODET,1782884233.5415,0,1782884233.5240,10938,320,240,,,,,,0.050,,,,,,,,,,,,,
VISION_NODET,1782884233.5446,0,1782884233.5285,10939,320,240,,,,,,0.050,,,,,,,,,,,,,
VISION_NODET,1782884233.5466,0,1782884233.5353,10940,320,240,,,,,,0.050,,,,,,,,,,,,,
VISION_NODET,1782884233.5475,0,1782884233.5443,10941,320,240,,,,,,0.050,,,,,,,,,,,,,
VISION_NODET,1782884233.5484,0,1782884233.5466,10942,320,240,,,,,,0.050,,,,,,,,,,,,,
VISION_NODET,1782884233.5493,0,1782884233.5483,10943,320,240,,,,,,0.050,,,,,,,,,,,,,
VISION_NODET,1782884233.5515,0,1782884233.5506,10944,320,240,,,,,,0.050,,,,,,,,,,,,,
VISION_NODET,1782884233.5538,0,1782884233.5529,10945,320,240,,,,,,0.050,,,,,,,,,,,,,
VISION_NODET,1782884233.5568,0,1782884233.5556,10946,320,240,,,,,,0.050,,,,,,,,,,,,,
VISION_NODET,1782884233.5634,0,1782884233.5606,10947,320,240,,,,,,0.050,,,,,,,,,,,,,
VISION_NODET,1782884233.5677,0,1782884233.5664,10948,320,240,,,,,,0.050,,,,,,,,,,,,,
VISION_NODET,1782884233.5934,0,1782884233.5894,10949,320,240,,,,,,0.050,,,,,,,,,,,,,
VISION_NODET,1782884233.6052,0,1782884233.5957,10950,320,240,,,,,,0.050,,,,,,,,,,,,,
VISION_NODET,1782884233.6103,0,1782884233.6009,10951,320,240,,,,,,0.050,,,,,,,,,,,,,
VISION_NODET,1782884233.6191,0,1782884233.6060,10952,320,240,,,,,,0.050,,,,,,,,,,,,,
VISION_NODET,1782884233.6249,0,1782884233.6109,10953,320,240,,,,,,0.050,,,,,,,,,,,,,
VISION_NODET,1782884233.6297,0,1782884233.6175,10954,320,240,,,,,,0.050,,,,,,,,,,,,,
VISION_NODET,1782884233.6348,0,1782884233.6246,10955,320,240,,,,,,0.050,,,,,,,,,,,,,
VISION_NODET,1782884233.6416,0,1782884233.6297,10956,320,240,,,,,,0.050,,,,,,,,,,,,,
VISION_NODET,1782884233.6450,0,1782884233.6353,10957,320,240,,,,,,0.050,,,,,,,,,,,,,
VISION_NODET,1782884233.7336,0,1782884233.7229,10958,320,240,,,,,,0.050,,,,,,,,,,,,,
VISION_NODET,1782884233.7418,0,1782884233.7282,10959,320,240,,,,,,0.050,,,,,,,,,,,,,
VISION_NODET,1782884233.7461,0,1782884233.7352,10960,320,240,,,,,,0.050,,,,,,,,,,,,,
VISION_NODET,1782884233.7535,0,1782884233.7412,10961,320,240,,,,,,0.050,,,,,,,,,,,,,
VISION_NODET,1782884233.7582,0,1782884233.7486,10962,320,240,,,,,,0.050,,,,,,,,,,,,,
VISION_NODET,1782884233.7627,0,1782884233.7544,10963,320,240,,,,,,0.050,,,,,,,,,,,,,
VISION_NODET,1782884233.7678,0,1782884233.7588,10964,320,240,,,,,,0.050,,,,,,,,,,,,,
VISION_NODET,1782884233.7740,0,1782884233.7681,10965,320,240,,,,,,0.050,,,,,,,,,,,,,
VISION_NODET,1782884233.7833,0,1782884233.7749,10966,320,240,,,,,,0.050,,,,,,,,,,,,,
VISION_NODET,1782884233.7871,0,1782884233.7812,10967,320,240,,,,,,0.050,,,,,,,,,,,,,
VISION_NODET,1782884233.7995,0,1782884233.7966,10968,320,240,,,,,,0.050,,,,,,,,,,,,,
VISION_NODET,1782884233.8086,0,1782884233.8059,10969,320,240,,,,,,0.050,,,,,,,,,,,,,
VISION_NODET,1782884233.8155,0,1782884233.8136,10970,320,240,,,,,,0.050,,,,,,,,,,,,,
VISION_NODET,1782884233.8197,0,1782884233.8179,10971,320,240,,,,,,0.050,,,,,,,,,,,,,
VISION_NODET,1782884233.8256,0,1782884233.8212,10972,320,240,,,,,,0.050,,,,,,,,,,,,,
VISION_NODET,1782884233.8344,0,1782884233.8324,10973,320,240,,,,,,0.050,,,,,,,,,,,,,
VISION_NODET,1782884233.8379,0,1782884233.8369,10974,320,240,,,,,,0.050,,,,,,,,,,,,,
VISION_NODET,1782884233.8429,0,1782884233.8410,10975,320,240,,,,,,0.050,,,,,,,,,,,,,
VISION_NODET,1782884233.8449,0,1782884233.8441,10976,320,240,,,,,,0.050,,,,,,,,,,,,,
VISION_NODET,1782884233.8519,0,1782884233.8491,10977,320,240,,,,,,0.050,,,,,,,,,,,,,
VISION_NODET,1782884233.8648,0,1782884233.8606,10978,320,240,,,,,,0.050,,,,,,,,,,,,,
VISION_NODET,1782884233.8858,0,1782884233.8849,10979,320,240,,,,,,0.050,,,,,,,,,,,,,
VISION_NODET,1782884233.8910,0,1782884233.8871,10980,320,240,,,,,,0.050,,,,,,,,,,,,,
VISION_NODET,1782884233.8945,0,1782884233.8930,10981,320,240,,,,,,0.050,,,,,,,,,,,,,
VISION_NODET,1782884233.8983,0,1782884233.8978,10982,320,240,,,,,,0.050,,,,,,,,,,,,,
VISION_NODET,1782884233.9024,0,1782884233.9008,10983,320,240,,,,,,0.050,,,,,,,,,,,,,
VISION_NODET,1782884233.9080,0,1782884233.9036,10984,320,240,,,,,,0.050,,,,,,,,,,,,,
VISION_NODET,1782884233.9142,0,1782884233.9061,10985,320,240,,,,,,0.050,,,,,,,,,,,,,
VISION_NODET,1782884233.9221,0,1782884233.9118,10986,320,240,,,,,,0.050,,,,,,,,,,,,,
VISION_NODET,1782884233.9276,0,1782884233.9157,10987,320,240,,,,,,0.050,,,,,,,,,,,,,
VISION_NODET,1782884233.9346,0,1782884233.9233,10988,320,240,,,,,,0.050,,,,,,,,,,,,,
VISION_NODET,1782884233.9389,0,1782884233.9278,10989,320,240,,,,,,0.050,,,,,,,,,,,,,
VISION_NODET,1782884233.9426,0,1782884233.9326,10990,320,240,,,,,,0.050,,,,,,,,,,,,,
VISION_NODET,1782884233.9448,0,1782884233.9384,10991,320,240,,,,,,0.050,,,,,,,,,,,,,
VISION_NODET,1782884233.9467,0,1782884233.9427,10992,320,240,,,,,,0.050,,,,,,,,,,,,,
VISION_NODET,1782884233.9482,0,1782884233.9454,10993,320,240,,,,,,0.050,,,,,,,,,,,,,
VISION_NODET,1782884233.9495,0,1782884233.9475,10994,320,240,,,,,,0.050,,,,,,,,,,,,,
VISION_NODET,1782884233.9512,0,1782884233.9493,10995,320,240,,,,,,0.050,,,,,,,,,,,,,
VISION_NODET,1782884233.9545,0,1782884233.9537,10996,320,240,,,,,,0.050,,,,,,,,,,,,,
VISION_NODET,1782884233.9568,0,1782884233.9559,10997,320,240,,,,,,0.050,,,,,,,,,,,,,
VISION_NODET,1782884233.9605,0,1782884233.9588,10998,320,240,,,,,,0.050,,,,,,,,,,,,,
VISION_NODET,1782884233.9636,0,1782884233.9612,10999,320,240,,,,,,0.050,,,,,,,,,,,,,
VISION_NODET,1782884233.9653,0,1782884233.9645,11000,320,240,,,,,,0.050,,,,,,,,,,,,,
VISION_NODET,1782884233.9715,0,1782884233.9676,11001,320,240,,,,,,0.050,,,,,,,,,,,,,
VISION_NODET,1782884233.9996,0,1782884233.9773,11002,320,240,,,,,,0.050,,,,,,,,,,,,,
VISION_NODET,1782884234.0034,0,1782884233.9841,11003,320,240,,,,,,0.050,,,,,,,,,,,,,
VISION_NODET,1782884234.0063,0,1782884233.9883,11004,320,240,,,,,,0.050,,,,,,,,,,,,,
VISION_NODET,1782884234.0081,0,1782884233.9951,11005,320,240,,,,,,0.050,,,,,,,,,,,,,
VISION_NODET,1782884234.0108,0,1782884234.0000,11006,320,240,,,,,,0.050,,,,,,,,,,,,,
VISION_NODET,1782884234.0127,0,1782884234.0071,11007,320,240,,,,,,0.050,,,,,,,,,,,,,
VISION_NODET,1782884234.0142,0,1782884234.0089,11008,320,240,,,,,,0.050,,,,,,,,,,,,,
VISION_NODET,1782884234.0155,0,1782884234.0111,11009,320,240,,,,,,0.050,,,,,,,,,,,,,
VISION_NODET,1782884234.0174,0,1782884234.0131,11010,320,240,,,,,,0.050,,,,,,,,,,,,,
VISION_NODET,1782884234.0193,0,1782884234.0143,11011,320,240,,,,,,0.050,,,,,,,,,,,,,
VISION_NODET,1782884234.0209,0,1782884234.0154,11012,320,240,,,,,,0.050,,,,,,,,,,,,,
VISION_NODET,1782884234.0223,0,1782884234.0185,11013,320,240,,,,,,0.050,,,,,,,,,,,,,
VISION_NODET,1782884234.0237,0,1782884234.0200,11014,320,240,,,,,,0.050,,,,,,,,,,,,,
VISION_NODET,1782884234.0255,0,1782884234.0238,11015,320,240,,,,,,0.050,,,,,,,,,,,,,
VISION_NODET,1782884234.0279,0,1782884234.0268,11016,320,240,,,,,,0.050,,,,,,,,,,,,,
VISION_NODET,1782884234.0315,0,1782884234.0303,11017,320,240,,,,,,0.050,,,,,,,,,,,,,
VISION_NODET,1782884234.0336,0,1782884234.0329,11018,320,240,,,,,,0.050,,,,,,,,,,,,,
VISION_NODET,1782884234.0460,0,1782884234.0395,11019,320,240,,,,,,0.050,,,,,,,,,,,,,
VISION_NODET,1782884234.0583,0,1782884234.0457,11020,320,240,,,,,,0.050,,,,,,,,,,,,,
VISION_NODET,1782884234.0617,0,1782884234.0495,11021,320,240,,,,,,0.050,,,,,,,,,,,,,
VISION_NODET,1782884234.0632,0,1782884234.0593,11022,320,240,,,,,,0.050,,,,,,,,,,,,,
VISION_NODET,1782884234.0668,0,1782884234.0636,11023,320,240,,,,,,0.050,,,,,,,,,,,,,
VISION_NODET,1782884234.0692,0,1782884234.0666,11024,320,240,,,,,,0.050,,,,,,,,,,,,,
VISION_NODET,1782884234.0703,0,1782884234.0689,11025,320,240,,,,,,0.050,,,,,,,,,,,,,
VISION_NODET,1782884234.0777,0,1782884234.0742,11026,320,240,,,,,,0.050,,,,,,,,,,,,,
VISION_NODET,1782884234.0923,0,1782884234.0880,11027,320,240,,,,,,0.050,,,,,,,,,,,,,
VISION_NODET,1782884234.1008,0,1782884234.0990,11028,320,240,,,,,,0.050,,,,,,,,,,,,,
VISION_NODET,1782884234.1125,0,1782884234.1027,11029,320,240,,,,,,0.050,,,,,,,,,,,,,
VISION_NODET,1782884234.1158,0,1782884234.1104,11030,320,240,,,,,,0.050,,,,,,,,,,,,,
VISION_NODET,1782884234.1175,0,1782884234.1138,11031,320,240,,,,,,0.050,,,,,,,,,,,,,
VISION_NODET,1782884234.1196,0,1782884234.1162,11032,320,240,,,,,,0.050,,,,,,,,,,,,,
VISION_NODET,1782884234.1216,0,1782884234.1179,11033,320,240,,,,,,0.050,,,,,,,,,,,,,
VISION_NODET,1782884234.1231,0,1782884234.1198,11034,320,240,,,,,,0.050,,,,,,,,,,,,,
VISION_NODET,1782884234.1245,0,1782884234.1222,11035,320,240,,,,,,0.050,,,,,,,,,,,,,
VISION_NODET,1782884234.1273,0,1782884234.1234,11036,320,240,,,,,,0.050,,,,,,,,,,,,,
VISION_NODET,1782884234.1308,0,1782884234.1246,11037,320,240,,,,,,0.050,,,,,,,,,,,,,
VISION_NODET,1782884234.1375,0,1782884234.1269,11038,320,240,,,,,,0.050,,,,,,,,,,,,,
VISION_NODET,1782884234.1428,0,1782884234.1285,11039,320,240,,,,,,0.050,,,,,,,,,,,,,
VISION_NODET,1782884234.1485,0,1782884234.1327,11040,320,240,,,,,,0.050,,,,,,,,,,,,,
VISION_NODET,1782884234.1526,0,1782884234.1378,11041,320,240,,,,,,0.050,,,,,,,,,,,,,
VISION_NODET,1782884234.1572,0,1782884234.1408,11042,320,240,,,,,,0.050,,,,,,,,,,,,,
VISION_NODET,1782884234.1603,0,1782884234.1477,11043,320,240,,,,,,0.050,,,,,,,,,,,,,
VISION_NODET,1782884234.1624,0,1782884234.1512,11044,320,240,,,,,,0.050,,,,,,,,,,,,,
VISION_NODET,1782884234.1640,0,1782884234.1572,11045,320,240,,,,,,0.050,,,,,,,,,,,,,
VISION_NODET,1782884234.1653,0,1782884234.1617,11046,320,240,,,,,,0.050,,,,,,,,,,,,,
VISION_NODET,1782884234.1675,0,1782884234.1664,11047,320,240,,,,,,0.050,,,,,,,,,,,,,
VISION_NODET,1782884234.1692,0,1782884234.1685,11048,320,240,,,,,,0.050,,,,,,,,,,,,,
VISION_NODET,1782884234.1705,0,1782884234.1700,11049,320,240,,,,,,0.050,,,,,,,,,,,,,
VISION_NODET,1782884234.1760,0,1782884234.1732,11050,320,240,,,,,,0.050,,,,,,,,,,,,,
VISION_NODET,1782884234.1772,0,1782884234.1757,11051,320,240,,,,,,0.050,,,,,,,,,,,,,
VISION_NODET,1782884234.1781,0,1782884234.1772,11052,320,240,,,,,,0.050,,,,,,,,,,,,,
VISION_NODET,1782884234.1798,0,1782884234.1784,11053,320,240,,,,,,0.050,,,,,,,,,,,,,
VISION_NODET,1782884234.1813,0,1782884234.1800,11054,320,240,,,,,,0.050,,,,,,,,,,,,,
VISION_NODET,1782884234.1829,0,1782884234.1815,11055,320,240,,,,,,0.050,,,,,,,,,,,,,
VISION_NODET,1782884234.1936,0,1782884234.1889,11056,320,240,,,,,,0.050,,,,,,,,,,,,,
VISION_NODET,1782884234.2047,0,1782884234.1970,11057,320,240,,,,,,0.050,,,,,,,,,,,,,
VISION_NODET,1782884234.2114,0,1782884234.2083,11058,320,240,,,,,,0.050,,,,,,,,,,,,,
VISION_NODET,1782884234.2139,0,1782884234.2127,11059,320,240,,,,,,0.050,,,,,,,,,,,,,
VISION_NODET,1782884234.2173,0,1782884234.2152,11060,320,240,,,,,,0.050,,,,,,,,,,,,,
VISION_NODET,1782884234.2188,0,1782884234.2172,11061,320,240,,,,,,0.050,,,,,,,,,,,,,
VISION_NODET,1782884234.2198,0,1782884234.2189,11062,320,240,,,,,,0.050,,,,,,,,,,,,,
VISION_NODET,1782884234.2208,0,1782884234.2201,11063,320,240,,,,,,0.050,,,,,,,,,,,,,
VISION_NODET,1782884234.2224,0,1782884234.2211,11064,320,240,,,,,,0.050,,,,,,,,,,,,,
VISION_NODET,1782884234.2239,0,1782884234.2225,11065,320,240,,,,,,0.050,,,,,,,,,,,,,
VISION_NODET,1782884234.2252,0,1782884234.2238,11066,320,240,,,,,,0.050,,,,,,,,,,,,,
VISION_NODET,1782884234.2260,0,1782884234.2252,11067,320,240,,,,,,0.050,,,,,,,,,,,,,
VISION_NODET,1782884234.2270,0,1782884234.2265,11068,320,240,,,,,,0.050,,,,,,,,,,,,,
VISION_NODET,1782884234.2298,0,1782884234.2277,11069,320,240,,,,,,0.050,,,,,,,,,,,,,
VISION_NODET,1782884234.2311,0,1782884234.2296,11070,320,240,,,,,,0.050,,,,,,,,,,,,,
VISION_NODET,1782884234.2321,0,1782884234.2309,11071,320,240,,,,,,0.050,,,,,,,,,,,,,
VISION_NODET,1782884234.2329,0,1782884234.2321,11072,320,240,,,,,,0.050,,,,,,,,,,,,,
VISION_NODET,1782884234.2337,0,1782884234.2332,11073,320,240,,,,,,0.050,,,,,,,,,,,,,
VISION_NODET,1782884234.2356,0,1782884234.2351,11074,320,240,,,,,,0.050,,,,,,,,,,,,,
VISION_NODET,1782884234.2381,0,1782884234.2376,11075,320,240,,,,,,0.050,,,,,,,,,,,,,
VISION_NODET,1782884234.2396,0,1782884234.2391,11076,320,240,,,,,,0.050,,,,,,,,,,,,,
VISION_NODET,1782884234.2598,0,1782884234.2476,11077,320,240,,,,,,0.050,,,,,,,,,,,,,
VISION_NODET,1782884234.2655,0,1782884234.2537,11078,320,240,,,,,,0.050,,,,,,,,,,,,,
VISION_NODET,1782884234.2692,0,1782884234.2603,11079,320,240,,,,,,0.050,,,,,,,,,,,,,
VISION_NODET,1782884234.2708,0,1782884234.2664,11080,320,240,,,,,,0.050,,,,,,,,,,,,,
VISION_NODET,1782884234.2722,0,1782884234.2695,11081,320,240,,,,,,0.050,,,,,,,,,,,,,
VISION_NODET,1782884234.2735,0,1782884234.2713,11082,320,240,,,,,,0.050,,,,,,,,,,,,,
VISION_NODET,1782884234.2754,0,1782884234.2732,11083,320,240,,,,,,0.050,,,,,,,,,,,,,
VISION_NODET,1782884234.2769,0,1782884234.2744,11084,320,240,,,,,,0.050,,,,,,,,,,,,,
VISION_NODET,1782884234.2785,0,1782884234.2781,11085,320,240,,,,,,0.050,,,,,,,,,,,,,
VISION_NODET,1782884234.2804,0,1782884234.2801,11086,320,240,,,,,,0.050,,,,,,,,,,,,,
VISION_NODET,1782884234.2836,0,1782884234.2828,11087,320,240,,,,,,0.050,,,,,,,,,,,,,
VISION_NODET,1782884234.2852,0,1782884234.2842,11088,320,240,,,,,,0.050,,,,,,,,,,,,,
VISION_NODET,1782884234.2861,0,1782884234.2856,11089,320,240,,,,,,0.050,,,,,,,,,,,,,
VISION_NODET,1782884234.2892,0,1782884234.2875,11090,320,240,,,,,,0.050,,,,,,,,,,,,,
VISION_NODET,1782884234.2906,0,1782884234.2890,11091,320,240,,,,,,0.050,,,,,,,,,,,,,
VISION_NODET,1782884234.2917,0,1782884234.2904,11092,320,240,,,,,,0.050,,,,,,,,,,,,,
VISION_NODET,1782884234.3010,0,1782884234.2965,11093,320,240,,,,,,0.050,,,,,,,,,,,,,
VISION_NODET,1782884234.3163,0,1782884234.3006,11094,320,240,,,,,,0.050,,,,,,,,,,,,,
VISION_NODET,1782884234.3231,0,1782884234.3075,11095,320,240,,,,,,0.050,,,,,,,,,,,,,
VISION_NODET,1782884234.3273,0,1782884234.3111,11096,320,240,,,,,,0.050,,,,,,,,,,,,,
VISION_NODET,1782884234.3294,0,1782884234.3171,11097,320,240,,,,,,0.050,,,,,,,,,,,,,
VISION_NODET,1782884234.3341,0,1782884234.3219,11098,320,240,,,,,,0.050,,,,,,,,,,,,,
VISION_NODET,1782884234.3374,0,1782884234.3236,11099,320,240,,,,,,0.050,,,,,,,,,,,,,
VISION_NODET,1782884234.3392,0,1782884234.3257,11100,320,240,,,,,,0.050,,,,,,,,,,,,,
VISION_NODET,1782884234.3405,0,1782884234.3277,11101,320,240,,,,,,0.050,,,,,,,,,,,,,
VISION_NODET,1782884234.3414,0,1782884234.3294,11102,320,240,,,,,,0.050,,,,,,,,,,,,,
VISION_NODET,1782884234.3423,0,1782884234.3314,11103,320,240,,,,,,0.050,,,,,,,,,,,,,
VISION_NODET,1782884234.3435,0,1782884234.3333,11104,320,240,,,,,,0.050,,,,,,,,,,,,,
VISION_NODET,1782884234.3447,0,1782884234.3346,11105,320,240,,,,,,0.050,,,,,,,,,,,,,
VISION_NODET,1782884234.3460,0,1782884234.3358,11106,320,240,,,,,,0.050,,,,,,,,,,,,,
VISION_NODET,1782884234.3483,0,1782884234.3402,11107,320,240,,,,,,0.050,,,,,,,,,,,,,
VISION_NODET,1782884234.3534,0,1782884234.3425,11108,320,240,,,,,,0.050,,,,,,,,,,,,,
VISION_NODET,1782884234.3559,0,1782884234.3443,11109,320,240,,,,,,0.050,,,,,,,,,,,,,
VISION_NODET,1782884234.3628,0,1782884234.3464,11110,320,240,,,,,,0.050,,,,,,,,,,,,,
VISION_NODET,1782884234.3705,0,1782884234.3514,11111,320,240,,,,,,0.050,,,,,,,,,,,,,
VISION_NODET,1782884234.3772,0,1782884234.3556,11112,320,240,,,,,,0.050,,,,,,,,,,,,,
VISION_NODET,1782884234.3786,0,1782884234.3626,11113,320,240,,,,,,0.050,,,,,,,,,,,,,
VISION_NODET,1782884234.3804,0,1782884234.3676,11114,320,240,,,,,,0.050,,,,,,,,,,,,,
VISION_NODET,1782884234.3816,0,1782884234.3740,11115,320,240,,,,,,0.050,,,,,,,,,,,,,
VISION_NODET,1782884234.3828,0,1782884234.3774,11116,320,240,,,,,,0.050,,,,,,,,,,,,,
VISION_NODET,1782884234.3840,0,1782884234.3796,11117,320,240,,,,,,0.050,,,,,,,,,,,,,
VISION_NODET,1782884234.3855,0,1782884234.3811,11118,320,240,,,,,,0.050,,,,,,,,,,,,,
VISION_NODET,1782884234.3870,0,1782884234.3832,11119,320,240,,,,,,0.050,,,,,,,,,,,,,
VISION_NODET,1782884234.3884,0,1782884234.3847,11120,320,240,,,,,,0.050,,,,,,,,,,,,,
VISION_NODET,1782884234.3898,0,1782884234.3864,11121,320,240,,,,,,0.050,,,,,,,,,,,,,
VISION_NODET,1782884234.3910,0,1782884234.3878,11122,320,240,,,,,,0.050,,,,,,,,,,,,,
VISION_NODET,1782884234.3925,0,1782884234.3890,11123,320,240,,,,,,0.050,,,,,,,,,,,,,
VISION_NODET,1782884234.3936,0,1782884234.3914,11124,320,240,,,,,,0.050,,,,,,,,,,,,,
VISION_NODET,1782884234.3947,0,1782884234.3931,11125,320,240,,,,,,0.050,,,,,,,,,,,,,
VISION_NODET,1782884234.4014,0,1782884234.4005,11126,320,240,,,,,,0.050,,,,,,,,,,,,,
VISION_NODET,1782884234.4078,0,1782884234.4043,11127,320,240,,,,,,0.050,,,,,,,,,,,,,
VISION_NODET,1782884234.4107,0,1782884234.4082,11128,320,240,,,,,,0.050,,,,,,,,,,,,,
VISION_NODET,1782884234.4144,0,1782884234.4136,11129,320,240,,,,,,0.050,,,,,,,,,,,,,
VISION_NODET,1782884234.4212,0,1782884234.4170,11130,320,240,,,,,,0.050,,,,,,,,,,,,,
VISION_NODET,1782884234.4305,0,1782884234.4241,11131,320,240,,,,,,0.050,,,,,,,,,,,,,
VISION_NODET,1782884234.4354,0,1782884234.4327,11132,320,240,,,,,,0.050,,,,,,,,,,,,,
VISION_NODET,1782884234.4374,0,1782884234.4357,11133,320,240,,,,,,0.050,,,,,,,,,,,,,
VISION_NODET,1782884234.4386,0,1782884234.4373,11134,320,240,,,,,,0.050,,,,,,,,,,,,,
VISION_NODET,1782884234.4404,0,1782884234.4386,11135,320,240,,,,,,0.050,,,,,,,,,,,,,
VISION_NODET,1782884234.4424,0,1782884234.4403,11136,320,240,,,,,,0.050,,,,,,,,,,,,,
VISION_NODET,1782884234.4444,0,1782884234.4421,11137,320,240,,,,,,0.050,,,,,,,,,,,,,
VISION_NODET,1782884234.4460,0,1782884234.4438,11138,320,240,,,,,,0.050,,,,,,,,,,,,,
VISION_NODET,1782884234.4493,0,1782884234.4450,11139,320,240,,,,,,0.050,,,,,,,,,,,,,
VISION_NODET,1782884234.4508,0,1782884234.4470,11140,320,240,,,,,,0.050,,,,,,,,,,,,,
VISION_NODET,1782884234.4528,0,1782884234.4487,11141,320,240,,,,,,0.050,,,,,,,,,,,,,
VISION_NODET,1782884234.4555,0,1782884234.4503,11142,320,240,,,,,,0.050,,,,,,,,,,,,,
VISION_NODET,1782884234.4579,0,1782884234.4530,11143,320,240,,,,,,0.050,,,,,,,,,,,,,
VISION_NODET,1782884234.4611,0,1782884234.4556,11144,320,240,,,,,,0.050,,,,,,,,,,,,,
VISION_NODET,1782884234.4668,0,1782884234.4627,11145,320,240,,,,,,0.050,,,,,,,,,,,,,
VISION_NODET,1782884234.4869,0,1782884234.4754,11146,320,240,,,,,,0.050,,,,,,,,,,,,,
VISION_NODET,1782884234.4919,0,1782884234.4821,11147,320,240,,,,,,0.050,,,,,,,,,,,,,
VISION_NODET,1782884234.4934,0,1782884234.4863,11148,320,240,,,,,,0.050,,,,,,,,,,,,,
VISION_NODET,1782884234.4964,0,1782884234.4884,11149,320,240,,,,,,0.050,,,,,,,,,,,,,
VISION_NODET,1782884234.4984,0,1782884234.4913,11150,320,240,,,,,,0.050,,,,,,,,,,,,,
VISION_NODET,1782884234.4998,0,1782884234.4928,11151,320,240,,,,,,0.050,,,,,,,,,,,,,
VISION_NODET,1782884234.5039,0,1782884234.4942,11152,320,240,,,,,,0.050,,,,,,,,,,,,,
VISION_NODET,1782884234.5082,0,1782884234.4974,11153,320,240,,,,,,0.050,,,,,,,,,,,,,
VISION_NODET,1782884234.5107,0,1782884234.4989,11154,320,240,,,,,,0.050,,,,,,,,,,,,,
VISION_NODET,1782884234.5131,0,1782884234.4999,11155,320,240,,,,,,0.050,,,,,,,,,,,,,
VISION_NODET,1782884234.5176,0,1782884234.5013,11156,320,240,,,,,,0.050,,,,,,,,,,,,,
VISION_NODET,1782884234.5209,0,1782884234.5024,11157,320,240,,,,,,0.050,,,,,,,,,,,,,
VISION_NODET,1782884234.5272,0,1782884234.5035,11158,320,240,,,,,,0.050,,,,,,,,,,,,,
VISION_NODET,1782884234.5321,0,1782884234.5044,11159,320,240,,,,,,0.050,,,,,,,,,,,,,
VISION_NODET,1782884234.5374,0,1782884234.5054,11160,320,240,,,,,,0.050,,,,,,,,,,,,,
VISION_NODET,1782884234.5402,0,1782884234.5067,11161,320,240,,,,,,0.050,,,,,,,,,,,,,
VISION_NODET,1782884234.5424,0,1782884234.5079,11162,320,240,,,,,,0.050,,,,,,,,,,,,,
VISION_NODET,1782884234.5443,0,1782884234.5099,11163,320,240,,,,,,0.050,,,,,,,,,,,,,
VISION_NODET,1782884234.5461,0,1782884234.5157,11164,320,240,,,,,,0.050,,,,,,,,,,,,,
VISION_NODET,1782884234.5477,0,1782884234.5194,11165,320,240,,,,,,0.050,,,,,,,,,,,,,
VISION_NODET,1782884234.5533,0,1782884234.5265,11166,320,240,,,,,,0.050,,,,,,,,,,,,,
VISION_NODET,1782884234.5549,0,1782884234.5336,11167,320,240,,,,,,0.050,,,,,,,,,,,,,
VISION_NODET,1782884234.5574,0,1782884234.5381,11168,320,240,,,,,,0.050,,,,,,,,,,,,,
VISION_NODET,1782884234.5592,0,1782884234.5394,11169,320,240,,,,,,0.050,,,,,,,,,,,,,
VISION_NODET,1782884234.5615,0,1782884234.5411,11170,320,240,,,,,,0.050,,,,,,,,,,,,,
VISION_NODET,1782884234.5637,0,1782884234.5425,11171,320,240,,,,,,0.050,,,,,,,,,,,,,
VISION_NODET,1782884234.5650,0,1782884234.5448,11172,320,240,,,,,,0.050,,,,,,,,,,,,,
VISION_NODET,1782884234.5663,0,1782884234.5467,11173,320,240,,,,,,0.050,,,,,,,,,,,,,
VISION_NODET,1782884234.5681,0,1782884234.5488,11174,320,240,,,,,,0.050,,,,,,,,,,,,,
VISION_NODET,1782884234.5702,0,1782884234.5511,11175,320,240,,,,,,0.050,,,,,,,,,,,,,
VISION_NODET,1782884234.5747,0,1782884234.5542,11176,320,240,,,,,,0.050,,,,,,,,,,,,,
VISION_NODET,1782884234.5825,0,1782884234.5562,11177,320,240,,,,,,0.050,,,,,,,,,,,,,
VISION_NODET,1782884234.5871,0,1782884234.5581,11178,320,240,,,,,,0.050,,,,,,,,,,,,,
VISION_NODET,1782884234.5965,0,1782884234.5636,11179,320,240,,,,,,0.050,,,,,,,,,,,,,
VISION_NODET,1782884234.5985,0,1782884234.5678,11180,320,240,,,,,,0.050,,,,,,,,,,,,,
VISION_NODET,1782884234.6001,0,1782884234.5728,11181,320,240,,,,,,0.050,,,,,,,,,,,,,
VISION_NODET,1782884234.6015,0,1782884234.5764,11182,320,240,,,,,,0.050,,,,,,,,,,,,,
VISION_NODET,1782884234.6029,0,1782884234.5817,11183,320,240,,,,,,0.050,,,,,,,,,,,,,
VISION_NODET,1782884234.6043,0,1782884234.5859,11184,320,240,,,,,,0.050,,,,,,,,,,,,,
VISION_NODET,1782884234.6056,0,1782884234.5918,11185,320,240,,,,,,0.050,,,,,,,,,,,,,
VISION_NODET,1782884234.6068,0,1782884234.5952,11186,320,240,,,,,,0.050,,,,,,,,,,,,,
VISION_NODET,1782884234.6077,0,1782884234.5968,11187,320,240,,,,,,0.050,,,,,,,,,,,,,
VISION_NODET,1782884234.6086,0,1782884234.5981,11188,320,240,,,,,,0.050,,,,,,,,,,,,,
VISION_NODET,1782884234.6095,0,1782884234.5993,11189,320,240,,,,,,0.050,,,,,,,,,,,,,
VISION_NODET,1782884234.6105,0,1782884234.6010,11190,320,240,,,,,,0.050,,,,,,,,,,,,,
VISION_NODET,1782884234.6116,0,1782884234.6026,11191,320,240,,,,,,0.050,,,,,,,,,,,,,
VISION_NODET,1782884234.6126,0,1782884234.6041,11192,320,240,,,,,,0.050,,,,,,,,,,,,,
VISION_NODET,1782884234.6136,0,1782884234.6058,11193,320,240,,,,,,0.050,,,,,,,,,,,,,
VISION_NODET,1782884234.6145,0,1782884234.6073,11194,320,240,,,,,,0.050,,,,,,,,,,,,,
VISION_NODET,1782884234.6155,0,1782884234.6089,11195,320,240,,,,,,0.050,,,,,,,,,,,,,
VISION_NODET,1782884234.6167,0,1782884234.6102,11196,320,240,,,,,,0.050,,,,,,,,,,,,,
VISION_NODET,1782884234.6176,0,1782884234.6114,11197,320,240,,,,,,0.050,,,,,,,,,,,,,
VISION_NODET,1782884234.6195,0,1782884234.6125,11198,320,240,,,,,,0.050,,,,,,,,,,,,,
VISION_NODET,1782884234.6229,0,1782884234.6137,11199,320,240,,,,,,0.050,,,,,,,,,,,,,
VISION_NODET,1782884234.6262,0,1782884234.6153,11200,320,240,,,,,,0.050,,,,,,,,,,,,,
VISION_NODET,1782884234.6295,0,1782884234.6170,11201,320,240,,,,,,0.050,,,,,,,,,,,,,
VISION_NODET,1782884234.6340,0,1782884234.6222,11202,320,240,,,,,,0.050,,,,,,,,,,,,,
VISION_NODET,1782884234.6371,0,1782884234.6257,11203,320,240,,,,,,0.050,,,,,,,,,,,,,
VISION_NODET,1782884234.6434,0,1782884234.6291,11204,320,240,,,,,,0.050,,,,,,,,,,,,,
VISION_NODET,1782884234.6477,0,1782884234.6357,11205,320,240,,,,,,0.050,,,,,,,,,,,,,
VISION_NODET,1782884234.6496,0,1782884234.6409,11206,320,240,,,,,,0.050,,,,,,,,,,,,,
VISION_NODET,1782884234.6510,0,1782884234.6456,11207,320,240,,,,,,0.050,,,,,,,,,,,,,
VISION_NODET,1782884234.6519,0,1782884234.6478,11208,320,240,,,,,,0.050,,,,,,,,,,,,,
VISION_NODET,1782884234.6529,0,1782884234.6502,11209,320,240,,,,,,0.050,,,,,,,,,,,,,
VISION_NODET,1782884234.6537,0,1782884234.6515,11210,320,240,,,,,,0.050,,,,,,,,,,,,,
VISION_NODET,1782884234.6549,0,1782884234.6532,11211,320,240,,,,,,0.050,,,,,,,,,,,,,
VISION_NODET,1782884234.6561,0,1782884234.6546,11212,320,240,,,,,,0.050,,,,,,,,,,,,,
VISION_NODET,1782884234.6573,0,1782884234.6562,11213,320,240,,,,,,0.050,,,,,,,,,,,,,
VISION_NODET,1782884234.6584,0,1782884234.6574,11214,320,240,,,,,,0.050,,,,,,,,,,,,,
VISION_NODET,1782884234.6600,0,1782884234.6585,11215,320,240,,,,,,0.050,,,,,,,,,,,,,
VISION_NODET,1782884234.6611,0,1782884234.6596,11216,320,240,,,,,,0.050,,,,,,,,,,,,,
VISION_NODET,1782884234.6622,0,1782884234.6606,11217,320,240,,,,,,0.050,,,,,,,,,,,,,
VISION_NODET,1782884234.6633,0,1782884234.6616,11218,320,240,,,,,,0.050,,,,,,,,,,,,,
VISION_NODET,1782884234.6646,0,1782884234.6624,11219,320,240,,,,,,0.050,,,,,,,,,,,,,
VISION_NODET,1782884234.6659,0,1782884234.6631,11220,320,240,,,,,,0.050,,,,,,,,,,,,,
VISION_NODET,1782884234.6670,0,1782884234.6639,11221,320,240,,,,,,0.050,,,,,,,,,,,,,
VISION_NODET,1782884234.6680,0,1782884234.6650,11222,320,240,,,,,,0.050,,,,,,,,,,,,,
VISION_NODET,1782884234.6690,0,1782884234.6660,11223,320,240,,,,,,0.050,,,,,,,,,,,,,
VISION_NODET,1782884234.6699,0,1782884234.6682,11224,320,240,,,,,,0.050,,,,,,,,,,,,,
VISION_NODET,1782884234.6713,0,1782884234.6692,11225,320,240,,,,,,0.050,,,,,,,,,,,,,
VISION_NODET,1782884234.6983,0,1782884234.6974,11226,320,240,,,,,,0.050,,,,,,,,,,,,,
VISION_NODET,1782884234.7002,0,1782884234.6993,11227,320,240,,,,,,0.050,,,,,,,,,,,,,
VISION_NODET,1782884234.7048,0,1782884234.7019,11228,320,240,,,,,,0.050,,,,,,,,,,,,,
VISION_NODET,1782884234.7060,0,1782884234.7034,11229,320,240,,,,,,0.050,,,,,,,,,,,,,
VISION_NODET,1782884234.7072,0,1782884234.7056,11230,320,240,,,,,,0.050,,,,,,,,,,,,,
VISION_NODET,1782884234.7081,0,1782884234.7072,11231,320,240,,,,,,0.050,,,,,,,,,,,,,
VISION_NODET,1782884234.7089,0,1782884234.7085,11232,320,240,,,,,,0.050,,,,,,,,,,,,,
VISION_NODET,1782884234.7101,0,1782884234.7097,11233,320,240,,,,,,0.050,,,,,,,,,,,,,
VISION_NODET,1782884234.7115,0,1782884234.7111,11234,320,240,,,,,,0.050,,,,,,,,,,,,,
VISION_NODET,1782884234.7129,0,1782884234.7125,11235,320,240,,,,,,0.050,,,,,,,,,,,,,
VISION_NODET,1782884234.7146,0,1782884234.7138,11236,320,240,,,,,,0.050,,,,,,,,,,,,,
VISION_NODET,1782884234.7162,0,1782884234.7153,11237,320,240,,,,,,0.050,,,,,,,,,,,,,
VISION_NODET,1782884234.7174,0,1782884234.7168,11238,320,240,,,,,,0.050,,,,,,,,,,,,,
VISION_NODET,1782884234.7187,0,1782884234.7184,11239,320,240,,,,,,0.050,,,,,,,,,,,,,
VISION_NODET,1782884234.7202,0,1782884234.7199,11240,320,240,,,,,,0.050,,,,,,,,,,,,,
VISION_NODET,1782884234.7216,0,1782884234.7212,11241,320,240,,,,,,0.050,,,,,,,,,,,,,
VISION_NODET,1782884234.7229,0,1782884234.7225,11242,320,240,,,,,,0.050,,,,,,,,,,,,,
VISION_NODET,1782884234.7292,0,1782884234.7273,11243,320,240,,,,,,0.050,,,,,,,,,,,,,
VISION_NODET,1782884234.7318,0,1782884234.7307,11244,320,240,,,,,,0.050,,,,,,,,,,,,,
VISION_NODET,1782884234.7358,0,1782884234.7325,11245,320,240,,,,,,0.050,,,,,,,,,,,,,
VISION_NODET,1782884234.7396,0,1782884234.7380,11246,320,240,,,,,,0.050,,,,,,,,,,,,,
VISION_NODET,1782884234.7471,0,1782884234.7422,11247,320,240,,,,,,0.050,,,,,,,,,,,,,
VISION_NODET,1782884234.7525,0,1782884234.7490,11248,320,240,,,,,,0.050,,,,,,,,,,,,,
VISION_NODET,1782884234.7541,0,1782884234.7514,11249,320,240,,,,,,0.050,,,,,,,,,,,,,
VISION_NODET,1782884234.7585,0,1782884234.7532,11250,320,240,,,,,,0.050,,,,,,,,,,,,,
VISION_NODET,1782884234.7597,0,1782884234.7545,11251,320,240,,,,,,0.050,,,,,,,,,,,,,
VISION_NODET,1782884234.7608,0,1782884234.7561,11252,320,240,,,,,,0.050,,,,,,,,,,,,,
VISION_NODET,1782884234.7618,0,1782884234.7576,11253,320,240,,,,,,0.050,,,,,,,,,,,,,
VISION_NODET,1782884234.7634,0,1782884234.7593,11254,320,240,,,,,,0.050,,,,,,,,,,,,,
VISION_NODET,1782884234.7646,0,1782884234.7606,11255,320,240,,,,,,0.050,,,,,,,,,,,,,
VISION_NODET,1782884234.7658,0,1782884234.7621,11256,320,240,,,,,,0.050,,,,,,,,,,,,,
VISION_NODET,1782884234.7672,0,1782884234.7640,11257,320,240,,,,,,0.050,,,,,,,,,,,,,
VISION_NODET,1782884234.7684,0,1782884234.7660,11258,320,240,,,,,,0.050,,,,,,,,,,,,,
VISION_NODET,1782884234.7699,0,1782884234.7677,11259,320,240,,,,,,0.050,,,,,,,,,,,,,
VISION_NODET,1782884234.7714,0,1782884234.7700,11260,320,240,,,,,,0.050,,,,,,,,,,,,,
VISION_NODET,1782884234.7751,0,1782884234.7723,11261,320,240,,,,,,0.050,,,,,,,,,,,,,
VISION_NODET,1782884234.7789,0,1782884234.7777,11262,320,240,,,,,,0.050,,,,,,,,,,,,,
VISION_NODET,1782884234.7828,0,1782884234.7818,11263,320,240,,,,,,0.050,,,,,,,,,,,,,
VISION_NODET,1782884234.7858,0,1782884234.7836,11264,320,240,,,,,,0.050,,,,,,,,,,,,,
VISION_NODET,1782884234.7901,0,1782884234.7873,11265,320,240,,,,,,0.050,,,,,,,,,,,,,
VISION_NODET,1782884234.7952,0,1782884234.7907,11266,320,240,,,,,,0.050,,,,,,,,,,,,,
VISION_NODET,1782884234.8007,0,1782884234.7960,11267,320,240,,,,,,0.050,,,,,,,,,,,,,
VISION_NODET,1782884234.8067,0,1782884234.8013,11268,320,240,,,,,,0.050,,,,,,,,,,,,,
VISION_NODET,1782884234.8108,0,1782884234.8053,11269,320,240,,,,,,0.050,,,,,,,,,,,,,
VISION_NODET,1782884234.8133,0,1782884234.8105,11270,320,240,,,,,,0.050,,,,,,,,,,,,,
VISION_NODET,1782884234.8149,0,1782884234.8131,11271,320,240,,,,,,0.050,,,,,,,,,,,,,
VISION_NODET,1782884234.8167,0,1782884234.8160,11272,320,240,,,,,,0.050,,,,,,,,,,,,,
VISION_NODET,1782884234.8185,0,1782884234.8181,11273,320,240,,,,,,0.050,,,,,,,,,,,,,
VISION_NODET,1782884234.8198,0,1782884234.8195,11274,320,240,,,,,,0.050,,,,,,,,,,,,,
VISION_NODET,1782884234.8216,0,1782884234.8210,11275,320,240,,,,,,0.050,,,,,,,,,,,,,
VISION_NODET,1782884234.8254,0,1782884234.8245,11276,320,240,,,,,,0.050,,,,,,,,,,,,,
VISION_NODET,1782884234.8273,0,1782884234.8260,11277,320,240,,,,,,0.050,,,,,,,,,,,,,
VISION_NODET,1782884234.8304,0,1782884234.8278,11278,320,240,,,,,,0.050,,,,,,,,,,,,,
VISION_NODET,1782884234.8311,0,1782884234.8291,11279,320,240,,,,,,0.050,,,,,,,,,,,,,
VISION_NODET,1782884234.8326,0,1782884234.8321,11280,320,240,,,,,,0.050,,,,,,,,,,,,,
VISION_NODET,1782884234.8450,0,1782884234.8400,11281,320,240,,,,,,0.050,,,,,,,,,,,,,
VISION_NODET,1782884234.8541,0,1782884234.8484,11282,320,240,,,,,,0.050,,,,,,,,,,,,,
VISION_NODET,1782884234.8584,0,1782884234.8548,11283,320,240,,,,,,0.050,,,,,,,,,,,,,
VISION_NODET,1782884234.8614,0,1782884234.8596,11284,320,240,,,,,,0.050,,,,,,,,,,,,,
VISION_NODET,1782884234.8637,0,1782884234.8624,11285,320,240,,,,,,0.050,,,,,,,,,,,,,
VISION_NODET,1782884234.8658,0,1782884234.8651,11286,320,240,,,,,,0.050,,,,,,,,,,,,,
VISION_NODET,1782884234.8694,0,1782884234.8680,11287,320,240,,,,,,0.050,,,,,,,,,,,,,
VISION_NODET,1782884234.8722,0,1782884234.8708,11288,320,240,,,,,,0.050,,,,,,,,,,,,,
VISION_NODET,1782884234.8749,0,1782884234.8725,11289,320,240,,,,,,0.050,,,,,,,,,,,,,
VISION_NODET,1782884234.8763,0,1782884234.8734,11290,320,240,,,,,,0.050,,,,,,,,,,,,,
VISION_NODET,1782884234.8778,0,1782884234.8747,11291,320,240,,,,,,0.050,,,,,,,,,,,,,
VISION_NODET,1782884234.8791,0,1782884234.8765,11292,320,240,,,,,,0.050,,,,,,,,,,,,,
VISION_NODET,1782884234.8805,0,1782884234.8779,11293,320,240,,,,,,0.050,,,,,,,,,,,,,
VISION_NODET,1782884234.8816,0,1782884234.8791,11294,320,240,,,,,,0.050,,,,,,,,,,,,,
VISION_NODET,1782884234.8827,0,1782884234.8802,11295,320,240,,,,,,0.050,,,,,,,,,,,,,
VISION_NODET,1782884234.8838,0,1782884234.8811,11296,320,240,,,,,,0.050,,,,,,,,,,,,,
VISION_NODET,1782884234.8851,0,1782884234.8821,11297,320,240,,,,,,0.050,,,,,,,,,,,,,
VISION_NODET,1782884234.8863,0,1782884234.8831,11298,320,240,,,,,,0.050,,,,,,,,,,,,,
VISION_NODET,1782884234.8874,0,1782884234.8840,11299,320,240,,,,,,0.050,,,,,,,,,,,,,
VISION_NODET,1782884234.8888,0,1782884234.8851,11300,320,240,,,,,,0.050,,,,,,,,,,,,,
VISION_NODET,1782884234.8916,0,1782884234.8888,11301,320,240,,,,,,0.050,,,,,,,,,,,,,
VISION_NODET,1782884234.8949,0,1782884234.8916,11302,320,240,,,,,,0.050,,,,,,,,,,,,,
VISION_NODET,1782884234.8980,0,1782884234.8949,11303,320,240,,,,,,0.050,,,,,,,,,,,,,
VISION_NODET,1782884234.9032,0,1782884234.8983,11304,320,240,,,,,,0.050,,,,,,,,,,,,,
VISION_NODET,1782884234.9083,0,1782884234.9019,11305,320,240,,,,,,0.050,,,,,,,,,,,,,
VISION_NODET,1782884234.9138,0,1782884234.9073,11306,320,240,,,,,,0.050,,,,,,,,,,,,,
VISION_NODET,1782884234.9175,0,1782884234.9126,11307,320,240,,,,,,0.050,,,,,,,,,,,,,
VISION_NODET,1782884234.9195,0,1782884234.9168,11308,320,240,,,,,,0.050,,,,,,,,,,,,,
VISION_NODET,1782884234.9212,0,1782884234.9188,11309,320,240,,,,,,0.050,,,,,,,,,,,,,
VISION_NODET,1782884234.9228,0,1782884234.9204,11310,320,240,,,,,,0.050,,,,,,,,,,,,,
VISION_NODET,1782884234.9242,0,1782884234.9221,11311,320,240,,,,,,0.050,,,,,,,,,,,,,
VISION_NODET,1782884234.9258,0,1782884234.9234,11312,320,240,,,,,,0.050,,,,,,,,,,,,,
VISION_NODET,1782884234.9271,0,1782884234.9252,11313,320,240,,,,,,0.050,,,,,,,,,,,,,
VISION_NODET,1782884234.9283,0,1782884234.9265,11314,320,240,,,,,,0.050,,,,,,,,,,,,,
VISION_NODET,1782884234.9295,0,1782884234.9278,11315,320,240,,,,,,0.050,,,,,,,,,,,,,
VISION_NODET,1782884234.9305,0,1782884234.9288,11316,320,240,,,,,,0.050,,,,,,,,,,,,,
VISION_NODET,1782884234.9314,0,1782884234.9299,11317,320,240,,,,,,0.050,,,,,,,,,,,,,
VISION_NODET,1782884234.9321,0,1782884234.9311,11318,320,240,,,,,,0.050,,,,,,,,,,,,,
VISION_NODET,1782884234.9329,0,1782884234.9321,11319,320,240,,,,,,0.050,,,,,,,,,,,,,
VISION_NODET,1782884234.9341,0,1782884234.9333,11320,320,240,,,,,,0.050,,,,,,,,,,,,,
VISION_NODET,1782884234.9351,0,1782884234.9343,11321,320,240,,,,,,0.050,,,,,,,,,,,,,
VISION_NODET,1782884234.9361,0,1782884234.9352,11322,320,240,,,,,,0.050,,,,,,,,,,,,,
VISION_NODET,1782884234.9374,0,1782884234.9365,11323,320,240,,,,,,0.050,,,,,,,,,,,,,
VISION_NODET,1782884234.9387,0,1782884234.9380,11324,320,240,,,,,,0.050,,,,,,,,,,,,,
VISION_NODET,1782884234.9444,0,1782884234.9430,11325,320,240,,,,,,0.050,,,,,,,,,,,,,
VISION_NODET,1782884234.9667,0,1782884234.9659,11326,320,240,,,,,,0.050,,,,,,,,,,,,,
VISION_NODET,1782884234.9689,0,1782884234.9683,11327,320,240,,,,,,0.050,,,,,,,,,,,,,
VISION_NODET,1782884234.9732,0,1782884234.9723,11328,320,240,,,,,,0.050,,,,,,,,,,,,,
VISION_NODET,1782884234.9751,0,1782884234.9735,11329,320,240,,,,,,0.050,,,,,,,,,,,,,
VISION_NODET,1782884234.9764,0,1782884234.9745,11330,320,240,,,,,,0.050,,,,,,,,,,,,,
VISION_NODET,1782884234.9776,0,1782884234.9759,11331,320,240,,,,,,0.050,,,,,,,,,,,,,
VISION_NODET,1782884234.9787,0,1782884234.9770,11332,320,240,,,,,,0.050,,,,,,,,,,,,,
VISION_NODET,1782884234.9799,0,1782884234.9782,11333,320,240,,,,,,0.050,,,,,,,,,,,,,
VISION_NODET,1782884234.9811,0,1782884234.9793,11334,320,240,,,,,,0.050,,,,,,,,,,,,,
VISION_NODET,1782884234.9825,0,1782884234.9805,11335,320,240,,,,,,0.050,,,,,,,,,,,,,
VISION_NODET,1782884234.9840,0,1782884234.9817,11336,320,240,,,,,,0.050,,,,,,,,,,,,,
VISION_NODET,1782884234.9849,0,1782884234.9828,11337,320,240,,,,,,0.050,,,,,,,,,,,,,
VISION_NODET,1782884234.9856,0,1782884234.9839,11338,320,240,,,,,,0.050,,,,,,,,,,,,,
VISION_NODET,1782884234.9867,0,1782884234.9848,11339,320,240,,,,,,0.050,,,,,,,,,,,,,
VISION_NODET,1782884234.9881,0,1782884234.9866,11340,320,240,,,,,,0.050,,,,,,,,,,,,,
VISION_NODET,1782884234.9890,0,1782884234.9880,11341,320,240,,,,,,0.050,,,,,,,,,,,,,
VISION_NODET,1782884234.9909,0,1782884234.9904,11342,320,240,,,,,,0.050,,,,,,,,,,,,,
VISION_NODET,1782884234.9925,0,1782884234.9921,11343,320,240,,,,,,0.050,,,,,,,,,,,,,
VISION_NODET,1782884235.0051,0,1782884235.0003,11344,320,240,,,,,,0.050,,,,,,,,,,,,,
VISION_NODET,1782884235.0140,0,1782884235.0100,11345,320,240,,,,,,0.050,,,,,,,,,,,,,
VISION_NODET,1782884235.0187,0,1782884235.0165,11346,320,240,,,,,,0.050,,,,,,,,,,,,,
VISION_NODET,1782884235.0206,0,1782884235.0197,11347,320,240,,,,,,0.050,,,,,,,,,,,,,
VISION_NODET,1782884235.0225,0,1782884235.0216,11348,320,240,,,,,,0.050,,,,,,,,,,,,,
VISION_NODET,1782884235.0246,0,1782884235.0231,11349,320,240,,,,,,0.050,,,,,,,,,,,,,
VISION_NODET,1782884235.0259,0,1782884235.0245,11350,320,240,,,,,,0.050,,,,,,,,,,,,,
VISION_NODET,1782884235.0273,0,1782884235.0258,11351,320,240,,,,,,0.050,,,,,,,,,,,,,
VISION_NODET,1782884235.0295,0,1782884235.0281,11352,320,240,,,,,,0.050,,,,,,,,,,,,,
VISION_NODET,1782884235.0315,0,1782884235.0299,11353,320,240,,,,,,0.050,,,,,,,,,,,,,
VISION_NODET,1782884235.0328,0,1782884235.0313,11354,320,240,,,,,,0.050,,,,,,,,,,,,,
VISION_NODET,1782884235.0343,0,1782884235.0328,11355,320,240,,,,,,0.050,,,,,,,,,,,,,
VISION_NODET,1782884235.0356,0,1782884235.0351,11356,320,240,,,,,,0.050,,,,,,,,,,,,,
VISION_NODET,1782884235.0377,0,1782884235.0369,11357,320,240,,,,,,0.050,,,,,,,,,,,,,
VISION_NODET,1782884235.0392,0,1782884235.0385,11358,320,240,,,,,,0.050,,,,,,,,,,,,,
VISION_NODET,1782884235.0417,0,1782884235.0398,11359,320,240,,,,,,0.050,,,,,,,,,,,,,
VISION_NODET,1782884235.0434,0,1782884235.0413,11360,320,240,,,,,,0.050,,,,,,,,,,,,,
VISION_NODET,1782884235.0450,0,1782884235.0428,11361,320,240,,,,,,0.050,,,,,,,,,,,,,
VISION_NODET,1782884235.0464,0,1782884235.0439,11362,320,240,,,,,,0.050,,,,,,,,,,,,,
VISION_NODET,1782884235.0476,0,1782884235.0456,11363,320,240,,,,,,0.050,,,,,,,,,,,,,
VISION_NODET,1782884235.0510,0,1782884235.0501,11364,320,240,,,,,,0.050,,,,,,,,,,,,,
VISION_NODET,1782884235.0557,0,1782884235.0532,11365,320,240,,,,,,0.050,,,,,,,,,,,,,
VISION_NODET,1782884235.0604,0,1782884235.0566,11366,320,240,,,,,,0.050,,,,,,,,,,,,,
VISION_NODET,1782884235.0629,0,1782884235.0608,11367,320,240,,,,,,0.050,,,,,,,,,,,,,
VISION_NODET,1782884235.0699,0,1782884235.0650,11368,320,240,,,,,,0.050,,,,,,,,,,,,,
VISION_NODET,1782884235.0738,0,1782884235.0727,11369,320,240,,,,,,0.050,,,,,,,,,,,,,
VISION_NODET,1782884235.0830,0,1782884235.0802,11370,320,240,,,,,,0.050,,,,,,,,,,,,,
VISION_NODET,1782884235.0889,0,1782884235.0856,11371,320,240,,,,,,0.050,,,,,,,,,,,,,
VISION_NODET,1782884235.0902,0,1782884235.0872,11372,320,240,,,,,,0.050,,,,,,,,,,,,,
VISION_NODET,1782884235.0911,0,1782884235.0901,11373,320,240,,,,,,0.050,,,,,,,,,,,,,
VISION_NODET,1782884235.0919,0,1782884235.0915,11374,320,240,,,,,,0.050,,,,,,,,,,,,,
VISION_NODET,1782884235.0929,0,1782884235.0926,11375,320,240,,,,,,0.050,,,,,,,,,,,,,
VISION_NODET,1782884235.0983,0,1782884235.0971,11376,320,240,,,,,,0.050,,,,,,,,,,,,,
VISION_NODET,1782884235.1004,0,1782884235.0987,11377,320,240,,,,,,0.050,,,,,,,,,,,,,
VISION_NODET,1782884235.1102,0,1782884235.1002,11378,320,240,,,,,,0.050,,,,,,,,,,,,,
VISION_NODET,1782884235.1175,0,1782884235.1101,11379,320,240,,,,,,0.050,,,,,,,,,,,,,
VISION_NODET,1782884235.1236,0,1782884235.1185,11380,320,240,,,,,,0.050,,,,,,,,,,,,,
VISION_NODET,1782884235.1284,0,1782884235.1235,11381,320,240,,,,,,0.050,,,,,,,,,,,,,
VISION_NODET,1782884235.1307,0,1782884235.1287,11382,320,240,,,,,,0.050,,,,,,,,,,,,,
VISION_NODET,1782884235.1323,0,1782884235.1307,11383,320,240,,,,,,0.050,,,,,,,,,,,,,
VISION_NODET,1782884235.1337,0,1782884235.1317,11384,320,240,,,,,,0.050,,,,,,,,,,,,,
VISION_NODET,1782884235.1350,0,1782884235.1329,11385,320,240,,,,,,0.050,,,,,,,,,,,,,
VISION_NODET,1782884235.1363,0,1782884235.1339,11386,320,240,,,,,,0.050,,,,,,,,,,,,,
VISION_NODET,1782884235.1376,0,1782884235.1349,11387,320,240,,,,,,0.050,,,,,,,,,,,,,
VISION_NODET,1782884235.1390,0,1782884235.1363,11388,320,240,,,,,,0.050,,,,,,,,,,,,,
VISION_NODET,1782884235.1407,0,1782884235.1378,11389,320,240,,,,,,0.050,,,,,,,,,,,,,
VISION_NODET,1782884235.1419,0,1782884235.1392,11390,320,240,,,,,,0.050,,,,,,,,,,,,,
VISION_NODET,1782884235.1432,0,1782884235.1407,11391,320,240,,,,,,0.050,,,,,,,,,,,,,
VISION_NODET,1782884235.1444,0,1782884235.1420,11392,320,240,,,,,,0.050,,,,,,,,,,,,,
VISION_NODET,1782884235.1456,0,1782884235.1434,11393,320,240,,,,,,0.050,,,,,,,,,,,,,
VISION_NODET,1782884235.1471,0,1782884235.1445,11394,320,240,,,,,,0.050,,,,,,,,,,,,,
VISION_NODET,1782884235.1483,0,1782884235.1458,11395,320,240,,,,,,0.050,,,,,,,,,,,,,
VISION_NODET,1782884235.1495,0,1782884235.1471,11396,320,240,,,,,,0.050,,,,,,,,,,,,,
VISION_NODET,1782884235.1506,0,1782884235.1481,11397,320,240,,,,,,0.050,,,,,,,,,,,,,
VISION_NODET,1782884235.1517,0,1782884235.1495,11398,320,240,,,,,,0.050,,,,,,,,,,,,,
VISION_NODET,1782884235.1528,0,1782884235.1504,11399,320,240,,,,,,0.050,,,,,,,,,,,,,
VISION_NODET,1782884235.1538,0,1782884235.1514,11400,320,240,,,,,,0.050,,,,,,,,,,,,,
VISION_NODET,1782884235.1550,0,1782884235.1523,11401,320,240,,,,,,0.050,,,,,,,,,,,,,
VISION_NODET,1782884235.1584,0,1782884235.1531,11402,320,240,,,,,,0.050,,,,,,,,,,,,,
VISION_NODET,1782884235.1620,0,1782884235.1542,11403,320,240,,,,,,0.050,,,,,,,,,,,,,
VISION_NODET,1782884235.1645,0,1782884235.1622,11404,320,240,,,,,,0.050,,,,,,,,,,,,,
VISION_NODET,1782884235.1694,0,1782884235.1649,11405,320,240,,,,,,0.050,,,,,,,,,,,,,
VISION_NODET,1782884235.1798,0,1782884235.1765,11406,320,240,,,,,,0.050,,,,,,,,,,,,,
VISION_NODET,1782884235.1833,0,1782884235.1827,11407,320,240,,,,,,0.050,,,,,,,,,,,,,
VISION_NODET,1782884235.1851,0,1782884235.1841,11408,320,240,,,,,,0.050,,,,,,,,,,,,,
VISION_NODET,1782884235.1869,0,1782884235.1859,11409,320,240,,,,,,0.050,,,,,,,,,,,,,
VISION_NODET,1782884235.1895,0,1782884235.1876,11410,320,240,,,,,,0.050,,,,,,,,,,,,,
VISION_NODET,1782884235.1908,0,1782884235.1889,11411,320,240,,,,,,0.050,,,,,,,,,,,,,
VISION_NODET,1782884235.1918,0,1782884235.1905,11412,320,240,,,,,,0.050,,,,,,,,,,,,,
VISION_NODET,1782884235.1926,0,1782884235.1917,11413,320,240,,,,,,0.050,,,,,,,,,,,,,
VISION_NODET,1782884235.1934,0,1782884235.1926,11414,320,240,,,,,,0.050,,,,,,,,,,,,,
VISION_NODET,1782884235.1946,0,1782884235.1934,11415,320,240,,,,,,0.050,,,,,,,,,,,,,
VISION_NODET,1782884235.1955,0,1782884235.1944,11416,320,240,,,,,,0.050,,,,,,,,,,,,,
VISION_NODET,1782884235.1963,0,1782884235.1953,11417,320,240,,,,,,0.050,,,,,,,,,,,,,
VISION_NODET,1782884235.1972,0,1782884235.1963,11418,320,240,,,,,,0.050,,,,,,,,,,,,,
VISION_NODET,1782884235.1983,0,1782884235.1973,11419,320,240,,,,,,0.050,,,,,,,,,,,,,
VISION_NODET,1782884235.1993,0,1782884235.1984,11420,320,240,,,,,,0.050,,,,,,,,,,,,,
VISION_NODET,1782884235.2007,0,1782884235.2002,11421,320,240,,,,,,0.050,,,,,,,,,,,,,
VISION_NODET,1782884235.2020,0,1782884235.2014,11422,320,240,,,,,,0.050,,,,,,,,,,,,,
VISION_NODET,1782884235.2032,0,1782884235.2024,11423,320,240,,,,,,0.050,,,,,,,,,,,,,
VISION_NODET,1782884235.2047,0,1782884235.2034,11424,320,240,,,,,,0.050,,,,,,,,,,,,,
VISION_NODET,1782884235.2064,0,1782884235.2048,11425,320,240,,,,,,0.050,,,,,,,,,,,,,
VISION_NODET,1782884235.2093,0,1782884235.2086,11426,320,240,,,,,,0.050,,,,,,,,,,,,,
VISION_NODET,1782884235.2173,0,1782884235.2131,11427,320,240,,,,,,0.050,,,,,,,,,,,,,
VISION_NODET,1782884235.2203,0,1782884235.2161,11428,320,240,,,,,,0.050,,,,,,,,,,,,,
VISION_NODET,1782884235.2236,0,1782884235.2203,11429,320,240,,,,,,0.050,,,,,,,,,,,,,
VISION_NODET,1782884235.2355,0,1782884235.2247,11430,320,240,,,,,,0.050,,,,,,,,,,,,,
VISION_NODET,1782884235.2428,0,1782884235.2357,11431,320,240,,,,,,0.050,,,,,,,,,,,,,
VISION_NODET,1782884235.2444,0,1782884235.2438,11432,320,240,,,,,,0.050,,,,,,,,,,,,,
VISION_NODET,1782884235.2479,0,1782884235.2472,11433,320,240,,,,,,0.050,,,,,,,,,,,,,
VISION_NODET,1782884235.2502,0,1782884235.2492,11434,320,240,,,,,,0.050,,,,,,,,,,,,,
VISION_NODET,1782884235.2528,0,1782884235.2510,11435,320,240,,,,,,0.050,,,,,,,,,,,,,
VISION_NODET,1782884235.2552,0,1782884235.2525,11436,320,240,,,,,,0.050,,,,,,,,,,,,,
VISION_NODET,1782884235.2571,0,1782884235.2545,11437,320,240,,,,,,0.050,,,,,,,,,,,,,
VISION_NODET,1782884235.2595,0,1782884235.2590,11438,320,240,,,,,,0.050,,,,,,,,,,,,,
VISION_NODET,1782884235.2621,0,1782884235.2614,11439,320,240,,,,,,0.050,,,,,,,,,,,,,
VISION_NODET,1782884235.2634,0,1782884235.2625,11440,320,240,,,,,,0.050,,,,,,,,,,,,,
VISION_NODET,1782884235.2695,0,1782884235.2643,11441,320,240,,,,,,0.050,,,,,,,,,,,,,
VISION_NODET,1782884235.2725,0,1782884235.2703,11442,320,240,,,,,,0.050,,,,,,,,,,,,,
VISION_NODET,1782884235.2826,0,1782884235.2721,11443,320,240,,,,,,0.050,,,,,,,,,,,,,
VISION_NODET,1782884235.2899,0,1782884235.2765,11444,320,240,,,,,,0.050,,,,,,,,,,,,,
VISION_NODET,1782884235.2931,0,1782884235.2815,11445,320,240,,,,,,0.050,,,,,,,,,,,,,
VISION_NODET,1782884235.2948,0,1782884235.2867,11446,320,240,,,,,,0.050,,,,,,,,,,,,,
VISION_NODET,1782884235.2964,0,1782884235.2913,11447,320,240,,,,,,0.050,,,,,,,,,,,,,
VISION_NODET,1782884235.2986,0,1782884235.2933,11448,320,240,,,,,,0.050,,,,,,,,,,,,,
VISION_NODET,1782884235.3003,0,1782884235.2950,11449,320,240,,,,,,0.050,,,,,,,,,,,,,
VISION_NODET,1782884235.3017,0,1782884235.2963,11450,320,240,,,,,,0.050,,,,,,,,,,,,,
VISION_NODET,1782884235.3034,0,1782884235.2977,11451,320,240,,,,,,0.050,,,,,,,,,,,,,
VISION_NODET,1782884235.3045,0,1782884235.2989,11452,320,240,,,,,,0.050,,,,,,,,,,,,,
VISION_NODET,1782884235.3055,0,1782884235.3002,11453,320,240,,,,,,0.050,,,,,,,,,,,,,
VISION_NODET,1782884235.3064,0,1782884235.3012,11454,320,240,,,,,,0.050,,,,,,,,,,,,,
VISION_NODET,1782884235.3074,0,1782884235.3023,11455,320,240,,,,,,0.050,,,,,,,,,,,,,
VISION_NODET,1782884235.3082,0,1782884235.3048,11456,320,240,,,,,,0.050,,,,,,,,,,,,,
VISION_NODET,1782884235.3089,0,1782884235.3062,11457,320,240,,,,,,0.050,,,,,,,,,,,,,
VISION_NODET,1782884235.3101,0,1782884235.3077,11458,320,240,,,,,,0.050,,,,,,,,,,,,,
VISION_NODET,1782884235.3109,0,1782884235.3092,11459,320,240,,,,,,0.050,,,,,,,,,,,,,
VISION_NODET,1782884235.3116,0,1782884235.3104,11460,320,240,,,,,,0.050,,,,,,,,,,,,,
VISION_NODET,1782884235.3123,0,1782884235.3116,11461,320,240,,,,,,0.050,,,,,,,,,,,,,
VISION_NODET,1782884235.3136,0,1782884235.3133,11462,320,240,,,,,,0.050,,,,,,,,,,,,,
VISION_NODET,1782884235.3149,0,1782884235.3144,11463,320,240,,,,,,0.050,,,,,,,,,,,,,
VISION_NODET,1782884235.3163,0,1782884235.3159,11464,320,240,,,,,,0.050,,,,,,,,,,,,,
VISION_NODET,1782884235.3201,0,1782884235.3192,11465,320,240,,,,,,0.050,,,,,,,,,,,,,
VISION_NODET,1782884235.3232,0,1782884235.3211,11466,320,240,,,,,,0.050,,,,,,,,,,,,,
VISION_NODET,1782884235.3253,0,1782884235.3235,11467,320,240,,,,,,0.050,,,,,,,,,,,,,
VISION_NODET,1782884235.3284,0,1782884235.3259,11468,320,240,,,,,,0.050,,,,,,,,,,,,,
VISION_NODET,1782884235.3308,0,1782884235.3289,11469,320,240,,,,,,0.050,,,,,,,,,,,,,
VISION_NODET,1782884235.3379,0,1782884235.3324,11470,320,240,,,,,,0.050,,,,,,,,,,,,,
VISION_NODET,1782884235.3431,0,1782884235.3380,11471,320,240,,,,,,0.050,,,,,,,,,,,,,
VISION_NODET,1782884235.3473,0,1782884235.3448,11472,320,240,,,,,,0.050,,,,,,,,,,,,,
VISION_NODET,1782884235.3493,0,1782884235.3480,11473,320,240,,,,,,0.050,,,,,,,,,,,,,
VISION_NODET,1782884235.3510,0,1782884235.3503,11474,320,240,,,,,,0.050,,,,,,,,,,,,,
VISION_NODET,1782884235.3526,0,1782884235.3517,11475,320,240,,,,,,0.050,,,,,,,,,,,,,
VISION_NODET,1782884235.3559,0,1782884235.3550,11476,320,240,,,,,,0.050,,,,,,,,,,,,,
VISION_NODET,1782884235.3610,0,1782884235.3568,11477,320,240,,,,,,0.050,,,,,,,,,,,,,
VISION_NODET,1782884235.3642,0,1782884235.3588,11478,320,240,,,,,,0.050,,,,,,,,,,,,,
VISION_NODET,1782884235.3657,0,1782884235.3605,11479,320,240,,,,,,0.050,,,,,,,,,,,,,
VISION_NODET,1782884235.3666,0,1782884235.3618,11480,320,240,,,,,,0.050,,,,,,,,,,,,,
VISION_NODET,1782884235.3680,0,1782884235.3635,11481,320,240,,,,,,0.050,,,,,,,,,,,,,
VISION_NODET,1782884235.3694,0,1782884235.3651,11482,320,240,,,,,,0.050,,,,,,,,,,,,,
VISION_NODET,1782884235.3707,0,1782884235.3662,11483,320,240,,,,,,0.050,,,,,,,,,,,,,
VISION_NODET,1782884235.3726,0,1782884235.3681,11484,320,240,,,,,,0.050,,,,,,,,,,,,,
VISION_NODET,1782884235.3783,0,1782884235.3696,11485,320,240,,,,,,0.050,,,,,,,,,,,,,
VISION_NODET,1782884235.3799,0,1782884235.3750,11486,320,240,,,,,,0.050,,,,,,,,,,,,,
VISION_NODET,1782884235.3852,0,1782884235.3792,11487,320,240,,,,,,0.050,,,,,,,,,,,,,
VISION_NODET,1782884235.3964,0,1782884235.3934,11488,320,240,,,,,,0.050,,,,,,,,,,,,,
VISION_NODET,1782884235.3990,0,1782884235.3985,11489,320,240,,,,,,0.050,,,,,,,,,,,,,
VISION_NODET,1782884235.4004,0,1782884235.3996,11490,320,240,,,,,,0.050,,,,,,,,,,,,,
VISION_NODET,1782884235.4015,0,1782884235.4005,11491,320,240,,,,,,0.050,,,,,,,,,,,,,
VISION_NODET,1782884235.4025,0,1782884235.4014,11492,320,240,,,,,,0.050,,,,,,,,,,,,,
VISION_NODET,1782884235.4034,0,1782884235.4026,11493,320,240,,,,,,0.050,,,,,,,,,,,,,
VISION_NODET,1782884235.4055,0,1782884235.4045,11494,320,240,,,,,,0.050,,,,,,,,,,,,,
VISION_NODET,1782884235.4108,0,1782884235.4082,11495,320,240,,,,,,0.050,,,,,,,,,,,,,
VISION_NODET,1782884235.4132,0,1782884235.4104,11496,320,240,,,,,,0.050,,,,,,,,,,,,,
VISION_NODET,1782884235.4145,0,1782884235.4125,11497,320,240,,,,,,0.050,,,,,,,,,,,,,
VISION_NODET,1782884235.4154,0,1782884235.4137,11498,320,240,,,,,,0.050,,,,,,,,,,,,,
VISION_NODET,1782884235.4162,0,1782884235.4147,11499,320,240,,,,,,0.050,,,,,,,,,,,,,
VISION_NODET,1782884235.4175,0,1782884235.4172,11500,320,240,,,,,,0.050,,,,,,,,,,,,,
VISION_NODET,1782884235.4192,0,1782884235.4189,11501,320,240,,,,,,0.050,,,,,,,,,,,,,
VISION_NODET,1782884235.4207,0,1782884235.4203,11502,320,240,,,,,,0.050,,,,,,,,,,,,,
VISION_NODET,1782884235.4222,0,1782884235.4219,11503,320,240,,,,,,0.050,,,,,,,,,,,,,
VISION_NODET,1782884235.4234,0,1782884235.4232,11504,320,240,,,,,,0.050,,,,,,,,,,,,,
VISION_NODET,1782884235.4269,0,1782884235.4259,11505,320,240,,,,,,0.050,,,,,,,,,,,,,
VISION_NODET,1782884235.4305,0,1782884235.4276,11506,320,240,,,,,,0.050,,,,,,,,,,,,,
VISION_NODET,1782884235.4342,0,1782884235.4299,11507,320,240,,,,,,0.050,,,,,,,,,,,,,
VISION_NODET,1782884235.4366,0,1782884235.4322,11508,320,240,,,,,,0.050,,,,,,,,,,,,,
VISION_NODET,1782884235.4428,0,1782884235.4353,11509,320,240,,,,,,0.050,,,,,,,,,,,,,
VISION_NODET,1782884235.4517,0,1782884235.4402,11510,320,240,,,,,,0.050,,,,,,,,,,,,,
VISION_NODET,1782884235.4553,0,1782884235.4501,11511,320,240,,,,,,0.050,,,,,,,,,,,,,
VISION_NODET,1782884235.4577,0,1782884235.4554,11512,320,240,,,,,,0.050,,,,,,,,,,,,,
VISION_NODET,1782884235.4598,0,1782884235.4581,11513,320,240,,,,,,0.050,,,,,,,,,,,,,
VISION_NODET,1782884235.4620,0,1782884235.4607,11514,320,240,,,,,,0.050,,,,,,,,,,,,,
VISION_NODET,1782884235.4642,0,1782884235.4628,11515,320,240,,,,,,0.050,,,,,,,,,,,,,
VISION_NODET,1782884235.4666,0,1782884235.4654,11516,320,240,,,,,,0.050,,,,,,,,,,,,,
VISION_NODET,1782884235.4696,0,1782884235.4678,11517,320,240,,,,,,0.050,,,,,,,,,,,,,
VISION_NODET,1782884235.4710,0,1782884235.4700,11518,320,240,,,,,,0.050,,,,,,,,,,,,,
VISION_NODET,1782884235.4724,0,1782884235.4720,11519,320,240,,,,,,0.050,,,,,,,,,,,,,
VISION_NODET,1782884235.4748,0,1782884235.4745,11520,320,240,,,,,,0.050,,,,,,,,,,,,,
VISION_NODET,1782884235.4765,0,1782884235.4760,11521,320,240,,,,,,0.050,,,,,,,,,,,,,
VISION_NODET,1782884235.4846,0,1782884235.4822,11522,320,240,,,,,,0.050,,,,,,,,,,,,,
VISION_NODET,1782884235.4912,0,1782884235.4858,11523,320,240,,,,,,0.050,,,,,,,,,,,,,
VISION_NODET,1782884235.4961,0,1782884235.4928,11524,320,240,,,,,,0.050,,,,,,,,,,,,,
VISION_NODET,1782884235.5022,0,1782884235.4988,11525,320,240,,,,,,0.050,,,,,,,,,,,,,
VISION_NODET,1782884235.5110,0,1782884235.5096,11526,320,240,,,,,,0.050,,,,,,,,,,,,,
VISION_NODET,1782884235.5127,0,1782884235.5112,11527,320,240,,,,,,0.050,,,,,,,,,,,,,
VISION_NODET,1782884235.5156,0,1782884235.5128,11528,320,240,,,,,,0.050,,,,,,,,,,,,,
VISION_NODET,1782884235.5182,0,1782884235.5150,11529,320,240,,,,,,0.050,,,,,,,,,,,,,
VISION_NODET,1782884235.5197,0,1782884235.5168,11530,320,240,,,,,,0.050,,,,,,,,,,,,,
VISION_NODET,1782884235.5208,0,1782884235.5188,11531,320,240,,,,,,0.050,,,,,,,,,,,,,
VISION_NODET,1782884235.5218,0,1782884235.5204,11532,320,240,,,,,,0.050,,,,,,,,,,,,,
VISION_NODET,1782884235.5227,0,1782884235.5218,11533,320,240,,,,,,0.050,,,,,,,,,,,,,
VISION_NODET,1782884235.5237,0,1782884235.5230,11534,320,240,,,,,,0.050,,,,,,,,,,,,,
VISION_NODET,1782884235.5246,0,1782884235.5242,11535,320,240,,,,,,0.050,,,,,,,,,,,,,
VISION_NODET,1782884235.5264,0,1782884235.5258,11536,320,240,,,,,,0.050,,,,,,,,,,,,,
VISION_NODET,1782884235.5279,0,1782884235.5276,11537,320,240,,,,,,0.050,,,,,,,,,,,,,
VISION_NODET,1782884235.5293,0,1782884235.5289,11538,320,240,,,,,,0.050,,,,,,,,,,,,,
VISION_NODET,1782884235.5364,0,1782884235.5343,11539,320,240,,,,,,0.050,,,,,,,,,,,,,
VISION_NODET,1782884235.5390,0,1782884235.5375,11540,320,240,,,,,,0.050,,,,,,,,,,,,,
VISION_NODET,1782884235.5443,0,1782884235.5406,11541,320,240,,,,,,0.050,,,,,,,,,,,,,
VISION_NODET,1782884235.5488,0,1782884235.5462,11542,320,240,,,,,,0.050,,,,,,,,,,,,,
VISION_NODET,1782884235.5545,0,1782884235.5525,11543,320,240,,,,,,0.050,,,,,,,,,,,,,
VISION_NODET,1782884235.5598,0,1782884235.5590,11544,320,240,,,,,,0.050,,,,,,,,,,,,,
VISION_NODET,1782884235.5625,0,1782884235.5609,11545,320,240,,,,,,0.050,,,,,,,,,,,,,
VISION_NODET,1782884235.5647,0,1782884235.5637,11546,320,240,,,,,,0.050,,,,,,,,,,,,,
VISION_NODET,1782884235.5665,0,1782884235.5657,11547,320,240,,,,,,0.050,,,,,,,,,,,,,
VISION_NODET,1782884235.5685,0,1782884235.5681,11548,320,240,,,,,,0.050,,,,,,,,,,,,,
VISION_NODET,1782884235.5701,0,1782884235.5696,11549,320,240,,,,,,0.050,,,,,,,,,,,,,
VISION_NODET,1782884235.5716,0,1782884235.5713,11550,320,240,,,,,,0.050,,,,,,,,,,,,,
VISION_NODET,1782884235.5735,0,1782884235.5728,11551,320,240,,,,,,0.050,,,,,,,,,,,,,
VISION_NODET,1782884235.5766,0,1782884235.5758,11552,320,240,,,,,,0.050,,,,,,,,,,,,,
VISION_NODET,1782884235.5779,0,1782884235.5771,11553,320,240,,,,,,0.050,,,,,,,,,,,,,
VISION_NODET,1782884235.5796,0,1782884235.5787,11554,320,240,,,,,,0.050,,,,,,,,,,,,,
VISION_NODET,1782884235.5809,0,1782884235.5803,11555,320,240,,,,,,0.050,,,,,,,,,,,,,
VISION_NODET,1782884235.5862,0,1782884235.5847,11556,320,240,,,,,,0.050,,,,,,,,,,,,,
VISION_NODET,1782884235.5924,0,1782884235.5878,11557,320,240,,,,,,0.050,,,,,,,,,,,,,
VISION_NODET,1782884235.5964,0,1782884235.5913,11558,320,240,,,,,,0.050,,,,,,,,,,,,,
VISION_NODET,1782884235.6093,0,1782884235.5936,11559,320,240,,,,,,0.050,,,,,,,,,,,,,
VISION_NODET,1782884235.6164,0,1782884235.5973,11560,320,240,,,,,,0.050,,,,,,,,,,,,,
VISION_NODET,1782884235.6187,0,1782884235.6025,11561,320,240,,,,,,0.050,,,,,,,,,,,,,
VISION_NODET,1782884235.6203,0,1782884235.6079,11562,320,240,,,,,,0.050,,,,,,,,,,,,,
VISION_NODET,1782884235.6214,0,1782884235.6143,11563,320,240,,,,,,0.050,,,,,,,,,,,,,
VISION_NODET,1782884235.6225,0,1782884235.6175,11564,320,240,,,,,,0.050,,,,,,,,,,,,,
VISION_NODET,1782884235.6239,0,1782884235.6189,11565,320,240,,,,,,0.050,,,,,,,,,,,,,
VISION_NODET,1782884235.6253,0,1782884235.6199,11566,320,240,,,,,,0.050,,,,,,,,,,,,,
VISION_NODET,1782884235.6263,0,1782884235.6209,11567,320,240,,,,,,0.050,,,,,,,,,,,,,
VISION_NODET,1782884235.6274,0,1782884235.6221,11568,320,240,,,,,,0.050,,,,,,,,,,,,,
VISION_NODET,1782884235.6286,0,1782884235.6235,11569,320,240,,,,,,0.050,,,,,,,,,,,,,
VISION_NODET,1782884235.6296,0,1782884235.6247,11570,320,240,,,,,,0.050,,,,,,,,,,,,,
VISION_NODET,1782884235.6305,0,1782884235.6257,11571,320,240,,,,,,0.050,,,,,,,,,,,,,
VISION_NODET,1782884235.6316,0,1782884235.6267,11572,320,240,,,,,,0.050,,,,,,,,,,,,,
VISION_NODET,1782884235.6324,0,1782884235.6278,11573,320,240,,,,,,0.050,,,,,,,,,,,,,
VISION_NODET,1782884235.6332,0,1782884235.6293,11574,320,240,,,,,,0.050,,,,,,,,,,,,,
VISION_NODET,1782884235.6339,0,1782884235.6305,11575,320,240,,,,,,0.050,,,,,,,,,,,,,
VISION_NODET,1782884235.6362,0,1782884235.6356,11576,320,240,,,,,,0.050,,,,,,,,,,,,,
VISION_NODET,1782884235.6469,0,1782884235.6426,11577,320,240,,,,,,0.050,,,,,,,,,,,,,
VISION_NODET,1782884235.6562,0,1782884235.6467,11578,320,240,,,,,,0.050,,,,,,,,,,,,,
VISION_NODET,1782884235.6615,0,1782884235.6495,11579,320,240,,,,,,0.050,,,,,,,,,,,,,
VISION_NODET,1782884235.6661,0,1782884235.6551,11580,320,240,,,,,,0.050,,,,,,,,,,,,,
VISION_NODET,1782884235.6685,0,1782884235.6609,11581,320,240,,,,,,0.050,,,,,,,,,,,,,
VISION_NODET,1782884235.6703,0,1782884235.6673,11582,320,240,,,,,,0.050,,,,,,,,,,,,,
VISION_NODET,1782884235.6723,0,1782884235.6693,11583,320,240,,,,,,0.050,,,,,,,,,,,,,
VISION_NODET,1782884235.6753,0,1782884235.6716,11584,320,240,,,,,,0.050,,,,,,,,,,,,,
VISION_NODET,1782884235.6764,0,1782884235.6730,11585,320,240,,,,,,0.050,,,,,,,,,,,,,
VISION_NODET,1782884235.6774,0,1782884235.6741,11586,320,240,,,,,,0.050,,,,,,,,,,,,,
VISION_NODET,1782884235.6784,0,1782884235.6749,11587,320,240,,,,,,0.050,,,,,,,,,,,,,
VISION_NODET,1782884235.6797,0,1782884235.6762,11588,320,240,,,,,,0.050,,,,,,,,,,,,,
VISION_NODET,1782884235.6812,0,1782884235.6805,11589,320,240,,,,,,0.050,,,,,,,,,,,,,
VISION_NODET,1782884235.6826,0,1782884235.6817,11590,320,240,,,,,,0.050,,,,,,,,,,,,,
VISION_NODET,1782884235.6840,0,1782884235.6832,11591,320,240,,,,,,0.050,,,,,,,,,,,,,
VISION_NODET,1782884235.6858,0,1782884235.6845,11592,320,240,,,,,,0.050,,,,,,,,,,,,,
VISION_NODET,1782884235.6871,0,1782884235.6856,11593,320,240,,,,,,0.050,,,,,,,,,,,,,
VISION_NODET,1782884235.6885,0,1782884235.6865,11594,320,240,,,,,,0.050,,,,,,,,,,,,,
VISION_NODET,1782884235.6900,0,1782884235.6874,11595,320,240,,,,,,0.050,,,,,,,,,,,,,
VISION_NODET,1782884235.6914,0,1782884235.6885,11596,320,240,,,,,,0.050,,,,,,,,,,,,,
VISION_NODET,1782884235.6929,0,1782884235.6901,11597,320,240,,,,,,0.050,,,,,,,,,,,,,
VISION_NODET,1782884235.6960,0,1782884235.6951,11598,320,240,,,,,,0.050,,,,,,,,,,,,,
VISION_NODET,1782884235.6997,0,1782884235.6980,11599,320,240,,,,,,0.050,,,,,,,,,,,,,
VISION_NODET,1782884235.7027,0,1782884235.7006,11600,320,240,,,,,,0.050,,,,,,,,,,,,,
VISION_NODET,1782884235.7068,0,1782884235.7035,11601,320,240,,,,,,0.050,,,,,,,,,,,,,
VISION_NODET,1782884235.7131,0,1782884235.7073,11602,320,240,,,,,,0.050,,,,,,,,,,,,,
VISION_NODET,1782884235.7179,0,1782884235.7113,11603,320,240,,,,,,0.050,,,,,,,,,,,,,
VISION_NODET,1782884235.7233,0,1782884235.7173,11604,320,240,,,,,,0.050,,,,,,,,,,,,,
VISION_NODET,1782884235.7278,0,1782884235.7226,11605,320,240,,,,,,0.050,,,,,,,,,,,,,
VISION_NODET,1782884235.7294,0,1782884235.7264,11606,320,240,,,,,,0.050,,,,,,,,,,,,,
VISION_NODET,1782884235.7311,0,1782884235.7285,11607,320,240,,,,,,0.050,,,,,,,,,,,,,
VISION_NODET,1782884235.7322,0,1782884235.7298,11608,320,240,,,,,,0.050,,,,,,,,,,,,,
VISION_NODET,1782884235.7338,0,1782884235.7314,11609,320,240,,,,,,0.050,,,,,,,,,,,,,
VISION_NODET,1782884235.7347,0,1782884235.7328,11610,320,240,,,,,,0.050,,,,,,,,,,,,,
VISION_NODET,1782884235.7357,0,1782884235.7342,11611,320,240,,,,,,0.050,,,,,,,,,,,,,
VISION_NODET,1782884235.7365,0,1782884235.7354,11612,320,240,,,,,,0.050,,,,,,,,,,,,,
VISION_NODET,1782884235.7376,0,1782884235.7368,11613,320,240,,,,,,0.050,,,,,,,,,,,,,
VISION_NODET,1782884235.7386,0,1782884235.7381,11614,320,240,,,,,,0.050,,,,,,,,,,,,,
VISION_NODET,1782884235.7403,0,1782884235.7397,11615,320,240,,,,,,0.050,,,,,,,,,,,,,
VISION_NODET,1782884235.7420,0,1782884235.7415,11616,320,240,,,,,,0.050,,,,,,,,,,,,,
VISION_NODET,1782884235.7433,0,1782884235.7429,11617,320,240,,,,,,0.050,,,,,,,,,,,,,
VISION_NODET,1782884235.7451,0,1782884235.7443,11618,320,240,,,,,,0.050,,,,,,,,,,,,,
VISION_NODET,1782884235.7560,0,1782884235.7516,11619,320,240,,,,,,0.050,,,,,,,,,,,,,
VISION_NODET,1782884235.7619,0,1782884235.7582,11620,320,240,,,,,,0.050,,,,,,,,,,,,,
VISION_NODET,1782884235.7691,0,1782884235.7661,11621,320,240,,,,,,0.050,,,,,,,,,,,,,
VISION_NODET,1782884235.7773,0,1782884235.7712,11622,320,240,,,,,,0.050,,,,,,,,,,,,,
VISION_NODET,1782884235.7802,0,1782884235.7732,11623,320,240,,,,,,0.050,,,,,,,,,,,,,
VISION_NODET,1782884235.7831,0,1782884235.7754,11624,320,240,,,,,,0.050,,,,,,,,,,,,,
VISION_NODET,1782884235.7882,0,1782884235.7770,11625,320,240,,,,,,0.050,,,,,,,,,,,,,
VISION_NODET,1782884235.7953,0,1782884235.7825,11626,320,240,,,,,,0.050,,,,,,,,,,,,,
VISION_NODET,1782884235.7966,0,1782884235.7851,11627,320,240,,,,,,0.050,,,,,,,,,,,,,
VISION_NODET,1782884235.7979,0,1782884235.7872,11628,320,240,,,,,,0.050,,,,,,,,,,,,,
VISION_NODET,1782884235.8008,0,1782884235.7897,11629,320,240,,,,,,0.050,,,,,,,,,,,,,
VISION_NODET,1782884235.8055,0,1782884235.7930,11630,320,240,,,,,,0.050,,,,,,,,,,,,,
VISION_NODET,1782884235.8082,0,1782884235.7946,11631,320,240,,,,,,0.050,,,,,,,,,,,,,
VISION_NODET,1782884235.8139,0,1782884235.7961,11632,320,240,,,,,,0.050,,,,,,,,,,,,,
VISION_NODET,1782884235.8185,0,1782884235.7976,11633,320,240,,,,,,0.050,,,,,,,,,,,,,
VISION_NODET,1782884235.8234,0,1782884235.8031,11634,320,240,,,,,,0.050,,,,,,,,,,,,,
VISION_NODET,1782884235.8277,0,1782884235.8072,11635,320,240,,,,,,0.050,,,,,,,,,,,,,
VISION_NODET,1782884235.8300,0,1782884235.8124,11636,320,240,,,,,,0.050,,,,,,,,,,,,,
VISION_NODET,1782884235.8315,0,1782884235.8174,11637,320,240,,,,,,0.050,,,,,,,,,,,,,
VISION_NODET,1782884235.8327,0,1782884235.8227,11638,320,240,,,,,,0.050,,,,,,,,,,,,,
VISION_NODET,1782884235.8340,0,1782884235.8267,11639,320,240,,,,,,0.050,,,,,,,,,,,,,
VISION_NODET,1782884235.8355,0,1782884235.8286,11640,320,240,,,,,,0.050,,,,,,,,,,,,,
VISION_NODET,1782884235.8368,0,1782884235.8304,11641,320,240,,,,,,0.050,,,,,,,,,,,,,
VISION_NODET,1782884235.8381,0,1782884235.8317,11642,320,240,,,,,,0.050,,,,,,,,,,,,,
VISION_NODET,1782884235.8391,0,1782884235.8331,11643,320,240,,,,,,0.050,,,,,,,,,,,,,
VISION_NODET,1782884235.8401,0,1782884235.8346,11644,320,240,,,,,,0.050,,,,,,,,,,,,,
VISION_NODET,1782884235.8411,0,1782884235.8360,11645,320,240,,,,,,0.050,,,,,,,,,,,,,
VISION_NODET,1782884235.8422,0,1782884235.8373,11646,320,240,,,,,,0.050,,,,,,,,,,,,,
VISION_NODET,1782884235.8432,0,1782884235.8385,11647,320,240,,,,,,0.050,,,,,,,,,,,,,
VISION_NODET,1782884235.8443,0,1782884235.8398,11648,320,240,,,,,,0.050,,,,,,,,,,,,,
VISION_NODET,1782884235.8455,0,1782884235.8409,11649,320,240,,,,,,0.050,,,,,,,,,,,,,
VISION_NODET,1782884235.8468,0,1782884235.8432,11650,320,240,,,,,,0.050,,,,,,,,,,,,,
VISION_NODET,1782884235.8485,0,1782884235.8446,11651,320,240,,,,,,0.050,,,,,,,,,,,,,
VISION_NODET,1782884235.8499,0,1782884235.8469,11652,320,240,,,,,,0.050,,,,,,,,,,,,,
VISION_NODET,1782884235.8514,0,1782884235.8489,11653,320,240,,,,,,0.050,,,,,,,,,,,,,
VISION_NODET,1782884235.8537,0,1782884235.8506,11654,320,240,,,,,,0.050,,,,,,,,,,,,,
VISION_NODET,1782884235.8698,0,1782884235.8561,11655,320,240,,,,,,0.050,,,,,,,,,,,,,
VISION_NODET,1782884235.8849,0,1782884235.8626,11656,320,240,,,,,,0.050,,,,,,,,,,,,,
VISION_NODET,1782884235.8860,0,1782884235.8702,11657,320,240,,,,,,0.050,,,,,,,,,,,,,
VISION_NODET,1782884235.8888,0,1782884235.8762,11658,320,240,,,,,,0.050,,,,,,,,,,,,,
VISION_NODET,1782884235.8918,0,1782884235.8805,11659,320,240,,,,,,0.050,,,,,,,,,,,,,
VISION_NODET,1782884235.8961,0,1782884235.8823,11660,320,240,,,,,,0.050,,,,,,,,,,,,,
VISION_NODET,1782884235.8974,0,1782884235.8837,11661,320,240,,,,,,0.050,,,,,,,,,,,,,
VISION_NODET,1782884235.8984,0,1782884235.8849,11662,320,240,,,,,,0.050,,,,,,,,,,,,,
VISION_NODET,1782884235.8995,0,1782884235.8860,11663,320,240,,,,,,0.050,,,,,,,,,,,,,
VISION_NODET,1782884235.9008,0,1782884235.8869,11664,320,240,,,,,,0.050,,,,,,,,,,,,,
VISION_NODET,1782884235.9024,0,1782884235.8880,11665,320,240,,,,,,0.050,,,,,,,,,,,,,
VISION_NODET,1782884235.9036,0,1782884235.8898,11666,320,240,,,,,,0.050,,,,,,,,,,,,,
VISION_NODET,1782884235.9046,0,1782884235.8917,11667,320,240,,,,,,0.050,,,,,,,,,,,,,
VISION_NODET,1782884235.9057,0,1782884235.8934,11668,320,240,,,,,,0.050,,,,,,,,,,,,,
VISION_NODET,1782884235.9072,0,1782884235.8952,11669,320,240,,,,,,0.050,,,,,,,,,,,,,
VISION_NODET,1782884235.9086,0,1782884235.8969,11670,320,240,,,,,,0.050,,,,,,,,,,,,,
VISION_NODET,1782884235.9102,0,1782884235.8981,11671,320,240,,,,,,0.050,,,,,,,,,,,,,
VISION_NODET,1782884235.9123,0,1782884235.8992,11672,320,240,,,,,,0.050,,,,,,,,,,,,,
VISION_NODET,1782884235.9171,0,1782884235.9018,11673,320,240,,,,,,0.050,,,,,,,,,,,,,
VISION_NODET,1782884235.9182,0,1782884235.9042,11674,320,240,,,,,,0.050,,,,,,,,,,,,,
VISION_NODET,1782884235.9196,0,1782884235.9100,11675,320,240,,,,,,0.050,,,,,,,,,,,,,
VISION_NODET,1782884235.9381,0,1782884235.9371,11676,320,240,,,,,,0.050,,,,,,,,,,,,,
VISION_NODET,1782884235.9396,0,1782884235.9387,11677,320,240,,,,,,0.050,,,,,,,,,,,,,
VISION_NODET,1782884235.9410,0,1782884235.9402,11678,320,240,,,,,,0.050,,,,,,,,,,,,,
VISION_NODET,1782884235.9427,0,1782884235.9416,11679,320,240,,,,,,0.050,,,,,,,,,,,,,
VISION_NODET,1782884235.9439,0,1782884235.9432,11680,320,240,,,,,,0.050,,,,,,,,,,,,,
VISION_NODET,1782884235.9449,0,1782884235.9445,11681,320,240,,,,,,0.050,,,,,,,,,,,,,
VISION_NODET,1782884235.9470,0,1782884235.9465,11682,320,240,,,,,,0.050,,,,,,,,,,,,,
VISION_NODET,1782884235.9482,0,1782884235.9476,11683,320,240,,,,,,0.050,,,,,,,,,,,,,
VISION_NODET,1782884235.9496,0,1782884235.9492,11684,320,240,,,,,,0.050,,,,,,,,,,,,,
VISION_NODET,1782884235.9509,0,1782884235.9504,11685,320,240,,,,,,0.050,,,,,,,,,,,,,
VISION_NODET,1782884235.9520,0,1782884235.9515,11686,320,240,,,,,,0.050,,,,,,,,,,,,,
VISION_NODET,1782884235.9532,0,1782884235.9529,11687,320,240,,,,,,0.050,,,,,,,,,,,,,
VISION_NODET,1782884235.9544,0,1782884235.9540,11688,320,240,,,,,,0.050,,,,,,,,,,,,,
VISION_NODET,1782884235.9557,0,1782884235.9552,11689,320,240,,,,,,0.050,,,,,,,,,,,,,
VISION_NODET,1782884235.9579,0,1782884235.9571,11690,320,240,,,,,,0.050,,,,,,,,,,,,,
VISION_NODET,1782884235.9594,0,1782884235.9590,11691,320,240,,,,,,0.050,,,,,,,,,,,,,
VISION_NODET,1782884235.9677,0,1782884235.9652,11692,320,240,,,,,,0.050,,,,,,,,,,,,,
VISION_NODET,1782884235.9705,0,1782884235.9692,11693,320,240,,,,,,0.050,,,,,,,,,,,,,
VISION_NODET,1782884235.9845,0,1782884235.9735,11694,320,240,,,,,,0.050,,,,,,,,,,,,,
VISION_NODET,1782884235.9886,0,1782884235.9781,11695,320,240,,,,,,0.050,,,,,,,,,,,,,
VISION_NODET,1782884235.9904,0,1782884235.9881,11696,320,240,,,,,,0.050,,,,,,,,,,,,,
VISION_NODET,1782884235.9938,0,1782884235.9933,11697,320,240,,,,,,0.050,,,,,,,,,,,,,
VISION_NODET,1782884235.9953,0,1782884235.9948,11698,320,240,,,,,,0.050,,,,,,,,,,,,,
VISION_NODET,1782884235.9965,0,1782884235.9960,11699,320,240,,,,,,0.050,,,,,,,,,,,,,
VISION_NODET,1782884235.9984,0,1782884235.9971,11700,320,240,,,,,,0.050,,,,,,,,,,,,,
VISION_NODET,1782884235.9996,0,1782884235.9988,11701,320,240,,,,,,0.050,,,,,,,,,,,,,
VISION_NODET,1782884236.0008,0,1782884236.0002,11702,320,240,,,,,,0.050,,,,,,,,,,,,,
VISION_NODET,1782884236.0018,0,1782884236.0015,11703,320,240,,,,,,0.050,,,,,,,,,,,,,
VISION_NODET,1782884236.0046,0,1782884236.0026,11704,320,240,,,,,,0.050,,,,,,,,,,,,,
VISION_NODET,1782884236.0062,0,1782884236.0044,11705,320,240,,,,,,0.050,,,,,,,,,,,,,
VISION_NODET,1782884236.0076,0,1782884236.0061,11706,320,240,,,,,,0.050,,,,,,,,,,,,,
VISION_NODET,1782884236.0087,0,1782884236.0080,11707,320,240,,,,,,0.050,,,,,,,,,,,,,
VISION_NODET,1782884236.0100,0,1782884236.0094,11708,320,240,,,,,,0.050,,,,,,,,,,,,,
VISION_NODET,1782884236.0114,0,1782884236.0110,11709,320,240,,,,,,0.050,,,,,,,,,,,,,
VISION_NODET,1782884236.0131,0,1782884236.0125,11710,320,240,,,,,,0.050,,,,,,,,,,,,,
VISION_NODET,1782884236.0144,0,1782884236.0140,11711,320,240,,,,,,0.050,,,,,,,,,,,,,
VISION_NODET,1782884236.0161,0,1782884236.0154,11712,320,240,,,,,,0.050,,,,,,,,,,,,,
VISION_NODET,1782884236.0179,0,1782884236.0173,11713,320,240,,,,,,0.050,,,,,,,,,,,,,
VISION_NODET,1782884236.0203,0,1782884236.0194,11714,320,240,,,,,,0.050,,,,,,,,,,,,,
VISION_NODET,1782884236.0228,0,1782884236.0222,11715,320,240,,,,,,0.050,,,,,,,,,,,,,
VISION_NODET,1782884236.0260,0,1782884236.0252,11716,320,240,,,,,,0.050,,,,,,,,,,,,,
VISION_NODET,1782884236.0277,0,1782884236.0269,11717,320,240,,,,,,0.050,,,,,,,,,,,,,
VISION_NODET,1782884236.0329,0,1782884236.0287,11718,320,240,,,,,,0.050,,,,,,,,,,,,,
VISION_NODET,1782884236.0401,0,1782884236.0349,11719,320,240,,,,,,0.050,,,,,,,,,,,,,
VISION_NODET,1782884236.0453,0,1782884236.0397,11720,320,240,,,,,,0.050,,,,,,,,,,,,,
VISION_NODET,1782884236.0478,0,1782884236.0459,11721,320,240,,,,,,0.050,,,,,,,,,,,,,
VISION_NODET,1782884236.0497,0,1782884236.0491,11722,320,240,,,,,,0.050,,,,,,,,,,,,,
VISION_NODET,1782884236.0511,0,1782884236.0506,11723,320,240,,,,,,0.050,,,,,,,,,,,,,
VISION_NODET,1782884236.0545,0,1782884236.0534,11724,320,240,,,,,,0.050,,,,,,,,,,,,,
VISION_NODET,1782884236.0562,0,1782884236.0549,11725,320,240,,,,,,0.050,,,,,,,,,,,,,
VISION_NODET,1782884236.0620,0,1782884236.0599,11726,320,240,,,,,,0.050,,,,,,,,,,,,,
VISION_NODET,1782884236.0630,0,1782884236.0617,11727,320,240,,,,,,0.050,,,,,,,,,,,,,
VISION_NODET,1782884236.0645,0,1782884236.0633,11728,320,240,,,,,,0.050,,,,,,,,,,,,,
VISION_NODET,1782884236.0665,0,1782884236.0655,11729,320,240,,,,,,0.050,,,,,,,,,,,,,
VISION_NODET,1782884236.0684,0,1782884236.0677,11730,320,240,,,,,,0.050,,,,,,,,,,,,,
VISION_NODET,1782884236.0741,0,1782884236.0723,11731,320,240,,,,,,0.050,,,,,,,,,,,,,
VISION_NODET,1782884236.0911,0,1782884236.0756,11732,320,240,,,,,,0.050,,,,,,,,,,,,,
VISION_NODET,1782884236.0983,0,1782884236.0806,11733,320,240,,,,,,0.050,,,,,,,,,,,,,
VISION_NODET,1782884236.1012,0,1782884236.0873,11734,320,240,,,,,,0.050,,,,,,,,,,,,,
VISION_NODET,1782884236.1032,0,1782884236.0936,11735,320,240,,,,,,0.050,,,,,,,,,,,,,
VISION_NODET,1782884236.1049,0,1782884236.1000,11736,320,240,,,,,,0.050,,,,,,,,,,,,,
VISION_NODET,1782884236.1064,0,1782884236.1032,11737,320,240,,,,,,0.050,,,,,,,,,,,,,
VISION_NODET,1782884236.1080,0,1782884236.1050,11738,320,240,,,,,,0.050,,,,,,,,,,,,,
VISION_NODET,1782884236.1094,0,1782884236.1071,11739,320,240,,,,,,0.050,,,,,,,,,,,,,
VISION_NODET,1782884236.1106,0,1782884236.1087,11740,320,240,,,,,,0.050,,,,,,,,,,,,,
VISION_NODET,1782884236.1119,0,1782884236.1101,11741,320,240,,,,,,0.050,,,,,,,,,,,,,
VISION_NODET,1782884236.1135,0,1782884236.1115,11742,320,240,,,,,,0.050,,,,,,,,,,,,,
VISION_NODET,1782884236.1150,0,1782884236.1139,11743,320,240,,,,,,0.050,,,,,,,,,,,,,
VISION_NODET,1782884236.1171,0,1782884236.1164,11744,320,240,,,,,,0.050,,,,,,,,,,,,,
VISION_NODET,1782884236.1189,0,1782884236.1182,11745,320,240,,,,,,0.050,,,,,,,,,,,,,
VISION_NODET,1782884236.1211,0,1782884236.1197,11746,320,240,,,,,,0.050,,,,,,,,,,,,,
VISION_NODET,1782884236.1226,0,1782884236.1221,11747,320,240,,,,,,0.050,,,,,,,,,,,,,
VISION_NODET,1782884236.1304,0,1782884236.1291,11748,320,240,,,,,,0.050,,,,,,,,,,,,,
VISION_NODET,1782884236.1343,0,1782884236.1334,11749,320,240,,,,,,0.050,,,,,,,,,,,,,
VISION_NODET,1782884236.1404,0,1782884236.1381,11750,320,240,,,,,,0.050,,,,,,,,,,,,,
VISION_NODET,1782884236.1448,0,1782884236.1429,11751,320,240,,,,,,0.050,,,,,,,,,,,,,
VISION_NODET,1782884236.1519,0,1782884236.1505,11752,320,240,,,,,,0.050,,,,,,,,,,,,,
VISION_NODET,1782884236.1582,0,1782884236.1542,11753,320,240,,,,,,0.050,,,,,,,,,,,,,
VISION_NODET,1782884236.1596,0,1782884236.1568,11754,320,240,,,,,,0.050,,,,,,,,,,,,,
VISION_NODET,1782884236.1606,0,1782884236.1587,11755,320,240,,,,,,0.050,,,,,,,,,,,,,
VISION_NODET,1782884236.1619,0,1782884236.1597,11756,320,240,,,,,,0.050,,,,,,,,,,,,,
VISION_NODET,1782884236.1631,0,1782884236.1618,11757,320,240,,,,,,0.050,,,,,,,,,,,,,
VISION_NODET,1782884236.1646,0,1782884236.1640,11758,320,240,,,,,,0.050,,,,,,,,,,,,,
VISION_NODET,1782884236.1656,0,1782884236.1654,11759,320,240,,,,,,0.050,,,,,,,,,,,,,
VISION_NODET,1782884236.1673,0,1782884236.1668,11760,320,240,,,,,,0.050,,,,,,,,,,,,,
VISION_NODET,1782884236.1690,0,1782884236.1686,11761,320,240,,,,,,0.050,,,,,,,,,,,,,
VISION_NODET,1782884236.1707,0,1782884236.1703,11762,320,240,,,,,,0.050,,,,,,,,,,,,,
VISION_NODET,1782884236.1723,0,1782884236.1717,11763,320,240,,,,,,0.050,,,,,,,,,,,,,
VISION_NODET,1782884236.1757,0,1782884236.1731,11764,320,240,,,,,,0.050,,,,,,,,,,,,,
VISION_NODET,1782884236.1776,0,1782884236.1748,11765,320,240,,,,,,0.050,,,,,,,,,,,,,
VISION_NODET,1782884236.1838,0,1782884236.1807,11766,320,240,,,,,,0.050,,,,,,,,,,,,,
VISION_NODET,1782884236.1943,0,1782884236.1912,11767,320,240,,,,,,0.050,,,,,,,,,,,,,
VISION_NODET,1782884236.2039,0,1782884236.1994,11768,320,240,,,,,,0.050,,,,,,,,,,,,,
VISION_NODET,1782884236.2068,0,1782884236.2044,11769,320,240,,,,,,0.050,,,,,,,,,,,,,
VISION_NODET,1782884236.2087,0,1782884236.2067,11770,320,240,,,,,,0.050,,,,,,,,,,,,,
VISION_NODET,1782884236.2106,0,1782884236.2084,11771,320,240,,,,,,0.050,,,,,,,,,,,,,
VISION_NODET,1782884236.2117,0,1782884236.2107,11772,320,240,,,,,,0.050,,,,,,,,,,,,,
VISION_NODET,1782884236.2133,0,1782884236.2128,11773,320,240,,,,,,0.050,,,,,,,,,,,,,
VISION_NODET,1782884236.2149,0,1782884236.2146,11774,320,240,,,,,,0.050,,,,,,,,,,,,,
VISION_NODET,1782884236.2184,0,1782884236.2176,11775,320,240,,,,,,0.050,,,,,,,,,,,,,
VISION_NODET,1782884236.2252,0,1782884236.2245,11776,320,240,,,,,,0.050,,,,,,,,,,,,,
VISION_NODET,1782884236.2266,0,1782884236.2259,11777,320,240,,,,,,0.050,,,,,,,,,,,,,
VISION_NODET,1782884236.2278,0,1782884236.2270,11778,320,240,,,,,,0.050,,,,,,,,,,,,,
VISION_NODET,1782884236.2294,0,1782884236.2282,11779,320,240,,,,,,0.050,,,,,,,,,,,,,
VISION_NODET,1782884236.2313,0,1782884236.2308,11780,320,240,,,,,,0.050,,,,,,,,,,,,,
VISION_NODET,1782884236.2326,0,1782884236.2321,11781,320,240,,,,,,0.050,,,,,,,,,,,,,
VISION_NODET,1782884236.2347,0,1782884236.2334,11782,320,240,,,,,,0.050,,,,,,,,,,,,,
VISION_NODET,1782884236.2375,0,1782884236.2362,11783,320,240,,,,,,0.050,,,,,,,,,,,,,
VISION_NODET,1782884236.2413,0,1782884236.2402,11784,320,240,,,,,,0.050,,,,,,,,,,,,,
VISION_NODET,1782884236.2442,0,1782884236.2427,11785,320,240,,,,,,0.050,,,,,,,,,,,,,
VISION_NODET,1782884236.2509,0,1782884236.2486,11786,320,240,,,,,,0.050,,,,,,,,,,,,,
VISION_NODET,1782884236.2595,0,1782884236.2540,11787,320,240,,,,,,0.050,,,,,,,,,,,,,
VISION_NODET,1782884236.2633,0,1782884236.2613,11788,320,240,,,,,,0.050,,,,,,,,,,,,,
VISION_NODET,1782884236.2654,0,1782884236.2642,11789,320,240,,,,,,0.050,,,,,,,,,,,,,
VISION_NODET,1782884236.2678,0,1782884236.2665,11790,320,240,,,,,,0.050,,,,,,,,,,,,,
VISION_NODET,1782884236.2705,0,1782884236.2687,11791,320,240,,,,,,0.050,,,,,,,,,,,,,
VISION_NODET,1782884236.2734,0,1782884236.2709,11792,320,240,,,,,,0.050,,,,,,,,,,,,,
VISION_NODET,1782884236.2757,0,1782884236.2724,11793,320,240,,,,,,0.050,,,,,,,,,,,,,
VISION_NODET,1782884236.2767,0,1782884236.2745,11794,320,240,,,,,,0.050,,,,,,,,,,,,,
VISION_NODET,1782884236.2779,0,1782884236.2761,11795,320,240,,,,,,0.050,,,,,,,,,,,,,
VISION_NODET,1782884236.2788,0,1782884236.2772,11796,320,240,,,,,,0.050,,,,,,,,,,,,,
VISION_NODET,1782884236.2802,0,1782884236.2794,11797,320,240,,,,,,0.050,,,,,,,,,,,,,
VISION_NODET,1782884236.2817,0,1782884236.2814,11798,320,240,,,,,,0.050,,,,,,,,,,,,,
VISION_NODET,1782884236.2976,0,1782884236.2952,11799,320,240,,,,,,0.050,,,,,,,,,,,,,
VISION_NODET,1782884236.3102,0,1782884236.3063,11800,320,240,,,,,,0.050,,,,,,,,,,,,,
VISION_NODET,1782884236.3138,0,1782884236.3098,11801,320,240,,,,,,0.050,,,,,,,,,,,,,
VISION_NODET,1782884236.3171,0,1782884236.3121,11802,320,240,,,,,,0.050,,,,,,,,,,,,,
VISION_NODET,1782884236.3190,0,1782884236.3147,11803,320,240,,,,,,0.050,,,,,,,,,,,,,
VISION_NODET,1782884236.3205,0,1782884236.3164,11804,320,240,,,,,,0.050,,,,,,,,,,,,,
VISION_NODET,1782884236.3216,0,1782884236.3184,11805,320,240,,,,,,0.050,,,,,,,,,,,,,
VISION_NODET,1782884236.3223,0,1782884236.3212,11806,320,240,,,,,,0.050,,,,,,,,,,,,,
VISION_NODET,1782884236.3230,0,1782884236.3225,11807,320,240,,,,,,0.050,,,,,,,,,,,,,
VISION_NODET,1782884236.3238,0,1782884236.3236,11808,320,240,,,,,,0.050,,,,,,,,,,,,,
VISION_NODET,1782884236.3251,0,1782884236.3248,11809,320,240,,,,,,0.050,,,,,,,,,,,,,
VISION_NODET,1782884236.3277,0,1782884236.3272,11810,320,240,,,,,,0.050,,,,,,,,,,,,,
VISION_NODET,1782884236.3288,0,1782884236.3286,11811,320,240,,,,,,0.050,,,,,,,,,,,,,
VISION_NODET,1782884236.3301,0,1782884236.3298,11812,320,240,,,,,,0.050,,,,,,,,,,,,,
VISION_NODET,1782884236.3316,0,1782884236.3314,11813,320,240,,,,,,0.050,,,,,,,,,,,,,
VISION_NODET,1782884236.3328,0,1782884236.3325,11814,320,240,,,,,,0.050,,,,,,,,,,,,,
VISION_NODET,1782884236.3341,0,1782884236.3339,11815,320,240,,,,,,0.050,,,,,,,,,,,,,
VISION_NODET,1782884236.3355,0,1782884236.3351,11816,320,240,,,,,,0.050,,,,,,,,,,,,,
VISION_NODET,1782884236.3433,0,1782884236.3409,11817,320,240,,,,,,0.050,,,,,,,,,,,,,
VISION_NODET,1782884236.3469,0,1782884236.3445,11818,320,240,,,,,,0.050,,,,,,,,,,,,,
VISION_NODET,1782884236.3541,0,1782884236.3473,11819,320,240,,,,,,0.050,,,,,,,,,,,,,
VISION_NODET,1782884236.3630,0,1782884236.3535,11820,320,240,,,,,,0.050,,,,,,,,,,,,,
VISION_NODET,1782884236.3655,0,1782884236.3580,11821,320,240,,,,,,0.050,,,,,,,,,,,,,
VISION_NODET,1782884236.3677,0,1782884236.3628,11822,320,240,,,,,,0.050,,,,,,,,,,,,,
VISION_NODET,1782884236.3690,0,1782884236.3654,11823,320,240,,,,,,0.050,,,,,,,,,,,,,
VISION_NODET,1782884236.3708,0,1782884236.3692,11824,320,240,,,,,,0.050,,,,,,,,,,,,,
VISION_NODET,1782884236.3742,0,1782884236.3726,11825,320,240,,,,,,0.050,,,,,,,,,,,,,
VISION_NODET,1782884236.3789,0,1782884236.3774,11826,320,240,,,,,,0.050,,,,,,,,,,,,,
VISION_NODET,1782884236.3799,0,1782884236.3791,11827,320,240,,,,,,0.050,,,,,,,,,,,,,
VISION_NODET,1782884236.3819,0,1782884236.3806,11828,320,240,,,,,,0.050,,,,,,,,,,,,,
VISION_NODET,1782884236.3829,0,1782884236.3821,11829,320,240,,,,,,0.050,,,,,,,,,,,,,
VISION_NODET,1782884236.3839,0,1782884236.3835,11830,320,240,,,,,,0.050,,,,,,,,,,,,,
VISION_NODET,1782884236.3855,0,1782884236.3848,11831,320,240,,,,,,0.050,,,,,,,,,,,,,
VISION_NODET,1782884236.3867,0,1782884236.3862,11832,320,240,,,,,,0.050,,,,,,,,,,,,,
VISION_NODET,1782884236.3887,0,1782884236.3882,11833,320,240,,,,,,0.050,,,,,,,,,,,,,
VISION_NODET,1782884236.3902,0,1782884236.3897,11834,320,240,,,,,,0.050,,,,,,,,,,,,,
VISION_NODET,1782884236.3924,0,1782884236.3918,11835,320,240,,,,,,0.050,,,,,,,,,,,,,
VISION_NODET,1782884236.3959,0,1782884236.3942,11836,320,240,,,,,,0.050,,,,,,,,,,,,,
VISION_NODET,1782884236.4005,0,1782884236.3976,11837,320,240,,,,,,0.050,,,,,,,,,,,,,
VISION_NODET,1782884236.4066,0,1782884236.4013,11838,320,240,,,,,,0.050,,,,,,,,,,,,,
VISION_NODET,1782884236.4117,0,1782884236.4069,11839,320,240,,,,,,0.050,,,,,,,,,,,,,
VISION_NODET,1782884236.4176,0,1782884236.4113,11840,320,240,,,,,,0.050,,,,,,,,,,,,,
VISION_NODET,1782884236.4207,0,1782884236.4168,11841,320,240,,,,,,0.050,,,,,,,,,,,,,
VISION_NODET,1782884236.4235,0,1782884236.4210,11842,320,240,,,,,,0.050,,,,,,,,,,,,,
VISION_NODET,1782884236.4249,0,1782884236.4233,11843,320,240,,,,,,0.050,,,,,,,,,,,,,
VISION_NODET,1782884236.4259,0,1782884236.4250,11844,320,240,,,,,,0.050,,,,,,,,,,,,,
VISION_NODET,1782884236.4276,0,1782884236.4263,11845,320,240,,,,,,0.050,,,,,,,,,,,,,
VISION_NODET,1782884236.4289,0,1782884236.4277,11846,320,240,,,,,,0.050,,,,,,,,,,,,,
VISION_NODET,1782884236.4300,0,1782884236.4295,11847,320,240,,,,,,0.050,,,,,,,,,,,,,
VISION_NODET,1782884236.4310,0,1782884236.4307,11848,320,240,,,,,,0.050,,,,,,,,,,,,,
VISION_NODET,1782884236.4323,0,1782884236.4320,11849,320,240,,,,,,0.050,,,,,,,,,,,,,
VISION_NODET,1782884236.4334,0,1782884236.4330,11850,320,240,,,,,,0.050,,,,,,,,,,,,,
VISION_NODET,1782884236.4346,0,1782884236.4342,11851,320,240,,,,,,0.050,,,,,,,,,,,,,
VISION_NODET,1782884236.4359,0,1782884236.4355,11852,320,240,,,,,,0.050,,,,,,,,,,,,,
VISION_NODET,1782884236.4374,0,1782884236.4369,11853,320,240,,,,,,0.050,,,,,,,,,,,,,
VISION_NODET,1782884236.4389,0,1782884236.4385,11854,320,240,,,,,,0.050,,,,,,,,,,,,,
VISION_NODET,1782884236.4405,0,1782884236.4399,11855,320,240,,,,,,0.050,,,,,,,,,,,,,
VISION_NODET,1782884236.4417,0,1782884236.4411,11856,320,240,,,,,,0.050,,,,,,,,,,,,,
VISION_NODET,1782884236.4442,0,1782884236.4435,11857,320,240,,,,,,0.050,,,,,,,,,,,,,
VISION_NODET,1782884236.4462,0,1782884236.4448,11858,320,240,,,,,,0.050,,,,,,,,,,,,,
VISION_NODET,1782884236.4498,0,1782884236.4471,11859,320,240,,,,,,0.050,,,,,,,,,,,,,
VISION_NODET,1782884236.4530,0,1782884236.4497,11860,320,240,,,,,,0.050,,,,,,,,,,,,,
VISION_NODET,1782884236.4547,0,1782884236.4530,11861,320,240,,,,,,0.050,,,,,,,,,,,,,
VISION_NODET,1782884236.4609,0,1782884236.4589,11862,320,240,,,,,,0.050,,,,,,,,,,,,,
VISION_NODET,1782884236.4657,0,1782884236.4635,11863,320,240,,,,,,0.050,,,,,,,,,,,,,
VISION_NODET,1782884236.4728,0,1782884236.4709,11864,320,240,,,,,,0.050,,,,,,,,,,,,,
VISION_NODET,1782884236.4757,0,1782884236.4741,11865,320,240,,,,,,0.050,,,,,,,,,,,,,
VISION_NODET,1782884236.4768,0,1782884236.4755,11866,320,240,,,,,,0.050,,,,,,,,,,,,,
VISION_NODET,1782884236.4781,0,1782884236.4772,11867,320,240,,,,,,0.050,,,,,,,,,,,,,
VISION_NODET,1782884236.4794,0,1782884236.4784,11868,320,240,,,,,,0.050,,,,,,,,,,,,,
VISION_NODET,1782884236.4815,0,1782884236.4800,11869,320,240,,,,,,0.050,,,,,,,,,,,,,
VISION_NODET,1782884236.4831,0,1782884236.4811,11870,320,240,,,,,,0.050,,,,,,,,,,,,,
VISION_NODET,1782884236.4841,0,1782884236.4826,11871,320,240,,,,,,0.050,,,,,,,,,,,,,
VISION_NODET,1782884236.4851,0,1782884236.4840,11872,320,240,,,,,,0.050,,,,,,,,,,,,,
VISION_NODET,1782884236.4859,0,1782884236.4851,11873,320,240,,,,,,0.050,,,,,,,,,,,,,
VISION_NODET,1782884236.4892,0,1782884236.4880,11874,320,240,,,,,,0.050,,,,,,,,,,,,,
VISION_NODET,1782884236.4935,0,1782884236.4905,11875,320,240,,,,,,0.050,,,,,,,,,,,,,
VISION_NODET,1782884236.4950,0,1782884236.4944,11876,320,240,,,,,,0.050,,,,,,,,,,,,,
VISION_NODET,1782884236.4965,0,1782884236.4962,11877,320,240,,,,,,0.050,,,,,,,,,,,,,
VISION_NODET,1782884236.4992,0,1782884236.4983,11878,320,240,,,,,,0.050,,,,,,,,,,,,,
VISION_NODET,1782884236.5015,0,1782884236.5006,11879,320,240,,,,,,0.050,,,,,,,,,,,,,
VISION_NODET,1782884236.5043,0,1782884236.5031,11880,320,240,,,,,,0.050,,,,,,,,,,,,,
VISION_NODET,1782884236.5087,0,1782884236.5073,11881,320,240,,,,,,0.050,,,,,,,,,,,,,
VISION_NODET,1782884236.5176,0,1782884236.5102,11882,320,240,,,,,,0.050,,,,,,,,,,,,,
VISION_NODET,1782884236.5292,0,1782884236.5200,11883,320,240,,,,,,0.050,,,,,,,,,,,,,
VISION_NODET,1782884236.5322,0,1782884236.5274,11884,320,240,,,,,,0.050,,,,,,,,,,,,,
VISION_NODET,1782884236.5331,0,1782884236.5304,11885,320,240,,,,,,0.050,,,,,,,,,,,,,
VISION_NODET,1782884236.5342,0,1782884236.5321,11886,320,240,,,,,,0.050,,,,,,,,,,,,,
VISION_NODET,1782884236.5352,0,1782884236.5334,11887,320,240,,,,,,0.050,,,,,,,,,,,,,
VISION_NODET,1782884236.5369,0,1782884236.5345,11888,320,240,,,,,,0.050,,,,,,,,,,,,,
VISION_NODET,1782884236.5385,0,1782884236.5358,11889,320,240,,,,,,0.050,,,,,,,,,,,,,
VISION_NODET,1782884236.5424,0,1782884236.5370,11890,320,240,,,,,,0.050,,,,,,,,,,,,,
VISION_NODET,1782884236.5434,0,1782884236.5385,11891,320,240,,,,,,0.050,,,,,,,,,,,,,
VISION_NODET,1782884236.5443,0,1782884236.5399,11892,320,240,,,,,,0.050,,,,,,,,,,,,,
VISION_NODET,1782884236.5453,0,1782884236.5414,11893,320,240,,,,,,0.050,,,,,,,,,,,,,
VISION_NODET,1782884236.5467,0,1782884236.5425,11894,320,240,,,,,,0.050,,,,,,,,,,,,,
VISION_NODET,1782884236.5480,0,1782884236.5437,11895,320,240,,,,,,0.050,,,,,,,,,,,,,
VISION_NODET,1782884236.5517,0,1782884236.5447,11896,320,240,,,,,,0.050,,,,,,,,,,,,,
VISION_NODET,1782884236.5548,0,1782884236.5457,11897,320,240,,,,,,0.050,,,,,,,,,,,,,
VISION_NODET,1782884236.5632,0,1782884236.5469,11898,320,240,,,,,,0.050,,,,,,,,,,,,,
VISION_NODET,1782884236.5699,0,1782884236.5481,11899,320,240,,,,,,0.050,,,,,,,,,,,,,
VISION_NODET,1782884236.5731,0,1782884236.5550,11900,320,240,,,,,,0.050,,,,,,,,,,,,,
VISION_NODET,1782884236.5758,0,1782884236.5622,11901,320,240,,,,,,0.050,,,,,,,,,,,,,
VISION_NODET,1782884236.5771,0,1782884236.5682,11902,320,240,,,,,,0.050,,,,,,,,,,,,,
VISION_NODET,1782884236.5785,0,1782884236.5751,11903,320,240,,,,,,0.050,,,,,,,,,,,,,
VISION_NODET,1782884236.5799,0,1782884236.5769,11904,320,240,,,,,,0.050,,,,,,,,,,,,,
VISION_NODET,1782884236.5811,0,1782884236.5798,11905,320,240,,,,,,0.050,,,,,,,,,,,,,
VISION_NODET,1782884236.5823,0,1782884236.5812,11906,320,240,,,,,,0.050,,,,,,,,,,,,,
VISION_NODET,1782884236.5836,0,1782884236.5825,11907,320,240,,,,,,0.050,,,,,,,,,,,,,
VISION_NODET,1782884236.5864,0,1782884236.5853,11908,320,240,,,,,,0.050,,,,,,,,,,,,,
VISION_NODET,1782884236.5886,0,1782884236.5877,11909,320,240,,,,,,0.050,,,,,,,,,,,,,
VISION_NODET,1782884236.5899,0,1782884236.5893,11910,320,240,,,,,,0.050,,,,,,,,,,,,,
VISION_NODET,1782884236.5911,0,1782884236.5906,11911,320,240,,,,,,0.050,,,,,,,,,,,,,
VISION_NODET,1782884236.5922,0,1782884236.5920,11912,320,240,,,,,,0.050,,,,,,,,,,,,,
VISION_NODET,1782884236.5932,0,1782884236.5930,11913,320,240,,,,,,0.050,,,,,,,,,,,,,
VISION_NODET,1782884236.5943,0,1782884236.5941,11914,320,240,,,,,,0.050,,,,,,,,,,,,,
VISION_NODET,1782884236.5953,0,1782884236.5951,11915,320,240,,,,,,0.050,,,,,,,,,,,,,
VISION_NODET,1782884236.5965,0,1782884236.5961,11916,320,240,,,,,,0.050,,,,,,,,,,,,,
VISION_NODET,1782884236.5978,0,1782884236.5972,11917,320,240,,,,,,0.050,,,,,,,,,,,,,
VISION_NODET,1782884236.5996,0,1782884236.5994,11918,320,240,,,,,,0.050,,,,,,,,,,,,,
VISION_NODET,1782884236.6007,0,1782884236.6004,11919,320,240,,,,,,0.050,,,,,,,,,,,,,
VISION_NODET,1782884236.6044,0,1782884236.6033,11920,320,240,,,,,,0.050,,,,,,,,,,,,,
VISION_NODET,1782884236.6087,0,1782884236.6058,11921,320,240,,,,,,0.050,,,,,,,,,,,,,
VISION_NODET,1782884236.6176,0,1782884236.6092,11922,320,240,,,,,,0.050,,,,,,,,,,,,,
VISION_NODET,1782884236.6236,0,1782884236.6137,11923,320,240,,,,,,0.050,,,,,,,,,,,,,
VISION_NODET,1782884236.6286,0,1782884236.6187,11924,320,240,,,,,,0.050,,,,,,,,,,,,,
VISION_NODET,1782884236.6344,0,1782884236.6241,11925,320,240,,,,,,0.050,,,,,,,,,,,,,
VISION_NODET,1782884236.6383,0,1782884236.6375,11926,320,240,,,,,,0.070,,,,,,,,,,,,,
VISION_NODET,1782884236.6420,0,1782884236.6412,11927,320,240,,,,,,0.070,,,,,,,,,,,,,
VISION_NODET,1782884236.6439,0,1782884236.6434,11928,320,240,,,,,,0.070,,,,,,,,,,,,,
VISION_NODET,1782884236.6458,0,1782884236.6453,11929,320,240,,,,,,0.070,,,,,,,,,,,,,
VISION_NODET,1782884236.6476,0,1782884236.6471,11930,320,240,,,,,,0.070,,,,,,,,,,,,,
VISION_NODET,1782884236.6492,0,1782884236.6487,11931,320,240,,,,,,0.070,,,,,,,,,,,,,
VISION_NODET,1782884236.6515,0,1782884236.6509,11932,320,240,,,,,,0.070,,,,,,,,,,,,,
VISION_NODET,1782884236.6532,0,1782884236.6526,11933,320,240,,,,,,0.070,,,,,,,,,,,,,
VISION_NODET,1782884236.6555,0,1782884236.6546,11934,320,240,,,,,,0.070,,,,,,,,,,,,,
VISION_NODET,1782884236.6590,0,1782884236.6567,11935,320,240,,,,,,0.070,,,,,,,,,,,,,
VISION_NODET,1782884236.6675,0,1782884236.6641,11936,320,240,,,,,,0.070,,,,,,,,,,,,,
VISION_NODET,1782884236.6805,0,1782884236.6705,11937,320,240,,,,,,0.070,,,,,,,,,,,,,
VISION_NODET,1782884236.6844,0,1782884236.6763,11938,320,240,,,,,,0.070,,,,,,,,,,,,,
VISION_NODET,1782884236.6869,0,1782884236.6821,11939,320,240,,,,,,0.070,,,,,,,,,,,,,
VISION_NODET,1782884236.6888,0,1782884236.6864,11940,320,240,,,,,,0.070,,,,,,,,,,,,,
VISION_NODET,1782884236.6905,0,1782884236.6882,11941,320,240,,,,,,0.070,,,,,,,,,,,,,
VISION_NODET,1782884236.6922,0,1782884236.6902,11942,320,240,,,,,,0.070,,,,,,,,,,,,,
VISION_NODET,1782884236.6931,0,1782884236.6917,11943,320,240,,,,,,0.070,,,,,,,,,,,,,
VISION_NODET,1782884236.6944,0,1782884236.6937,11944,320,240,,,,,,0.070,,,,,,,,,,,,,
VISION_NODET,1782884236.6965,0,1782884236.6959,11945,320,240,,,,,,0.070,,,,,,,,,,,,,
VISION_NODET,1782884236.6982,0,1782884236.6973,11946,320,240,,,,,,0.070,,,,,,,,,,,,,
VISION_NODET,1782884236.6995,0,1782884236.6986,11947,320,240,,,,,,0.070,,,,,,,,,,,,,
VISION_NODET,1782884236.7004,0,1782884236.7000,11948,320,240,,,,,,0.070,,,,,,,,,,,,,
VISION_NODET,1782884236.7021,0,1782884236.7016,11949,320,240,,,,,,0.070,,,,,,,,,,,,,
VISION_NODET,1782884236.7048,0,1782884236.7042,11950,320,240,,,,,,0.070,,,,,,,,,,,,,
VISION_NODET,1782884236.7063,0,1782884236.7057,11951,320,240,,,,,,0.070,,,,,,,,,,,,,
VISION_NODET,1782884236.7074,0,1782884236.7070,11952,320,240,,,,,,0.070,,,,,,,,,,,,,
VISION_NODET,1782884236.7092,0,1782884236.7083,11953,320,240,,,,,,0.070,,,,,,,,,,,,,
VISION_NODET,1782884236.7102,0,1782884236.7093,11954,320,240,,,,,,0.070,,,,,,,,,,,,,
VISION_NODET,1782884236.7175,0,1782884236.7149,11955,320,240,,,,,,0.070,,,,,,,,,,,,,
VISION_NODET,1782884236.7201,0,1782884236.7185,11956,320,240,,,,,,0.070,,,,,,,,,,,,,
VISION_NODET,1782884236.7262,0,1782884236.7238,11957,320,240,,,,,,0.070,,,,,,,,,,,,,
VISION_NODET,1782884236.7295,0,1782884236.7287,11958,320,240,,,,,,0.070,,,,,,,,,,,,,
VISION_NODET,1782884236.7357,0,1782884236.7337,11959,320,240,,,,,,0.070,,,,,,,,,,,,,
VISION_NODET,1782884236.7398,0,1782884236.7387,11960,320,240,,,,,,0.070,,,,,,,,,,,,,
VISION_NODET,1782884236.7413,0,1782884236.7407,11961,320,240,,,,,,0.070,,,,,,,,,,,,,
VISION_NODET,1782884236.7426,0,1782884236.7419,11962,320,240,,,,,,0.070,,,,,,,,,,,,,
VISION_NODET,1782884236.7438,0,1782884236.7434,11963,320,240,,,,,,0.070,,,,,,,,,,,,,
VISION_NODET,1782884236.7458,0,1782884236.7454,11964,320,240,,,,,,0.070,,,,,,,,,,,,,
VISION_NODET,1782884236.7472,0,1782884236.7469,11965,320,240,,,,,,0.070,,,,,,,,,,,,,
VISION_NODET,1782884236.7484,0,1782884236.7482,11966,320,240,,,,,,0.070,,,,,,,,,,,,,
VISION_NODET,1782884236.7497,0,1782884236.7494,11967,320,240,,,,,,0.070,,,,,,,,,,,,,
VISION_NODET,1782884236.7507,0,1782884236.7503,11968,320,240,,,,,,0.070,,,,,,,,,,,,,
VISION_NODET,1782884236.7519,0,1782884236.7516,11969,320,240,,,,,,0.070,,,,,,,,,,,,,
VISION_NODET,1782884236.7531,0,1782884236.7528,11970,320,240,,,,,,0.070,,,,,,,,,,,,,
VISION_NODET,1782884236.7553,0,1782884236.7541,11971,320,240,,,,,,0.070,,,,,,,,,,,,,
VISION_NODET,1782884236.7575,0,1782884236.7556,11972,320,240,,,,,,0.070,,,,,,,,,,,,,
VISION_NODET,1782884236.7592,0,1782884236.7569,11973,320,240,,,,,,0.070,,,,,,,,,,,,,
VISION_NODET,1782884236.7606,0,1782884236.7584,11974,320,240,,,,,,0.070,,,,,,,,,,,,,
VISION_NODET,1782884236.7628,0,1782884236.7600,11975,320,240,,,,,,0.070,,,,,,,,,,,,,
VISION_NODET,1782884236.7687,0,1782884236.7663,11976,320,240,,,,,,0.120,,,,,,,,,,,,,
VISION_NODET,1782884236.7720,0,1782884236.7709,11977,320,240,,,,,,0.120,,,,,,,,,,,,,
VISION_NODET,1782884236.7766,0,1782884236.7741,11978,320,240,,,,,,0.120,,,,,,,,,,,,,
VISION_NODET,1782884236.7846,0,1782884236.7778,11979,320,240,,,,,,0.120,,,,,,,,,,,,,
VISION_NODET,1782884236.7918,0,1782884236.7827,11980,320,240,,,,,,0.120,,,,,,,,,,,,,
VISION_NODET,1782884236.7995,0,1782884236.7899,11981,320,240,,,,,,0.120,,,,,,,,,,,,,
VISION_NODET,1782884236.8025,0,1782884236.7958,11982,320,240,,,,,,0.120,,,,,,,,,,,,,
VISION_NODET,1782884236.8046,0,1782884236.8003,11983,320,240,,,,,,0.120,,,,,,,,,,,,,
VISION_NODET,1782884236.8066,0,1782884236.8033,11984,320,240,,,,,,0.120,,,,,,,,,,,,,
VISION_NODET,1782884236.8083,0,1782884236.8059,11985,320,240,,,,,,0.120,,,,,,,,,,,,,
VISION_NODET,1782884236.8100,0,1782884236.8074,11986,320,240,,,,,,0.120,,,,,,,,,,,,,
VISION_NODET,1782884236.8116,0,1782884236.8090,11987,320,240,,,,,,0.120,,,,,,,,,,,,,
VISION_NODET,1782884236.8134,0,1782884236.8105,11988,320,240,,,,,,0.120,,,,,,,,,,,,,
VISION_NODET,1782884236.8145,0,1782884236.8119,11989,320,240,,,,,,0.120,,,,,,,,,,,,,
VISION_NODET,1782884236.8155,0,1782884236.8133,11990,320,240,,,,,,0.120,,,,,,,,,,,,,
VISION_NODET,1782884236.8167,0,1782884236.8145,11991,320,240,,,,,,0.120,,,,,,,,,,,,,
VISION_NODET,1782884236.8179,0,1782884236.8156,11992,320,240,,,,,,0.120,,,,,,,,,,,,,
VISION_NODET,1782884236.8191,0,1782884236.8167,11993,320,240,,,,,,0.120,,,,,,,,,,,,,
VISION_NODET,1782884236.8200,0,1782884236.8179,11994,320,240,,,,,,0.120,,,,,,,,,,,,,
VISION_NODET,1782884236.8214,0,1782884236.8189,11995,320,240,,,,,,0.120,,,,,,,,,,,,,
VISION_NODET,1782884236.8265,0,1782884236.8200,11996,320,240,,,,,,0.120,,,,,,,,,,,,,
VISION_NODET,1782884236.8296,0,1782884236.8224,11997,320,240,,,,,,0.120,,,,,,,,,,,,,
VISION_NODET,1782884236.8344,0,1782884236.8278,11998,320,240,,,,,,0.120,,,,,,,,,,,,,
VISION_NODET,1782884236.8388,0,1782884236.8295,11999,320,240,,,,,,0.120,,,,,,,,,,,,,
VISION_NODET,1782884236.8438,0,1782884236.8344,12000,320,240,,,,,,0.120,,,,,,,,,,,,,
VISION_NODET,1782884236.8487,0,1782884236.8388,12001,320,240,,,,,,0.120,,,,,,,,,,,,,
VISION_NODET,1782884236.8510,0,1782884236.8436,12002,320,240,,,,,,0.120,,,,,,,,,,,,,
VISION_NODET,1782884236.8535,0,1782884236.8484,12003,320,240,,,,,,0.120,,,,,,,,,,,,,
VISION_NODET,1782884236.8555,0,1782884236.8504,12004,320,240,,,,,,0.120,,,,,,,,,,,,,
VISION_NODET,1782884236.8566,0,1782884236.8522,12005,320,240,,,,,,0.120,,,,,,,,,,,,,
VISION_NODET,1782884236.8597,0,1782884236.8571,12006,320,240,,,,,,0.120,,,,,,,,,,,,,
VISION_NODET,1782884236.8617,0,1782884236.8599,12007,320,240,,,,,,0.120,,,,,,,,,,,,,
VISION_NODET,1782884236.8625,0,1782884236.8619,12008,320,240,,,,,,0.120,,,,,,,,,,,,,
VISION_NODET,1782884236.8638,0,1782884236.8634,12009,320,240,,,,,,0.120,,,,,,,,,,,,,
VISION_NODET,1782884236.8660,0,1782884236.8654,12010,320,240,,,,,,0.120,,,,,,,,,,,,,
VISION_NODET,1782884236.8678,0,1782884236.8668,12011,320,240,,,,,,0.120,,,,,,,,,,,,,
VISION_NODET,1782884236.8693,0,1782884236.8681,12012,320,240,,,,,,0.120,,,,,,,,,,,,,
VISION_NODET,1782884236.8705,0,1782884236.8697,12013,320,240,,,,,,0.120,,,,,,,,,,,,,
VISION_NODET,1782884236.8721,0,1782884236.8715,12014,320,240,,,,,,0.120,,,,,,,,,,,,,
VISION_NODET,1782884236.8730,0,1782884236.8725,12015,320,240,,,,,,0.120,,,,,,,,,,,,,
VISION_NODET,1782884236.8815,0,1782884236.8772,12016,320,240,,,,,,0.120,,,,,,,,,,,,,
VISION_NODET,1782884236.8849,0,1782884236.8812,12017,320,240,,,,,,0.120,,,,,,,,,,,,,
VISION_NODET,1782884236.8900,0,1782884236.8837,12018,320,240,,,,,,0.120,,,,,,,,,,,,,
VISION_NODET,1782884236.8956,0,1782884236.8903,12019,320,240,,,,,,0.120,,,,,,,,,,,,,
VISION_NODET,1782884236.9009,0,1782884236.9000,12020,320,240,,,,,,0.120,,,,,,,,,,,,,
VISION_NODET,1782884236.9034,0,1782884236.9029,12021,320,240,,,,,,0.120,,,,,,,,,,,,,
VISION_NODET,1782884236.9049,0,1782884236.9045,12022,320,240,,,,,,0.120,,,,,,,,,,,,,
VISION_NODET,1782884236.9065,0,1782884236.9057,12023,320,240,,,,,,0.120,,,,,,,,,,,,,
VISION_NODET,1782884236.9086,0,1782884236.9076,12024,320,240,,,,,,0.120,,,,,,,,,,,,,
VISION_NODET,1782884236.9105,0,1782884236.9090,12025,320,240,,,,,,0.120,,,,,,,,,,,,,
VISION_NODET,1782884236.9150,0,1782884236.9141,12026,320,240,,,,,,0.210,,,,,,,,,,,,,
VISION_NODET,1782884236.9196,0,1782884236.9174,12027,320,240,,,,,,0.210,,,,,,,,,,,,,
VISION_NODET,1782884236.9211,0,1782884236.9190,12028,320,240,,,,,,0.210,,,,,,,,,,,,,
VISION_NODET,1782884236.9225,0,1782884236.9204,12029,320,240,,,,,,0.210,,,,,,,,,,,,,
VISION_NODET,1782884236.9235,0,1782884236.9215,12030,320,240,,,,,,0.210,,,,,,,,,,,,,
VISION_NODET,1782884236.9249,0,1782884236.9227,12031,320,240,,,,,,0.210,,,,,,,,,,,,,
VISION_NODET,1782884236.9263,0,1782884236.9240,12032,320,240,,,,,,0.210,,,,,,,,,,,,,
VISION_NODET,1782884236.9274,0,1782884236.9252,12033,320,240,,,,,,0.210,,,,,,,,,,,,,
VISION_NODET,1782884236.9291,0,1782884236.9264,12034,320,240,,,,,,0.210,,,,,,,,,,,,,
VISION_NODET,1782884236.9305,0,1782884236.9277,12035,320,240,,,,,,0.210,,,,,,,,,,,,,
VISION_NODET,1782884236.9325,0,1782884236.9297,12036,320,240,,,,,,0.210,,,,,,,,,,,,,
VISION_NODET,1782884236.9343,0,1782884236.9324,12037,320,240,,,,,,0.210,,,,,,,,,,,,,
VISION_NODET,1782884236.9374,0,1782884236.9349,12038,320,240,,,,,,0.210,,,,,,,,,,,,,
VISION_NODET,1782884236.9469,0,1782884236.9423,12039,320,240,,,,,,0.210,,,,,,,,,,,,,
VISION_NODET,1782884236.9538,0,1782884236.9479,12040,320,240,,,,,,0.210,,,,,,,,,,,,,
VISION_NODET,1782884236.9583,0,1782884236.9528,12041,320,240,,,,,,0.210,,,,,,,,,,,,,
VISION_NODET,1782884236.9603,0,1782884236.9578,12042,320,240,,,,,,0.210,,,,,,,,,,,,,
VISION_NODET,1782884236.9629,0,1782884236.9619,12043,320,240,,,,,,0.210,,,,,,,,,,,,,
VISION_NODET,1782884236.9646,0,1782884236.9638,12044,320,240,,,,,,0.210,,,,,,,,,,,,,
VISION_NODET,1782884236.9656,0,1782884236.9651,12045,320,240,,,,,,0.210,,,,,,,,,,,,,
VISION_NODET,1782884236.9671,0,1782884236.9664,12046,320,240,,,,,,0.210,,,,,,,,,,,,,
VISION_NODET,1782884236.9688,0,1782884236.9683,12047,320,240,,,,,,0.210,,,,,,,,,,,,,
VISION_NODET,1782884236.9704,0,1782884236.9698,12048,320,240,,,,,,0.210,,,,,,,,,,,,,
VISION_NODET,1782884236.9718,0,1782884236.9715,12049,320,240,,,,,,0.210,,,,,,,,,,,,,
VISION_NODET,1782884236.9751,0,1782884236.9728,12050,320,240,,,,,,0.210,,,,,,,,,,,,,
VISION_NODET,1782884236.9762,0,1782884236.9744,12051,320,240,,,,,,0.210,,,,,,,,,,,,,
VISION_NODET,1782884236.9774,0,1782884236.9757,12052,320,240,,,,,,0.210,,,,,,,,,,,,,
VISION_NODET,1782884236.9787,0,1782884236.9773,12053,320,240,,,,,,0.210,,,,,,,,,,,,,
VISION_NODET,1782884236.9803,0,1782884236.9787,12054,320,240,,,,,,0.210,,,,,,,,,,,,,
VISION_NODET,1782884236.9821,0,1782884236.9800,12055,320,240,,,,,,0.210,,,,,,,,,,,,,
VISION_NODET,1782884236.9838,0,1782884236.9814,12056,320,240,,,,,,0.210,,,,,,,,,,,,,
VISION_NODET,1782884236.9858,0,1782884236.9829,12057,320,240,,,,,,0.210,,,,,,,,,,,,,
VISION_NODET,1782884236.9883,0,1782884236.9846,12058,320,240,,,,,,0.210,,,,,,,,,,,,,
VISION_NODET,1782884236.9907,0,1782884236.9885,12059,320,240,,,,,,0.210,,,,,,,,,,,,,
VISION_NODET,1782884236.9932,0,1782884236.9925,12060,320,240,,,,,,0.210,,,,,,,,,,,,,
VISION_NODET,1782884236.9996,0,1782884236.9966,12061,320,240,,,,,,0.210,,,,,,,,,,,,,
VISION_NODET,1782884237.0076,0,1782884237.0044,12062,320,240,,,,,,0.210,,,,,,,,,,,,,
VISION_NODET,1782884237.0139,0,1782884237.0118,12063,320,240,,,,,,0.210,,,,,,,,,,,,,
VISION_NODET,1782884237.0159,0,1782884237.0141,12064,320,240,,,,,,0.210,,,,,,,,,,,,,
VISION_NODET,1782884237.0176,0,1782884237.0159,12065,320,240,,,,,,0.210,,,,,,,,,,,,,
VISION_NODET,1782884237.0191,0,1782884237.0180,12066,320,240,,,,,,0.210,,,,,,,,,,,,,
VISION_NODET,1782884237.0205,0,1782884237.0194,12067,320,240,,,,,,0.210,,,,,,,,,,,,,
VISION_NODET,1782884237.0222,0,1782884237.0206,12068,320,240,,,,,,0.210,,,,,,,,,,,,,
VISION_NODET,1782884237.0235,0,1782884237.0225,12069,320,240,,,,,,0.210,,,,,,,,,,,,,
VISION_NODET,1782884237.0251,0,1782884237.0239,12070,320,240,,,,,,0.210,,,,,,,,,,,,,
VISION_NODET,1782884237.0264,0,1782884237.0256,12071,320,240,,,,,,0.210,,,,,,,,,,,,,
VISION_NODET,1782884237.0277,0,1782884237.0270,12072,320,240,,,,,,0.210,,,,,,,,,,,,,
VISION_NODET,1782884237.0291,0,1782884237.0285,12073,320,240,,,,,,0.210,,,,,,,,,,,,,
VISION_NODET,1782884237.0311,0,1782884237.0304,12074,320,240,,,,,,0.210,,,,,,,,,,,,,
VISION_NODET,1782884237.0324,0,1782884237.0320,12075,320,240,,,,,,0.210,,,,,,,,,,,,,
VISION_NODET,1782884237.0432,0,1782884237.0345,12076,320,240,,,,,,0.350,,,,,,,,,,,,,
VISION_NODET,1782884237.0497,0,1782884237.0415,12077,320,240,,,,,,0.350,,,,,,,,,,,,,
VISION_NODET,1782884237.0540,0,1782884237.0465,12078,320,240,,,,,,0.350,,,,,,,,,,,,,
VISION_NODET,1782884237.0611,0,1782884237.0556,12079,320,240,,,,,,0.350,,,,,,,,,,,,,
VISION_NODET,1782884237.0639,0,1782884237.0619,12080,320,240,,,,,,0.350,,,,,,,,,,,,,
VISION_NODET,1782884237.0664,0,1782884237.0651,12081,320,240,,,,,,0.350,,,,,,,,,,,,,
VISION_NODET,1782884237.0697,0,1782884237.0691,12082,320,240,,,,,,0.350,,,,,,,,,,,,,
VISION_NODET,1782884237.0717,0,1782884237.0712,12083,320,240,,,,,,0.350,,,,,,,,,,,,,
VISION_NODET,1782884237.0765,0,1782884237.0759,12084,320,240,,,,,,0.350,,,,,,,,,,,,,
VISION_NODET,1782884237.0788,0,1782884237.0781,12085,320,240,,,,,,0.350,,,,,,,,,,,,,
VISION_NODET,1782884237.0818,0,1782884237.0803,12086,320,240,,,,,,0.350,,,,,,,,,,,,,
VISION_NODET,1782884237.0849,0,1782884237.0831,12087,320,240,,,,,,0.350,,,,,,,,,,,,,
VISION_NODET,1782884237.0863,0,1782884237.0847,12088,320,240,,,,,,0.350,,,,,,,,,,,,,
VISION_NODET,1782884237.0874,0,1782884237.0862,12089,320,240,,,,,,0.350,,,,,,,,,,,,,
VISION_NODET,1782884237.0909,0,1782884237.0882,12090,320,240,,,,,,0.350,,,,,,,,,,,,,
VISION_NODET,1782884237.0955,0,1782884237.0929,12091,320,240,,,,,,0.350,,,,,,,,,,,,,
VISION_NODET,1782884237.1027,0,1782884237.0981,12092,320,240,,,,,,0.350,,,,,,,,,,,,,
VISION_NODET,1782884237.1112,0,1782884237.1064,12093,320,240,,,,,,0.350,,,,,,,,,,,,,
VISION_NODET,1782884237.1156,0,1782884237.1142,12094,320,240,,,,,,0.350,,,,,,,,,,,,,
VISION_NODET,1782884237.1178,0,1782884237.1171,12095,320,240,,,,,,0.350,,,,,,,,,,,,,
VISION_NODET,1782884237.1203,0,1782884237.1196,12096,320,240,,,,,,0.350,,,,,,,,,,,,,
VISION_NODET,1782884237.1220,0,1782884237.1216,12097,320,240,,,,,,0.350,,,,,,,,,,,,,
VISION_NODET,1782884237.1237,0,1782884237.1233,12098,320,240,,,,,,0.350,,,,,,,,,,,,,
VISION_NODET,1782884237.1258,0,1782884237.1255,12099,320,240,,,,,,0.350,,,,,,,,,,,,,
VISION_NODET,1782884237.1275,0,1782884237.1271,12100,320,240,,,,,,0.350,,,,,,,,,,,,,
VISION_NODET,1782884237.1291,0,1782884237.1287,12101,320,240,,,,,,0.350,,,,,,,,,,,,,
VISION_NODET,1782884237.1309,0,1782884237.1305,12102,320,240,,,,,,0.350,,,,,,,,,,,,,
VISION_NODET,1782884237.1326,0,1782884237.1322,12103,320,240,,,,,,0.350,,,,,,,,,,,,,
VISION_NODET,1782884237.1342,0,1782884237.1339,12104,320,240,,,,,,0.350,,,,,,,,,,,,,
VISION_NODET,1782884237.1361,0,1782884237.1356,12105,320,240,,,,,,0.350,,,,,,,,,,,,,
VISION_NODET,1782884237.1377,0,1782884237.1373,12106,320,240,,,,,,0.350,,,,,,,,,,,,,
VISION_NODET,1782884237.1396,0,1782884237.1391,12107,320,240,,,,,,0.350,,,,,,,,,,,,,
VISION_NODET,1782884237.1411,0,1782884237.1407,12108,320,240,,,,,,0.350,,,,,,,,,,,,,
VISION_NODET,1782884237.1463,0,1782884237.1438,12109,320,240,,,,,,0.350,,,,,,,,,,,,,
VISION_NODET,1782884237.1497,0,1782884237.1491,12110,320,240,,,,,,0.350,,,,,,,,,,,,,
VISION_NODET,1782884237.1568,0,1782884237.1546,12111,320,240,,,,,,0.350,,,,,,,,,,,,,
VISION_NODET,1782884237.1666,0,1782884237.1629,12112,320,240,,,,,,0.350,,,,,,,,,,,,,
VISION_NODET,1782884237.1697,0,1782884237.1692,12113,320,240,,,,,,0.350,,,,,,,,,,,,,
VISION_NODET,1782884237.1714,0,1782884237.1708,12114,320,240,,,,,,0.350,,,,,,,,,,,,,
VISION_NODET,1782884237.1728,0,1782884237.1724,12115,320,240,,,,,,0.350,,,,,,,,,,,,,
VISION_NODET,1782884237.1765,0,1782884237.1745,12116,320,240,,,,,,0.350,,,,,,,,,,,,,
VISION_NODET,1782884237.1776,0,1782884237.1765,12117,320,240,,,,,,0.350,,,,,,,,,,,,,
VISION_NODET,1782884237.1794,0,1782884237.1785,12118,320,240,,,,,,0.350,,,,,,,,,,,,,
VISION_NODET,1782884237.1825,0,1782884237.1805,12119,320,240,,,,,,0.350,,,,,,,,,,,,,
VISION_NODET,1782884237.1847,0,1782884237.1830,12120,320,240,,,,,,0.540,,,,,,,,,,,,,
VISION_NODET,1782884237.1860,0,1782884237.1846,12121,320,240,,,,,,0.540,,,,,,,,,,,,,
VISION_NODET,1782884237.1879,0,1782884237.1865,12122,320,240,,,,,,0.540,,,,,,,,,,,,,
VISION_NODET,1782884237.1939,0,1782884237.1888,12123,320,240,,,,,,0.540,,,,,,,,,,,,,
VISION_NODET,1782884237.1972,0,1782884237.1910,12124,320,240,,,,,,0.540,,,,,,,,,,,,,
VISION_NODET,1782884237.2002,0,1782884237.1937,12125,320,240,,,,,,0.540,,,,,,,,,,,,,
VISION_NODET,1782884237.2041,0,1782884237.1969,12126,320,240,,,,,,0.540,,,,,,,,,,,,,
VISION_NODET,1782884237.2107,0,1782884237.2018,12127,320,240,,,,,,0.540,,,,,,,,,,,,,
VISION_NODET,1782884237.2221,0,1782884237.2078,12128,320,240,,,,,,0.540,,,,,,,,,,,,,
VISION_NODET,1782884237.2284,0,1782884237.2133,12129,320,240,,,,,,0.540,,,,,,,,,,,,,
VISION_NODET,1782884237.2307,0,1782884237.2207,12130,320,240,,,,,,0.540,,,,,,,,,,,,,
VISION_NODET,1782884237.2319,0,1782884237.2282,12131,320,240,,,,,,0.540,,,,,,,,,,,,,
VISION_NODET,1782884237.2328,0,1782884237.2326,12132,320,240,,,,,,0.540,,,,,,,,,,,,,
VISION_NODET,1782884237.2357,0,1782884237.2350,12133,320,240,,,,,,0.540,,,,,,,,,,,,,
VISION_NODET,1782884237.2387,0,1782884237.2380,12134,320,240,,,,,,0.540,,,,,,,,,,,,,
VISION_NODET,1782884237.2411,0,1782884237.2406,12135,320,240,,,,,,0.540,,,,,,,,,,,,,
VISION_NODET,1782884237.2432,0,1782884237.2428,12136,320,240,,,,,,0.540,,,,,,,,,,,,,
VISION_NODET,1782884237.2462,0,1782884237.2455,12137,320,240,,,,,,0.540,,,,,,,,,,,,,
VISION_NODET,1782884237.2530,0,1782884237.2493,12138,320,240,,,,,,0.540,,,,,,,,,,,,,
VISION_NODET,1782884237.2621,0,1782884237.2566,12139,320,240,,,,,,0.540,,,,,,,,,,,,,
VISION_NODET,1782884237.2673,0,1782884237.2632,12140,320,240,,,,,,0.540,,,,,,,,,,,,,
VISION_NODET,1782884237.2793,0,1782884237.2747,12141,320,240,,,,,,0.540,,,,,,,,,,,,,
VISION_NODET,1782884237.2825,0,1782884237.2809,12142,320,240,,,,,,0.540,,,,,,,,,,,,,
VISION_NODET,1782884237.2865,0,1782884237.2849,12143,320,240,,,,,,0.540,,,,,,,,,,,,,
VISION_NODET,1782884237.2899,0,1782884237.2892,12144,320,240,,,,,,0.540,,,,,,,,,,,,,
VISION_NODET,1782884237.2922,0,1782884237.2917,12145,320,240,,,,,,0.540,,,,,,,,,,,,,
VISION_NODET,1782884237.2943,0,1782884237.2937,12146,320,240,,,,,,0.540,,,,,,,,,,,,,
VISION_NODET,1782884237.2966,0,1782884237.2961,12147,320,240,,,,,,0.540,,,,,,,,,,,,,
VISION_NODET,1782884237.2987,0,1782884237.2984,12148,320,240,,,,,,0.540,,,,,,,,,,,,,
VISION_NODET,1782884237.3011,0,1782884237.3005,12149,320,240,,,,,,0.540,,,,,,,,,,,,,
VISION_NODET,1782884237.3104,0,1782884237.3072,12150,320,240,,,,,,0.540,,,,,,,,,,,,,
VISION_NODET,1782884237.3176,0,1782884237.3141,12151,320,240,,,,,,0.540,,,,,,,,,,,,,
VISION_NODET,1782884237.3254,0,1782884237.3218,12152,320,240,,,,,,0.540,,,,,,,,,,,,,
VISION_NODET,1782884237.3379,0,1782884237.3309,12153,320,240,,,,,,0.800,,,,,,,,,,,,,
VISION_NODET,1782884237.3391,0,1782884237.3353,12154,320,240,,,,,,0.800,,,,,,,,,,,,,
VISION_NODET,1782884237.3403,0,1782884237.3400,12155,320,240,,,,,,0.800,,,,,,,,,,,,,
VISION_NODET,1782884237.3466,0,1782884237.3457,12156,320,240,,,,,,0.800,,,,,,,,,,,,,
VISION_NODET,1782884237.3491,0,1782884237.3485,12157,320,240,,,,,,0.800,,,,,,,,,,,,,
VISION_NODET,1782884237.3512,0,1782884237.3508,12158,320,240,,,,,,0.800,,,,,,,,,,,,,
VISION_NODET,1782884237.3539,0,1782884237.3530,12159,320,240,,,,,,0.800,,,,,,,,,,,,,
VISION_NODET,1782884237.3614,0,1782884237.3587,12160,320,240,,,,,,0.800,,,,,,,,,,,,,
VISION_NODET,1782884237.3713,0,1782884237.3663,12161,320,240,,,,,,0.800,,,,,,,,,,,,,
VISION_NODET,1782884237.3813,0,1782884237.3780,12162,320,240,,,,,,0.800,,,,,,,,,,,,,
VISION_NODET,1782884237.3839,0,1782884237.3833,12163,320,240,,,,,,0.800,,,,,,,,,,,,,
VISION_NODET,1782884237.3864,0,1782884237.3859,12164,320,240,,,,,,0.800,,,,,,,,,,,,,
VISION_NODET,1782884237.3897,0,1782884237.3892,12165,320,240,,,,,,0.800,,,,,,,,,,,,,
VISION_NODET,1782884237.3923,0,1782884237.3918,12166,320,240,,,,,,0.800,,,,,,,,,,,,,
VISION_NODET,1782884237.3945,0,1782884237.3939,12167,320,240,,,,,,0.800,,,,,,,,,,,,,
VISION_NODET,1782884237.3970,0,1782884237.3965,12168,320,240,,,,,,0.800,,,,,,,,,,,,,
VISION_NODET,1782884237.3994,0,1782884237.3988,12169,320,240,,,,,,0.800,,,,,,,,,,,,,
VISION_NODET,1782884237.4018,0,1782884237.4014,12170,320,240,,,,,,0.800,,,,,,,,,,,,,
VISION_NODET,1782884237.4039,0,1782884237.4033,12171,320,240,,,,,,0.800,,,,,,,,,,,,,
VISION_NODET,1782884237.4064,0,1782884237.4057,12172,320,240,,,,,,0.800,,,,,,,,,,,,,
VISION_NODET,1782884237.4124,0,1782884237.4087,12173,320,240,,,,,,0.800,,,,,,,,,,,,,
VISION_NODET,1782884237.4185,0,1782884237.4167,12174,320,240,,,,,,0.800,,,,,,,,,,,,,
VISION_NODET,1782884237.4280,0,1782884237.4249,12175,320,240,,,,,,0.800,,,,,,,,,,,,,
VISION,1782884237.4383,0,1782884237.4357,12176,320,240,169.75,163.25,0.06094,0.36042,0.3655,0.800,,,,,,,,,,,,,
VISION,1782884237.6139,0,1782884237.6130,12205,320,240,167.00,150.75,0.04375,0.25625,0.2600,1.410,,,,,,,,,,,,,
VISION,1782884237.6872,0,1782884237.6859,12215,320,240,164.75,143.00,0.02969,0.19167,0.1940,1.410,,,,,,,,,,,,,
VISION,1782884237.9016,0,1782884237.8982,12240,320,240,164.00,138.25,0.02500,0.15208,0.1541,2.100,,,,,,,,,,,,,
VISION,1782884238.0549,0,1782884238.0504,12261,320,240,163.50,135.50,0.02187,0.12917,0.1310,2.100,,,,,,,,,,,,,
VISION,1782884238.2509,0,1782884238.2502,12282,320,240,162.75,133.00,0.01719,0.10833,0.1097,2.440,,,,,,,,,,,,,
VISION,1782884238.4117,0,1782884238.4103,12304,320,240,162.50,131.50,0.01562,0.09583,0.0971,2.760,,,,,,,,,,,,,
VISION,1782884238.5838,0,1782884238.5833,12331,320,240,162.25,130.50,0.01406,0.08750,0.0886,3.060,,,,,,,,,,,,,
VISION,1782884238.7057,0,1782884238.7049,12352,320,240,162.00,129.75,0.01250,0.08125,0.0822,3.330,,,,,,,,,,,,,
VISION,1782884238.8906,0,1782884238.8881,12380,320,240,161.50,128.50,0.00937,0.07083,0.0715,3.560,,,,,,,,,,,,,
VISION,1782884239.0680,0,1782884239.0672,12412,320,240,162.00,128.00,0.01250,0.06667,0.0678,3.740,,,,,,,,,,,,,
VISION,1782884239.2416,0,1782884239.2404,12445,320,240,161.50,128.00,0.00937,0.06667,0.0673,3.860,,,,,,,,,,,,,
VISION,1782884239.4054,0,1782884239.4045,12478,320,240,161.50,127.50,0.00937,0.06250,0.0632,3.940,,,,,,,,,,,,,
VISION,1782884239.5597,0,1782884239.5591,12513,320,240,161.00,127.25,0.00625,0.06042,0.0607,3.970,,,,,,,,,,,,,
VISION,1782884239.7178,0,1782884239.7170,12547,320,240,161.50,127.50,0.00937,0.06250,0.0632,3.940,,,,,,,,,,,,,
VISION,1782884239.8517,0,1782884239.8445,12578,320,240,161.50,128.00,0.00937,0.06667,0.0673,3.870,,,,,,,,,,,,,
VISION,1782884239.9984,0,1782884239.9979,12611,320,240,162.00,128.00,0.01250,0.06667,0.0678,3.760,,,,,,,,,,,,,
VISION,1782884240.1995,0,1782884240.1971,12648,320,240,162.25,128.50,0.01406,0.07083,0.0722,3.620,,,,,,,,,,,,,
VISION,1782884240.3243,0,1782884240.3235,12677,320,240,162.50,128.25,0.01562,0.06875,0.0705,3.460,,,,,,,,,,,,,
VISION,1782884240.5000,0,1782884240.4991,12709,320,240,163.00,128.75,0.01875,0.07292,0.0753,3.280,,,,,,,,,,,,,
VISION,1782884240.7335,0,1782884240.7311,12744,320,240,163.50,128.75,0.02187,0.07292,0.0761,2.940,,,,,,,,,,,,,
PID,1782884240.7512,1,1782884240.7497,12748,320,240,163.50,128.75,0.02187,0.07292,0.0761,2.940,0.0000,0.0000,0.0000,0.0000,0.0000,0.0000,1500,0.0000,0.0000,0.0000,0.0000,0.0000,1500,1500,0.000
VISION_NODET,1782884269.5667,1,1782884269.5261,22159,320,240,,,,,,0.050,,,,,,,,,,,,,
VISION_NODET,1782884269.5679,1,1782884269.5270,22160,320,240,,,,,,0.050,,,,,,,,,,,,,
VISION_NODET,1782884269.5687,1,1782884269.5303,22161,320,240,,,,,,0.050,,,,,,,,,,,,,
VISION_NODET,1782884269.5694,1,1782884269.5326,22162,320,240,,,,,,0.050,,,,,,,,,,,,,
VISION_NODET,1782884269.5698,1,1782884269.5339,22163,320,240,,,,,,0.050,,,,,,,,,,,,,
VISION_NODET,1782884269.5702,1,1782884269.5363,22164,320,240,,,,,,0.050,,,,,,,,,,,,,
VISION_NODET,1782884269.5706,1,1782884269.5383,22165,320,240,,,,,,0.050,,,,,,,,,,,,,
VISION_NODET,1782884269.5711,1,1782884269.5395,22166,320,240,,,,,,0.050,,,,,,,,,,,,,
VISION_NODET,1782884269.5715,1,1782884269.5439,22167,320,240,,,,,,0.050,,,,,,,,,,,,,
VISION_NODET,1782884269.5718,1,1782884269.5484,22168,320,240,,,,,,0.050,,,,,,,,,,,,,
VISION_NODET,1782884269.5721,1,1782884269.5709,22169,320,240,,,,,,0.050,,,,,,,,,,,,,
VISION_NODET,1782884269.5772,1,1782884269.5763,22170,320,240,,,,,,0.050,,,,,,,,,,,,,
VISION_NODET,1782884269.5816,1,1782884269.5808,22171,320,240,,,,,,0.050,,,,,,,,,,,,,
VISION_NODET,1782884269.5839,1,1782884269.5829,22172,320,240,,,,,,0.050,,,,,,,,,,,,,
VISION_NODET,1782884269.5853,1,1782884269.5848,22173,320,240,,,,,,0.050,,,,,,,,,,,,,
VISION_NODET,1782884269.5892,1,1782884269.5877,22174,320,240,,,,,,0.050,,,,,,,,,,,,,
VISION_NODET,1782884269.5919,1,1782884269.5910,22175,320,240,,,,,,0.050,,,,,,,,,,,,,
VISION_NODET,1782884269.5929,1,1782884269.5925,22176,320,240,,,,,,0.050,,,,,,,,,,,,,
VISION_NODET,1782884269.5996,1,1782884269.5979,22177,320,240,,,,,,0.050,,,,,,,,,,,,,
VISION_NODET,1782884269.6033,1,1782884269.6016,22178,320,240,,,,,,0.050,,,,,,,,,,,,,
VISION_NODET,1782884269.6092,1,1782884269.6072,22179,320,240,,,,,,0.050,,,,,,,,,,,,,
VISION_NODET,1782884269.6153,1,1782884269.6121,22180,320,240,,,,,,0.050,,,,,,,,,,,,,
VISION_NODET,1782884269.6227,1,1782884269.6197,22181,320,240,,,,,,0.050,,,,,,,,,,,,,
VISION_NODET,1782884269.6237,1,1782884269.6230,22182,320,240,,,,,,0.050,,,,,,,,,,,,,
VISION_NODET,1782884269.6254,1,1782884269.6245,22183,320,240,,,,,,0.050,,,,,,,,,,,,,
VISION_NODET,1782884269.6268,1,1782884269.6263,22184,320,240,,,,,,0.050,,,,,,,,,,,,,
VISION_NODET,1782884269.6284,1,1782884269.6279,22185,320,240,,,,,,0.050,,,,,,,,,,,,,
VISION_NODET,1782884269.6299,1,1782884269.6295,22186,320,240,,,,,,0.050,,,,,,,,,,,,,
VISION_NODET,1782884269.6311,1,1782884269.6307,22187,320,240,,,,,,0.050,,,,,,,,,,,,,
VISION_NODET,1782884269.6328,1,1782884269.6323,22188,320,240,,,,,,0.050,,,,,,,,,,,,,
VISION_NODET,1782884269.6340,1,1782884269.6337,22189,320,240,,,,,,0.050,,,,,,,,,,,,,
VISION_NODET,1782884269.6351,1,1782884269.6347,22190,320,240,,,,,,0.050,,,,,,,,,,,,,
VISION_NODET,1782884269.6362,1,1782884269.6359,22191,320,240,,,,,,0.050,,,,,,,,,,,,,
VISION_NODET,1782884269.6371,1,1782884269.6368,22192,320,240,,,,,,0.050,,,,,,,,,,,,,
VISION_NODET,1782884269.6383,1,1782884269.6378,22193,320,240,,,,,,0.050,,,,,,,,,,,,,
VISION_NODET,1782884269.6399,1,1782884269.6393,22194,320,240,,,,,,0.050,,,,,,,,,,,,,
VISION_NODET,1782884269.6414,1,1782884269.6409,22195,320,240,,,,,,0.050,,,,,,,,,,,,,
VISION_NODET,1782884269.6434,1,1782884269.6426,22196,320,240,,,,,,0.050,,,,,,,,,,,,,
VISION_NODET,1782884269.6450,1,1782884269.6444,22197,320,240,,,,,,0.050,,,,,,,,,,,,,
VISION_NODET,1782884269.6461,1,1782884269.6458,22198,320,240,,,,,,0.050,,,,,,,,,,,,,
VISION_NODET,1782884269.6489,1,1782884269.6474,22199,320,240,,,,,,0.050,,,,,,,,,,,,,
VISION_NODET,1782884269.6533,1,1782884269.6510,22200,320,240,,,,,,0.050,,,,,,,,,,,,,
VISION_NODET,1782884269.6557,1,1782884269.6547,22201,320,240,,,,,,0.050,,,,,,,,,,,,,
VISION_NODET,1782884269.6639,1,1782884269.6615,22202,320,240,,,,,,0.050,,,,,,,,,,,,,
VISION_NODET,1782884269.6695,1,1782884269.6671,22203,320,240,,,,,,0.050,,,,,,,,,,,,,
VISION_NODET,1782884269.6743,1,1782884269.6727,22204,320,240,,,,,,0.050,,,,,,,,,,,,,
VISION_NODET,1782884269.6756,1,1782884269.6749,22205,320,240,,,,,,0.050,,,,,,,,,,,,,
VISION_NODET,1782884269.6767,1,1782884269.6763,22206,320,240,,,,,,0.050,,,,,,,,,,,,,
VISION_NODET,1782884269.6780,1,1782884269.6776,22207,320,240,,,,,,0.050,,,,,,,,,,,,,
VISION_NODET,1782884269.6792,1,1782884269.6788,22208,320,240,,,,,,0.050,,,,,,,,,,,,,
VISION_NODET,1782884269.6813,1,1782884269.6805,22209,320,240,,,,,,0.050,,,,,,,,,,,,,
VISION_NODET,1782884269.6824,1,1782884269.6821,22210,320,240,,,,,,0.050,,,,,,,,,,,,,
VISION_NODET,1782884269.6833,1,1782884269.6831,22211,320,240,,,,,,0.050,,,,,,,,,,,,,
VISION_NODET,1782884269.6842,1,1782884269.6840,22212,320,240,,,,,,0.050,,,,,,,,,,,,,
VISION_NODET,1782884269.6857,1,1782884269.6852,22213,320,240,,,,,,0.050,,,,,,,,,,,,,
VISION_NODET,1782884269.6887,1,1782884269.6876,22214,320,240,,,,,,0.050,,,,,,,,,,,,,
VISION_NODET,1782884269.6898,1,1782884269.6893,22215,320,240,,,,,,0.050,,,,,,,,,,,,,
VISION_NODET,1782884269.6914,1,1782884269.6910,22216,320,240,,,,,,0.050,,,,,,,,,,,,,
VISION_NODET,1782884269.6943,1,1782884269.6935,22217,320,240,,,,,,0.050,,,,,,,,,,,,,
VISION_NODET,1782884269.6959,1,1782884269.6952,22218,320,240,,,,,,0.050,,,,,,,,,,,,,
VISION_NODET,1782884269.7003,1,1782884269.6994,22219,320,240,,,,,,0.050,,,,,,,,,,,,,
VISION_NODET,1782884269.7066,1,1782884269.7042,22220,320,240,,,,,,0.050,,,,,,,,,,,,,
VISION_NODET,1782884269.7128,1,1782884269.7079,22221,320,240,,,,,,0.050,,,,,,,,,,,,,
VISION_NODET,1782884269.7161,1,1782884269.7129,22222,320,240,,,,,,0.050,,,,,,,,,,,,,
VISION_NODET,1782884269.7207,1,1782884269.7180,22223,320,240,,,,,,0.050,,,,,,,,,,,,,
VISION_NODET,1782884269.7294,1,1782884269.7284,22224,320,240,,,,,,0.050,,,,,,,,,,,,,
VISION_NODET,1782884269.7309,1,1782884269.7304,22225,320,240,,,,,,0.050,,,,,,,,,,,,,
VISION_NODET,1782884269.7339,1,1782884269.7330,22226,320,240,,,,,,0.050,,,,,,,,,,,,,
VISION_NODET,1782884269.7362,1,1782884269.7348,22227,320,240,,,,,,0.050,,,,,,,,,,,,,
VISION_NODET,1782884269.7378,1,1782884269.7367,22228,320,240,,,,,,0.050,,,,,,,,,,,,,
VISION_NODET,1782884269.7402,1,1782884269.7391,22229,320,240,,,,,,0.050,,,,,,,,,,,,,
VISION_NODET,1782884269.7422,1,1782884269.7413,22230,320,240,,,,,,0.050,,,,,,,,,,,,,
VISION_NODET,1782884269.7440,1,1782884269.7433,22231,320,240,,,,,,0.050,,,,,,,,,,,,,
VISION_NODET,1782884269.7457,1,1782884269.7451,22232,320,240,,,,,,0.050,,,,,,,,,,,,,
VISION_NODET,1782884269.7472,1,1782884269.7465,22233,320,240,,,,,,0.050,,,,,,,,,,,,,
VISION_NODET,1782884269.7483,1,1782884269.7480,22234,320,240,,,,,,0.050,,,,,,,,,,,,,
VISION_NODET,1782884269.7492,1,1782884269.7489,22235,320,240,,,,,,0.050,,,,,,,,,,,,,
VISION_NODET,1782884269.7500,1,1782884269.7498,22236,320,240,,,,,,0.050,,,,,,,,,,,,,
VISION_NODET,1782884269.7509,1,1782884269.7506,22237,320,240,,,,,,0.050,,,,,,,,,,,,,
VISION_NODET,1782884269.7517,1,1782884269.7515,22238,320,240,,,,,,0.050,,,,,,,,,,,,,
VISION_NODET,1782884269.7530,1,1782884269.7525,22239,320,240,,,,,,0.050,,,,,,,,,,,,,
VISION_NODET,1782884269.7597,1,1782884269.7571,22240,320,240,,,,,,0.050,,,,,,,,,,,,,
VISION_NODET,1782884269.7631,1,1782884269.7622,22241,320,240,,,,,,0.050,,,,,,,,,,,,,
VISION_NODET,1782884269.7690,1,1782884269.7668,22242,320,240,,,,,,0.050,,,,,,,,,,,,,
VISION_NODET,1782884269.7774,1,1782884269.7725,22243,320,240,,,,,,0.050,,,,,,,,,,,,,
VISION_NODET,1782884269.7841,1,1782884269.7833,22244,320,240,,,,,,0.050,,,,,,,,,,,,,
VISION_NODET,1782884269.7862,1,1782884269.7856,22245,320,240,,,,,,0.050,,,,,,,,,,,,,
VISION_NODET,1782884269.7876,1,1782884269.7873,22246,320,240,,,,,,0.050,,,,,,,,,,,,,
VISION_NODET,1782884269.7905,1,1782884269.7897,22247,320,240,,,,,,0.050,,,,,,,,,,,,,
VISION_NODET,1782884269.7926,1,1782884269.7913,22248,320,240,,,,,,0.050,,,,,,,,,,,,,
VISION_NODET,1782884269.7940,1,1782884269.7935,22249,320,240,,,,,,0.050,,,,,,,,,,,,,
VISION_NODET,1782884269.7966,1,1782884269.7959,22250,320,240,,,,,,0.050,,,,,,,,,,,,,
VISION_NODET,1782884269.7982,1,1782884269.7976,22251,320,240,,,,,,0.050,,,,,,,,,,,,,
VISION_NODET,1782884269.7994,1,1782884269.7991,22252,320,240,,,,,,0.050,,,,,,,,,,,,,
VISION_NODET,1782884269.8004,1,1782884269.8001,22253,320,240,,,,,,0.050,,,,,,,,,,,,,
VISION_NODET,1782884269.8037,1,1782884269.8029,22254,320,240,,,,,,0.050,,,,,,,,,,,,,
VISION_NODET,1782884269.8061,1,1782884269.8054,22255,320,240,,,,,,0.050,,,,,,,,,,,,,
VISION_NODET,1782884269.8135,1,1782884269.8119,22256,320,240,,,,,,0.050,,,,,,,,,,,,,
VISION_NODET,1782884269.8216,1,1782884269.8193,22257,320,240,,,,,,0.050,,,,,,,,,,,,,
VISION_NODET,1782884269.8242,1,1782884269.8234,22258,320,240,,,,,,0.050,,,,,,,,,,,,,
VISION_NODET,1782884269.8306,1,1782884269.8288,22259,320,240,,,,,,0.050,,,,,,,,,,,,,
VISION_NODET,1782884269.8337,1,1782884269.8325,22260,320,240,,,,,,0.050,,,,,,,,,,,,,
VISION_NODET,1782884269.8357,1,1782884269.8353,22261,320,240,,,,,,0.050,,,,,,,,,,,,,
VISION_NODET,1782884269.8371,1,1782884269.8365,22262,320,240,,,,,,0.050,,,,,,,,,,,,,
VISION_NODET,1782884269.8385,1,1782884269.8380,22263,320,240,,,,,,0.050,,,,,,,,,,,,,
VISION_NODET,1782884269.8396,1,1782884269.8392,22264,320,240,,,,,,0.050,,,,,,,,,,,,,
VISION_NODET,1782884269.8407,1,1782884269.8404,22265,320,240,,,,,,0.050,,,,,,,,,,,,,
VISION_NODET,1782884269.8419,1,1782884269.8415,22266,320,240,,,,,,0.050,,,,,,,,,,,,,
VISION_NODET,1782884269.8427,1,1782884269.8425,22267,320,240,,,,,,0.050,,,,,,,,,,,,,
VISION_NODET,1782884269.8440,1,1782884269.8436,22268,320,240,,,,,,0.050,,,,,,,,,,,,,
VISION_NODET,1782884269.8451,1,1782884269.8447,22269,320,240,,,,,,0.050,,,,,,,,,,,,,
VISION_NODET,1782884269.8463,1,1782884269.8459,22270,320,240,,,,,,0.050,,,,,,,,,,,,,
VISION_NODET,1782884269.8478,1,1782884269.8474,22271,320,240,,,,,,0.050,,,,,,,,,,,,,
VISION_NODET,1782884269.8489,1,1782884269.8486,22272,320,240,,,,,,0.050,,,,,,,,,,,,,
VISION_NODET,1782884269.8501,1,1782884269.8497,22273,320,240,,,,,,0.050,,,,,,,,,,,,,
VISION_NODET,1782884269.8512,1,1782884269.8509,22274,320,240,,,,,,0.050,,,,,,,,,,,,,
VISION_NODET,1782884269.8523,1,1782884269.8519,22275,320,240,,,,,,0.050,,,,,,,,,,,,,
VISION_NODET,1782884269.8533,1,1782884269.8530,22276,320,240,,,,,,0.050,,,,,,,,,,,,,
VISION_NODET,1782884269.8544,1,1782884269.8541,22277,320,240,,,,,,0.050,,,,,,,,,,,,,
VISION_NODET,1782884269.8553,1,1782884269.8551,22278,320,240,,,,,,0.050,,,,,,,,,,,,,
VISION_NODET,1782884269.8567,1,1782884269.8559,22279,320,240,,,,,,0.050,,,,,,,,,,,,,
VISION_NODET,1782884269.8572,1,1782884269.8570,22280,320,240,,,,,,0.050,,,,,,,,,,,,,
VISION_NODET,1782884269.8586,1,1782884269.8582,22281,320,240,,,,,,0.050,,,,,,,,,,,,,
VISION_NODET,1782884269.8639,1,1782884269.8627,22282,320,240,,,,,,0.050,,,,,,,,,,,,,
VISION_NODET,1782884269.8669,1,1782884269.8661,22283,320,240,,,,,,0.050,,,,,,,,,,,,,
VISION_NODET,1782884269.8688,1,1782884269.8678,22284,320,240,,,,,,0.050,,,,,,,,,,,,,
VISION_NODET,1782884269.8766,1,1782884269.8724,22285,320,240,,,,,,0.050,,,,,,,,,,,,,
VISION_NODET,1782884269.8813,1,1782884269.8779,22286,320,240,,,,,,0.050,,,,,,,,,,,,,
VISION_NODET,1782884269.8847,1,1782884269.8831,22287,320,240,,,,,,0.050,,,,,,,,,,,,,
VISION_NODET,1782884269.8889,1,1782884269.8879,22288,320,240,,,,,,0.050,,,,,,,,,,,,,
VISION_NODET,1782884269.8909,1,1782884269.8903,22289,320,240,,,,,,0.050,,,,,,,,,,,,,
VISION_NODET,1782884269.8941,1,1782884269.8933,22290,320,240,,,,,,0.050,,,,,,,,,,,,,
VISION_NODET,1782884269.8953,1,1782884269.8949,22291,320,240,,,,,,0.050,,,,,,,,,,,,,
VISION_NODET,1782884269.8971,1,1782884269.8965,22292,320,240,,,,,,0.050,,,,,,,,,,,,,
VISION_NODET,1782884269.8987,1,1782884269.8981,22293,320,240,,,,,,0.050,,,,,,,,,,,,,
VISION_NODET,1782884269.9002,1,1782884269.8998,22294,320,240,,,,,,0.050,,,,,,,,,,,,,
VISION_NODET,1782884269.9015,1,1782884269.9012,22295,320,240,,,,,,0.050,,,,,,,,,,,,,
VISION_NODET,1782884269.9026,1,1782884269.9023,22296,320,240,,,,,,0.050,,,,,,,,,,,,,
VISION_NODET,1782884269.9037,1,1782884269.9034,22297,320,240,,,,,,0.050,,,,,,,,,,,,,
VISION_NODET,1782884269.9052,1,1782884269.9048,22298,320,240,,,,,,0.050,,,,,,,,,,,,,
VISION_NODET,1782884269.9076,1,1782884269.9071,22299,320,240,,,,,,0.050,,,,,,,,,,,,,
VISION_NODET,1782884269.9087,1,1782884269.9084,22300,320,240,,,,,,0.050,,,,,,,,,,,,,
VISION_NODET,1782884269.9119,1,1782884269.9101,22301,320,240,,,,,,0.050,,,,,,,,,,,,,
VISION_NODET,1782884269.9125,1,1782884269.9117,22302,320,240,,,,,,0.050,,,,,,,,,,,,,
VISION_NODET,1782884269.9189,1,1782884269.9167,22303,320,240,,,,,,0.050,,,,,,,,,,,,,
VISION_NODET,1782884269.9239,1,1782884269.9213,22304,320,240,,,,,,0.050,,,,,,,,,,,,,
VISION_NODET,1782884269.9298,1,1782884269.9257,22305,320,240,,,,,,0.050,,,,,,,,,,,,,
VISION_NODET,1782884269.9367,1,1782884269.9346,22306,320,240,,,,,,0.050,,,,,,,,,,,,,
VISION_NODET,1782884269.9417,1,1782884269.9400,22307,320,240,,,,,,0.050,,,,,,,,,,,,,
VISION_NODET,1782884269.9462,1,1782884269.9452,22308,320,240,,,,,,0.050,,,,,,,,,,,,,
VISION_NODET,1782884269.9485,1,1782884269.9478,22309,320,240,,,,,,0.050,,,,,,,,,,,,,
VISION_NODET,1782884269.9496,1,1782884269.9493,22310,320,240,,,,,,0.050,,,,,,,,,,,,,
VISION_NODET,1782884269.9508,1,1782884269.9506,22311,320,240,,,,,,0.050,,,,,,,,,,,,,
VISION_NODET,1782884269.9523,1,1782884269.9517,22312,320,240,,,,,,0.050,,,,,,,,,,,,,
VISION_NODET,1782884269.9535,1,1782884269.9531,22313,320,240,,,,,,0.050,,,,,,,,,,,,,
VISION_NODET,1782884269.9551,1,1782884269.9545,22314,320,240,,,,,,0.050,,,,,,,,,,,,,
VISION_NODET,1782884269.9566,1,1782884269.9561,22315,320,240,,,,,,0.050,,,,,,,,,,,,,
VISION_NODET,1782884269.9576,1,1782884269.9572,22316,320,240,,,,,,0.050,,,,,,,,,,,,,
VISION_NODET,1782884269.9587,1,1782884269.9583,22317,320,240,,,,,,0.050,,,,,,,,,,,,,
VISION_NODET,1782884269.9601,1,1782884269.9597,22318,320,240,,,,,,0.050,,,,,,,,,,,,,
VISION_NODET,1782884269.9644,1,1782884269.9638,22319,320,240,,,,,,0.050,,,,,,,,,,,,,
VISION_NODET,1782884269.9658,1,1782884269.9653,22320,320,240,,,,,,0.050,,,,,,,,,,,,,
VISION_NODET,1782884269.9674,1,1782884269.9668,22321,320,240,,,,,,0.050,,,,,,,,,,,,,
VISION_NODET,1782884269.9745,1,1782884269.9713,22322,320,240,,,,,,0.050,,,,,,,,,,,,,
VISION_NODET,1782884269.9764,1,1782884269.9759,22323,320,240,,,,,,0.050,,,,,,,,,,,,,
VISION_NODET,1782884269.9820,1,1782884269.9788,22324,320,240,,,,,,0.050,,,,,,,,,,,,,
VISION_NODET,1782884269.9871,1,1782884269.9844,22325,320,240,,,,,,0.050,,,,,,,,,,,,,
VISION_NODET,1782884269.9919,1,1782884269.9895,22326,320,240,,,,,,0.050,,,,,,,,,,,,,
VISION_NODET,1782884269.9957,1,1782884269.9944,22327,320,240,,,,,,0.050,,,,,,,,,,,,,
VISION_NODET,1782884269.9972,1,1782884269.9966,22328,320,240,,,,,,0.050,,,,,,,,,,,,,
VISION_NODET,1782884269.9992,1,1782884269.9988,22329,320,240,,,,,,0.050,,,,,,,,,,,,,
VISION_NODET,1782884270.0012,1,1782884270.0005,22330,320,240,,,,,,0.050,,,,,,,,,,,,,
VISION_NODET,1782884270.0054,1,1782884270.0038,22331,320,240,,,,,,0.050,,,,,,,,,,,,,
VISION_NODET,1782884270.0082,1,1782884270.0062,22332,320,240,,,,,,0.050,,,,,,,,,,,,,
VISION_NODET,1782884270.0096,1,1782884270.0089,22333,320,240,,,,,,0.050,,,,,,,,,,,,,
VISION_NODET,1782884270.0108,1,1782884270.0104,22334,320,240,,,,,,0.050,,,,,,,,,,,,,
VISION_NODET,1782884270.0117,1,1782884270.0114,22335,320,240,,,,,,0.050,,,,,,,,,,,,,
VISION_NODET,1782884270.0139,1,1782884270.0123,22336,320,240,,,,,,0.050,,,,,,,,,,,,,
VISION_NODET,1782884270.0154,1,1782884270.0149,22337,320,240,,,,,,0.050,,,,,,,,,,,,,
VISION_NODET,1782884270.0171,1,1782884270.0164,22338,320,240,,,,,,0.050,,,,,,,,,,,,,
VISION_NODET,1782884270.0204,1,1782884270.0196,22339,320,240,,,,,,0.050,,,,,,,,,,,,,
VISION_NODET,1782884270.0220,1,1782884270.0215,22340,320,240,,,,,,0.050,,,,,,,,,,,,,
VISION_NODET,1782884270.0265,1,1782884270.0243,22341,320,240,,,,,,0.050,,,,,,,,,,,,,
VISION_NODET,1782884270.0300,1,1782884270.0284,22342,320,240,,,,,,0.050,,,,,,,,,,,,,
VISION_NODET,1782884270.0317,1,1782884270.0310,22343,320,240,,,,,,0.050,,,,,,,,,,,,,
VISION_NODET,1782884270.0373,1,1782884270.0342,22344,320,240,,,,,,0.050,,,,,,,,,,,,,
VISION_NODET,1782884270.0423,1,1782884270.0406,22345,320,240,,,,,,0.050,,,,,,,,,,,,,
VISION_NODET,1782884270.0487,1,1782884270.0464,22346,320,240,,,,,,0.050,,,,,,,,,,,,,
VISION_NODET,1782884270.0538,1,1782884270.0525,22347,320,240,,,,,,0.050,,,,,,,,,,,,,
VISION_NODET,1782884270.0548,1,1782884270.0543,22348,320,240,,,,,,0.050,,,,,,,,,,,,,
VISION_NODET,1782884270.0567,1,1782884270.0560,22349,320,240,,,,,,0.050,,,,,,,,,,,,,
VISION_NODET,1782884270.0582,1,1782884270.0577,22350,320,240,,,,,,0.050,,,,,,,,,,,,,
VISION_NODET,1782884270.0595,1,1782884270.0590,22351,320,240,,,,,,0.050,,,,,,,,,,,,,
VISION_NODET,1782884270.0610,1,1782884270.0604,22352,320,240,,,,,,0.050,,,,,,,,,,,,,
VISION_NODET,1782884270.0632,1,1782884270.0622,22353,320,240,,,,,,0.050,,,,,,,,,,,,,
VISION_NODET,1782884270.0664,1,1782884270.0644,22354,320,240,,,,,,0.050,,,,,,,,,,,,,
VISION_NODET,1782884270.0669,1,1782884270.0666,22355,320,240,,,,,,0.050,,,,,,,,,,,,,
VISION_NODET,1782884270.0685,1,1782884270.0679,22356,320,240,,,,,,0.050,,,,,,,,,,,,,
VISION_NODET,1782884270.0696,1,1782884270.0693,22357,320,240,,,,,,0.050,,,,,,,,,,,,,
VISION_NODET,1782884270.0707,1,1782884270.0704,22358,320,240,,,,,,0.050,,,,,,,,,,,,,
VISION_NODET,1782884270.0720,1,1782884270.0716,22359,320,240,,,,,,0.050,,,,,,,,,,,,,
VISION_NODET,1782884270.0764,1,1782884270.0757,22360,320,240,,,,,,0.050,,,,,,,,,,,,,
VISION_NODET,1782884270.0787,1,1782884270.0779,22361,320,240,,,,,,0.050,,,,,,,,,,,,,
VISION_NODET,1782884270.0846,1,1782884270.0807,22362,320,240,,,,,,0.050,,,,,,,,,,,,,
VISION_NODET,1782884270.0863,1,1782884270.0850,22363,320,240,,,,,,0.050,,,,,,,,,,,,,
VISION_NODET,1782884270.0914,1,1782884270.0877,22364,320,240,,,,,,0.050,,,,,,,,,,,,,
VISION_NODET,1782884270.0956,1,1782884270.0939,22365,320,240,,,,,,0.050,,,,,,,,,,,,,
VISION_NODET,1782884270.1011,1,1782884270.0972,22366,320,240,,,,,,0.050,,,,,,,,,,,,,
VISION_NODET,1782884270.1049,1,1782884270.1035,22367,320,240,,,,,,0.050,,,,,,,,,,,,,
VISION_NODET,1782884270.1086,1,1782884270.1077,22368,320,240,,,,,,0.050,,,,,,,,,,,,,
VISION_NODET,1782884270.1121,1,1782884270.1097,22369,320,240,,,,,,0.050,,,,,,,,,,,,,
VISION_NODET,1782884270.1134,1,1782884270.1126,22370,320,240,,,,,,0.050,,,,,,,,,,,,,
VISION_NODET,1782884270.1146,1,1782884270.1142,22371,320,240,,,,,,0.050,,,,,,,,,,,,,
VISION_NODET,1782884270.1184,1,1782884270.1174,22372,320,240,,,,,,0.050,,,,,,,,,,,,,
VISION_NODET,1782884270.1195,1,1782884270.1192,22373,320,240,,,,,,0.050,,,,,,,,,,,,,
VISION_NODET,1782884270.1211,1,1782884270.1207,22374,320,240,,,,,,0.050,,,,,,,,,,,,,
VISION_NODET,1782884270.1234,1,1782884270.1225,22375,320,240,,,,,,0.050,,,,,,,,,,,,,
VISION_NODET,1782884270.1277,1,1782884270.1252,22376,320,240,,,,,,0.050,,,,,,,,,,,,,
VISION_NODET,1782884270.1327,1,1782884270.1292,22377,320,240,,,,,,0.050,,,,,,,,,,,,,
VISION_NODET,1782884270.1428,1,1782884270.1371,22378,320,240,,,,,,0.050,,,,,,,,,,,,,
VISION_NODET,1782884270.1455,1,1782884270.1424,22379,320,240,,,,,,0.050,,,,,,,,,,,,,
VISION_NODET,1782884270.1502,1,1782884270.1477,22380,320,240,,,,,,0.050,,,,,,,,,,,,,
VISION_NODET,1782884270.1543,1,1782884270.1528,22381,320,240,,,,,,0.050,,,,,,,,,,,,,
VISION_NODET,1782884270.1583,1,1782884270.1574,22382,320,240,,,,,,0.050,,,,,,,,,,,,,
VISION_NODET,1782884270.1611,1,1782884270.1605,22383,320,240,,,,,,0.050,,,,,,,,,,,,,
VISION_NODET,1782884270.1627,1,1782884270.1621,22384,320,240,,,,,,0.050,,,,,,,,,,,,,
VISION_NODET,1782884270.1636,1,1782884270.1633,22385,320,240,,,,,,0.050,,,,,,,,,,,,,
VISION_NODET,1782884270.1648,1,1782884270.1644,22386,320,240,,,,,,0.050,,,,,,,,,,,,,
VISION_NODET,1782884270.1666,1,1782884270.1660,22387,320,240,,,,,,0.050,,,,,,,,,,,,,
VISION_NODET,1782884270.1679,1,1782884270.1675,22388,320,240,,,,,,0.050,,,,,,,,,,,,,
VISION_NODET,1782884270.1694,1,1782884270.1691,22389,320,240,,,,,,0.050,,,,,,,,,,,,,
VISION_NODET,1782884270.1706,1,1782884270.1703,22390,320,240,,,,,,0.050,,,,,,,,,,,,,
VISION_NODET,1782884270.1726,1,1782884270.1722,22391,320,240,,,,,,0.050,,,,,,,,,,,,,
VISION_NODET,1782884270.1741,1,1782884270.1735,22392,320,240,,,,,,0.050,,,,,,,,,,,,,
VISION_NODET,1782884270.1750,1,1782884270.1746,22393,320,240,,,,,,0.050,,,,,,,,,,,,,
VISION_NODET,1782884270.1768,1,1782884270.1763,22394,320,240,,,,,,0.050,,,,,,,,,,,,,
VISION_NODET,1782884270.1780,1,1782884270.1775,22395,320,240,,,,,,0.050,,,,,,,,,,,,,
VISION_NODET,1782884270.1808,1,1782884270.1787,22396,320,240,,,,,,0.050,,,,,,,,,,,,,
VISION_NODET,1782884270.1815,1,1782884270.1803,22397,320,240,,,,,,0.050,,,,,,,,,,,,,
VISION_NODET,1782884270.1819,1,1782884270.1815,22398,320,240,,,,,,0.050,,,,,,,,,,,,,
VISION_NODET,1782884270.1902,1,1782884270.1878,22399,320,240,,,,,,0.050,,,,,,,,,,,,,
VISION_NODET,1782884270.1989,1,1782884270.1947,22400,320,240,,,,,,0.050,,,,,,,,,,,,,
VISION_NODET,1782884270.2093,1,1782884270.2068,22401,320,240,,,,,,0.050,,,,,,,,,,,,,
VISION_NODET,1782884270.2124,1,1782884270.2117,22402,320,240,,,,,,0.050,,,,,,,,,,,,,
VISION_NODET,1782884270.2138,1,1782884270.2132,22403,320,240,,,,,,0.050,,,,,,,,,,,,,
VISION_NODET,1782884270.2153,1,1782884270.2148,22404,320,240,,,,,,0.050,,,,,,,,,,,,,
VISION_NODET,1782884270.2169,1,1782884270.2163,22405,320,240,,,,,,0.050,,,,,,,,,,,,,
VISION_NODET,1782884270.2188,1,1782884270.2180,22406,320,240,,,,,,0.050,,,,,,,,,,,,,
VISION_NODET,1782884270.2235,1,1782884270.2213,22407,320,240,,,,,,0.050,,,,,,,,,,,,,
VISION_NODET,1782884270.2240,1,1782884270.2231,22408,320,240,,,,,,0.050,,,,,,,,,,,,,
VISION_NODET,1782884270.2252,1,1782884270.2244,22409,320,240,,,,,,0.050,,,,,,,,,,,,,
VISION_NODET,1782884270.2289,1,1782884270.2257,22410,320,240,,,,,,0.050,,,,,,,,,,,,,
VISION_NODET,1782884270.2298,1,1782884270.2268,22411,320,240,,,,,,0.050,,,,,,,,,,,,,
VISION_NODET,1782884270.2302,1,1782884270.2281,22412,320,240,,,,,,0.050,,,,,,,,,,,,,
VISION_NODET,1782884270.2305,1,1782884270.2298,22413,320,240,,,,,,0.050,,,,,,,,,,,,,
VISION_NODET,1782884270.2313,1,1782884270.2310,22414,320,240,,,,,,0.050,,,,,,,,,,,,,
VISION_NODET,1782884270.2330,1,1782884270.2324,22415,320,240,,,,,,0.050,,,,,,,,,,,,,
VISION_NODET,1782884270.2340,1,1782884270.2337,22416,320,240,,,,,,0.050,,,,,,,,,,,,,
VISION_NODET,1782884270.2351,1,1782884270.2348,22417,320,240,,,,,,0.050,,,,,,,,,,,,,
VISION_NODET,1782884270.2376,1,1782884270.2361,22418,320,240,,,,,,0.050,,,,,,,,,,,,,
VISION_NODET,1782884270.2641,1,1782884270.2632,22419,320,240,,,,,,0.050,,,,,,,,,,,,,
VISION_NODET,1782884270.2652,1,1782884270.2648,22420,320,240,,,,,,0.050,,,,,,,,,,,,,
VISION_NODET,1782884270.2665,1,1782884270.2661,22421,320,240,,,,,,0.050,,,,,,,,,,,,,
VISION_NODET,1782884270.2684,1,1782884270.2677,22422,320,240,,,,,,0.050,,,,,,,,,,,,,
VISION_NODET,1782884270.2692,1,1782884270.2689,22423,320,240,,,,,,0.050,,,,,,,,,,,,,
VISION_NODET,1782884270.2702,1,1782884270.2699,22424,320,240,,,,,,0.050,,,,,,,,,,,,,
VISION_NODET,1782884270.2714,1,1782884270.2712,22425,320,240,,,,,,0.050,,,,,,,,,,,,,
VISION_NODET,1782884270.2724,1,1782884270.2722,22426,320,240,,,,,,0.050,,,,,,,,,,,,,
VISION_NODET,1782884270.2736,1,1782884270.2733,22427,320,240,,,,,,0.050,,,,,,,,,,,,,
VISION_NODET,1782884270.2749,1,1782884270.2746,22428,320,240,,,,,,0.050,,,,,,,,,,,,,
VISION_NODET,1782884270.2758,1,1782884270.2756,22429,320,240,,,,,,0.050,,,,,,,,,,,,,
VISION_NODET,1782884270.2772,1,1782884270.2767,22430,320,240,,,,,,0.050,,,,,,,,,,,,,
VISION_NODET,1782884270.2783,1,1782884270.2780,22431,320,240,,,,,,0.050,,,,,,,,,,,,,
VISION_NODET,1782884270.2794,1,1782884270.2791,22432,320,240,,,,,,0.050,,,,,,,,,,,,,
VISION_NODET,1782884270.2807,1,1782884270.2802,22433,320,240,,,,,,0.050,,,,,,,,,,,,,
VISION_NODET,1782884270.2818,1,1782884270.2814,22434,320,240,,,,,,0.050,,,,,,,,,,,,,
VISION_NODET,1782884270.2831,1,1782884270.2827,22435,320,240,,,,,,0.050,,,,,,,,,,,,,
VISION_NODET,1782884270.2839,1,1782884270.2836,22436,320,240,,,,,,0.050,,,,,,,,,,,,,
VISION_NODET,1782884270.2859,1,1782884270.2853,22437,320,240,,,,,,0.050,,,,,,,,,,,,,
VISION_NODET,1782884270.2896,1,1782884270.2875,22438,320,240,,,,,,0.050,,,,,,,,,,,,,
VISION_NODET,1782884270.2958,1,1782884270.2929,22439,320,240,,,,,,0.050,,,,,,,,,,,,,
VISION_NODET,1782884270.3127,1,1782884270.3027,22440,320,240,,,,,,0.050,,,,,,,,,,,,,
VISION_NODET,1782884270.3187,1,1782884270.3087,22441,320,240,,,,,,0.050,,,,,,,,,,,,,
VISION_NODET,1782884270.3196,1,1782884270.3171,22442,320,240,,,,,,0.050,,,,,,,,,,,,,
VISION_NODET,1782884270.3207,1,1782884270.3193,22443,320,240,,,,,,0.050,,,,,,,,,,,,,
VISION_NODET,1782884270.3214,1,1782884270.3210,22444,320,240,,,,,,0.050,,,,,,,,,,,,,
VISION_NODET,1782884270.3268,1,1782884270.3223,22445,320,240,,,,,,0.050,,,,,,,,,,,,,
VISION_NODET,1782884270.3274,1,1782884270.3241,22446,320,240,,,,,,0.050,,,,,,,,,,,,,
VISION_NODET,1782884270.3300,1,1782884270.3255,22447,320,240,,,,,,0.050,,,,,,,,,,,,,
VISION_NODET,1782884270.3306,1,1782884270.3267,22448,320,240,,,,,,0.050,,,,,,,,,,,,,
VISION_NODET,1782884270.3309,1,1782884270.3280,22449,320,240,,,,,,0.050,,,,,,,,,,,,,
VISION_NODET,1782884270.3312,1,1782884270.3294,22450,320,240,,,,,,0.050,,,,,,,,,,,,,
VISION_NODET,1782884270.3315,1,1782884270.3306,22451,320,240,,,,,,0.050,,,,,,,,,,,,,
VISION_NODET,1782884270.3320,1,1782884270.3316,22452,320,240,,,,,,0.050,,,,,,,,,,,,,
VISION_NODET,1782884270.3327,1,1782884270.3325,22453,320,240,,,,,,0.050,,,,,,,,,,,,,
VISION_NODET,1782884270.3341,1,1782884270.3334,22454,320,240,,,,,,0.050,,,,,,,,,,,,,
VISION_NODET,1782884270.3374,1,1782884270.3343,22455,320,240,,,,,,0.050,,,,,,,,,,,,,
VISION_NODET,1782884270.3381,1,1782884270.3352,22456,320,240,,,,,,0.050,,,,,,,,,,,,,
VISION_NODET,1782884270.3386,1,1782884270.3365,22457,320,240,,,,,,0.050,,,,,,,,,,,,,
VISION_NODET,1782884270.3389,1,1782884270.3375,22458,320,240,,,,,,0.050,,,,,,,,,,,,,
VISION_NODET,1782884270.3391,1,1782884270.3386,22459,320,240,,,,,,0.050,,,,,,,,,,,,,
VISION_NODET,1782884270.3428,1,1782884270.3396,22460,320,240,,,,,,0.050,,,,,,,,,,,,,
VISION_NODET,1782884270.3449,1,1782884270.3416,22461,320,240,,,,,,0.050,,,,,,,,,,,,,
VISION_NODET,1782884270.3514,1,1782884270.3479,22462,320,240,,,,,,0.050,,,,,,,,,,,,,
VISION_NODET,1782884270.3568,1,1782884270.3546,22463,320,240,,,,,,0.050,,,,,,,,,,,,,
VISION_NODET,1782884270.3627,1,1782884270.3599,22464,320,240,,,,,,0.050,,,,,,,,,,,,,
VISION_NODET,1782884270.3667,1,1782884270.3651,22465,320,240,,,,,,0.050,,,,,,,,,,,,,
VISION_NODET,1782884270.3681,1,1782884270.3676,22466,320,240,,,,,,0.050,,,,,,,,,,,,,
VISION_NODET,1782884270.3718,1,1782884270.3692,22467,320,240,,,,,,0.050,,,,,,,,,,,,,
VISION_NODET,1782884270.3727,1,1782884270.3710,22468,320,240,,,,,,0.050,,,,,,,,,,,,,
VISION_NODET,1782884270.3752,1,1782884270.3747,22469,320,240,,,,,,0.050,,,,,,,,,,,,,
VISION_NODET,1782884270.3762,1,1782884270.3758,22470,320,240,,,,,,0.050,,,,,,,,,,,,,
VISION_NODET,1782884270.3778,1,1782884270.3771,22471,320,240,,,,,,0.050,,,,,,,,,,,,,
VISION_NODET,1782884270.3794,1,1782884270.3788,22472,320,240,,,,,,0.050,,,,,,,,,,,,,
VISION_NODET,1782884270.3812,1,1782884270.3808,22473,320,240,,,,,,0.050,,,,,,,,,,,,,
VISION_NODET,1782884270.3829,1,1782884270.3821,22474,320,240,,,,,,0.050,,,,,,,,,,,,,
VISION_NODET,1782884270.3843,1,1782884270.3834,22475,320,240,,,,,,0.050,,,,,,,,,,,,,
VISION_NODET,1782884270.3855,1,1782884270.3849,22476,320,240,,,,,,0.050,,,,,,,,,,,,,
VISION_NODET,1782884270.3871,1,1782884270.3867,22477,320,240,,,,,,0.050,,,,,,,,,,,,,
VISION_NODET,1782884270.3883,1,1782884270.3879,22478,320,240,,,,,,0.050,,,,,,,,,,,,,
VISION_NODET,1782884270.3900,1,1782884270.3894,22479,320,240,,,,,,0.050,,,,,,,,,,,,,
VISION_NODET,1782884270.3917,1,1782884270.3911,22480,320,240,,,,,,0.050,,,,,,,,,,,,,
VISION_NODET,1782884270.3928,1,1782884270.3924,22481,320,240,,,,,,0.050,,,,,,,,,,,,,
VISION_NODET,1782884270.3936,1,1782884270.3934,22482,320,240,,,,,,0.050,,,,,,,,,,,,,
VISION_NODET,1782884270.3949,1,1782884270.3943,22483,320,240,,,,,,0.050,,,,,,,,,,,,,
VISION_NODET,1782884270.3987,1,1782884270.3965,22484,320,240,,,,,,0.050,,,,,,,,,,,,,
VISION_NODET,1782884270.4025,1,1782884270.4001,22485,320,240,,,,,,0.050,,,,,,,,,,,,,
VISION_NODET,1782884270.4086,1,1782884270.4047,22486,320,240,,,,,,0.050,,,,,,,,,,,,,
VISION_NODET,1782884270.4176,1,1782884270.4143,22487,320,240,,,,,,0.050,,,,,,,,,,,,,
VISION_NODET,1782884270.4230,1,1782884270.4207,22488,320,240,,,,,,0.050,,,,,,,,,,,,,
VISION_NODET,1782884270.4253,1,1782884270.4247,22489,320,240,,,,,,0.050,,,,,,,,,,,,,
VISION_NODET,1782884270.4263,1,1782884270.4260,22490,320,240,,,,,,0.050,,,,,,,,,,,,,
VISION_NODET,1782884270.4284,1,1782884270.4278,22491,320,240,,,,,,0.050,,,,,,,,,,,,,
VISION_NODET,1782884270.4300,1,1782884270.4294,22492,320,240,,,,,,0.050,,,,,,,,,,,,,
VISION_NODET,1782884270.4326,1,1782884270.4319,22493,320,240,,,,,,0.050,,,,,,,,,,,,,
VISION_NODET,1782884270.4334,1,1782884270.4332,22494,320,240,,,,,,0.050,,,,,,,,,,,,,
VISION_NODET,1782884270.4343,1,1782884270.4340,22495,320,240,,,,,,0.050,,,,,,,,,,,,,
VISION_NODET,1782884270.4360,1,1782884270.4356,22496,320,240,,,,,,0.050,,,,,,,,,,,,,
VISION_NODET,1782884270.4401,1,1782884270.4378,22497,320,240,,,,,,0.050,,,,,,,,,,,,,
VISION_NODET,1782884270.4406,1,1782884270.4397,22498,320,240,,,,,,0.050,,,,,,,,,,,,,
VISION_NODET,1782884270.4415,1,1782884270.4411,22499,320,240,,,,,,0.050,,,,,,,,,,,,,
VISION_NODET,1782884270.4427,1,1782884270.4423,22500,320,240,,,,,,0.050,,,,,,,,,,,,,
VISION_NODET,1782884270.4439,1,1782884270.4435,22501,320,240,,,,,,0.050,,,,,,,,,,,,,
VISION_NODET,1782884270.4453,1,1782884270.4448,22502,320,240,,,,,,0.050,,,,,,,,,,,,,
VISION_NODET,1782884270.4463,1,1782884270.4460,22503,320,240,,,,,,0.050,,,,,,,,,,,,,
VISION_NODET,1782884270.4484,1,1782884270.4473,22504,320,240,,,,,,0.050,,,,,,,,,,,,,
VISION_NODET,1782884270.4542,1,1782884270.4517,22505,320,240,,,,,,0.050,,,,,,,,,,,,,
VISION_NODET,1782884270.4563,1,1782884270.4555,22506,320,240,,,,,,0.050,,,,,,,,,,,,,
VISION_NODET,1782884270.4632,1,1782884270.4602,22507,320,240,,,,,,0.050,,,,,,,,,,,,,
VISION_NODET,1782884270.4662,1,1782884270.4652,22508,320,240,,,,,,0.050,,,,,,,,,,,,,
VISION_NODET,1782884270.4755,1,1782884270.4742,22509,320,240,,,,,,0.050,,,,,,,,,,,,,
VISION_NODET,1782884270.4765,1,1782884270.4760,22510,320,240,,,,,,0.050,,,,,,,,,,,,,
VISION_NODET,1782884270.4779,1,1782884270.4775,22511,320,240,,,,,,0.050,,,,,,,,,,,,,
VISION_NODET,1782884270.4789,1,1782884270.4786,22512,320,240,,,,,,0.050,,,,,,,,,,,,,
VISION_NODET,1782884270.4812,1,1782884270.4808,22513,320,240,,,,,,0.050,,,,,,,,,,,,,
VISION_NODET,1782884270.4831,1,1782884270.4827,22514,320,240,,,,,,0.050,,,,,,,,,,,,,
VISION_NODET,1782884270.4842,1,1782884270.4839,22515,320,240,,,,,,0.050,,,,,,,,,,,,,
VISION_NODET,1782884270.4897,1,1782884270.4863,22516,320,240,,,,,,0.050,,,,,,,,,,,,,
VISION_NODET,1782884270.4904,1,1782884270.4884,22517,320,240,,,,,,0.050,,,,,,,,,,,,,
VISION_NODET,1782884270.4908,1,1782884270.4903,22518,320,240,,,,,,0.050,,,,,,,,,,,,,
VISION_NODET,1782884270.4933,1,1782884270.4928,22519,320,240,,,,,,0.050,,,,,,,,,,,,,
VISION_NODET,1782884270.4947,1,1782884270.4943,22520,320,240,,,,,,0.050,,,,,,,,,,,,,
VISION_NODET,1782884270.4961,1,1782884270.4955,22521,320,240,,,,,,0.050,,,,,,,,,,,,,
VISION_NODET,1782884270.4970,1,1782884270.4966,22522,320,240,,,,,,0.050,,,,,,,,,,,,,
VISION_NODET,1782884270.4989,1,1782884270.4981,22523,320,240,,,,,,0.050,,,,,,,,,,,,,
VISION_NODET,1782884270.5018,1,1782884270.4997,22524,320,240,,,,,,0.050,,,,,,,,,,,,,
VISION_NODET,1782884270.5053,1,1782884270.5041,22525,320,240,,,,,,0.050,,,,,,,,,,,,,
VISION_NODET,1782884270.5113,1,1782884270.5096,22526,320,240,,,,,,0.050,,,,,,,,,,,,,
VISION_NODET,1782884270.5146,1,1782884270.5132,22527,320,240,,,,,,0.050,,,,,,,,,,,,,
VISION_NODET,1782884270.5219,1,1782884270.5182,22528,320,240,,,,,,0.050,,,,,,,,,,,,,
VISION_NODET,1782884270.5242,1,1782884270.5233,22529,320,240,,,,,,0.050,,,,,,,,,,,,,
VISION_NODET,1782884270.5369,1,1782884270.5355,22530,320,240,,,,,,0.050,,,,,,,,,,,,,
VISION_NODET,1782884270.5413,1,1782884270.5383,22531,320,240,,,,,,0.050,,,,,,,,,,,,,
VISION_NODET,1782884270.5418,1,1782884270.5404,22532,320,240,,,,,,0.050,,,,,,,,,,,,,
VISION_NODET,1782884270.5441,1,1782884270.5429,22533,320,240,,,,,,0.050,,,,,,,,,,,,,
VISION_NODET,1782884270.5464,1,1782884270.5456,22534,320,240,,,,,,0.050,,,,,,,,,,,,,
VISION_NODET,1782884270.5485,1,1782884270.5475,22535,320,240,,,,,,0.050,,,,,,,,,,,,,
VISION_NODET,1782884270.5495,1,1782884270.5491,22536,320,240,,,,,,0.050,,,,,,,,,,,,,
VISION_NODET,1782884270.5520,1,1782884270.5516,22537,320,240,,,,,,0.050,,,,,,,,,,,,,
VISION_NODET,1782884270.5535,1,1782884270.5529,22538,320,240,,,,,,0.050,,,,,,,,,,,,,
VISION_NODET,1782884270.5615,1,1782884270.5587,22539,320,240,,,,,,0.050,,,,,,,,,,,,,
VISION_NODET,1782884270.5699,1,1782884270.5672,22540,320,240,,,,,,0.050,,,,,,,,,,,,,
VISION_NODET,1782884270.5840,1,1782884270.5769,22541,320,240,,,,,,0.050,,,,,,,,,,,,,
VISION_NODET,1782884270.5846,1,1782884270.5815,22542,320,240,,,,,,0.050,,,,,,,,,,,,,
VISION_NODET,1782884270.5850,1,1782884270.5839,22543,320,240,,,,,,0.050,,,,,,,,,,,,,
VISION_NODET,1782884270.5864,1,1782884270.5859,22544,320,240,,,,,,0.050,,,,,,,,,,,,,
VISION_NODET,1782884270.5889,1,1782884270.5877,22545,320,240,,,,,,0.050,,,,,,,,,,,,,
VISION_NODET,1782884270.5912,1,1782884270.5905,22546,320,240,,,,,,0.050,,,,,,,,,,,,,
VISION_NODET,1782884270.5921,1,1782884270.5918,22547,320,240,,,,,,0.050,,,,,,,,,,,,,
VISION_NODET,1782884270.5944,1,1782884270.5931,22548,320,240,,,,,,0.050,,,,,,,,,,,,,
VISION_NODET,1782884270.5954,1,1782884270.5950,22549,320,240,,,,,,0.050,,,,,,,,,,,,,
VISION_NODET,1782884270.5976,1,1782884270.5971,22550,320,240,,,,,,0.050,,,,,,,,,,,,,
VISION_NODET,1782884270.6012,1,1782884270.6004,22551,320,240,,,,,,0.050,,,,,,,,,,,,,
VISION_NODET,1782884270.6026,1,1782884270.6020,22552,320,240,,,,,,0.050,,,,,,,,,,,,,
VISION_NODET,1782884270.6044,1,1782884270.6034,22553,320,240,,,,,,0.050,,,,,,,,,,,,,
VISION_NODET,1782884270.6056,1,1782884270.6049,22554,320,240,,,,,,0.050,,,,,,,,,,,,,
VISION_NODET,1782884270.6070,1,1782884270.6065,22555,320,240,,,,,,0.050,,,,,,,,,,,,,
VISION_NODET,1782884270.6085,1,1782884270.6081,22556,320,240,,,,,,0.050,,,,,,,,,,,,,
VISION_NODET,1782884270.6164,1,1782884270.6131,22557,320,240,,,,,,0.050,,,,,,,,,,,,,
VISION_NODET,1782884270.6229,1,1782884270.6154,22558,320,240,,,,,,0.050,,,,,,,,,,,,,
VISION_NODET,1782884270.6241,1,1782884270.6192,22559,320,240,,,,,,0.050,,,,,,,,,,,,,
VISION_NODET,1782884270.6286,1,1782884270.6228,22560,320,240,,,,,,0.050,,,,,,,,,,,,,
VISION_NODET,1782884270.6317,1,1782884270.6251,22561,320,240,,,,,,0.050,,,,,,,,,,,,,
VISION_NODET,1782884270.6343,1,1782884270.6315,22562,320,240,,,,,,0.050,,,,,,,,,,,,,
VISION_NODET,1782884270.6435,1,1782884270.6370,22563,320,240,,,,,,0.050,,,,,,,,,,,,,
VISION_NODET,1782884270.6460,1,1782884270.6434,22564,320,240,,,,,,0.050,,,,,,,,,,,,,
VISION_NODET,1782884270.6468,1,1782884270.6456,22565,320,240,,,,,,0.050,,,,,,,,,,,,,
VISION_NODET,1782884270.6475,1,1782884270.6471,22566,320,240,,,,,,0.050,,,,,,,,,,,,,
VISION_NODET,1782884270.6485,1,1782884270.6482,22567,320,240,,,,,,0.050,,,,,,,,,,,,,
VISION_NODET,1782884270.6509,1,1782884270.6493,22568,320,240,,,,,,0.050,,,,,,,,,,,,,
VISION_NODET,1782884270.6545,1,1782884270.6539,22569,320,240,,,,,,0.050,,,,,,,,,,,,,
VISION_NODET,1782884270.6562,1,1782884270.6555,22570,320,240,,,,,,0.050,,,,,,,,,,,,,
VISION_NODET,1782884270.6574,1,1782884270.6571,22571,320,240,,,,,,0.050,,,,,,,,,,,,,
VISION_NODET,1782884270.6588,1,1782884270.6586,22572,320,240,,,,,,0.050,,,,,,,,,,,,,
VISION_NODET,1782884270.6601,1,1782884270.6598,22573,320,240,,,,,,0.050,,,,,,,,,,,,,
VISION_NODET,1782884270.6620,1,1782884270.6614,22574,320,240,,,,,,0.050,,,,,,,,,,,,,
VISION_NODET,1782884270.6656,1,1782884270.6645,22575,320,240,,,,,,0.050,,,,,,,,,,,,,
VISION_NODET,1782884270.6672,1,1782884270.6662,22576,320,240,,,,,,0.050,,,,,,,,,,,,,
VISION_NODET,1782884270.6694,1,1782884270.6683,22577,320,240,,,,,,0.050,,,,,,,,,,,,,
VISION_NODET,1782884270.6758,1,1782884270.6707,22578,320,240,,,,,,0.050,,,,,,,,,,,,,
VISION_NODET,1782884270.6765,1,1782884270.6737,22579,320,240,,,,,,0.050,,,,,,,,,,,,,
VISION_NODET,1782884270.6768,1,1782884270.6760,22580,320,240,,,,,,0.050,,,,,,,,,,,,,
VISION_NODET,1782884270.6782,1,1782884270.6772,22581,320,240,,,,,,0.050,,,,,,,,,,,,,
VISION_NODET,1782884270.6842,1,1782884270.6828,22582,320,240,,,,,,0.050,,,,,,,,,,,,,
VISION_NODET,1782884270.6933,1,1782884270.6865,22583,320,240,,,,,,0.050,,,,,,,,,,,,,
VISION_NODET,1782884270.6953,1,1782884270.6933,22584,320,240,,,,,,0.050,,,,,,,,,,,,,
VISION_NODET,1782884270.6972,1,1782884270.6965,22585,320,240,,,,,,0.050,,,,,,,,,,,,,
VISION_NODET,1782884270.6989,1,1782884270.6981,22586,320,240,,,,,,0.050,,,,,,,,,,,,,
VISION_NODET,1782884270.7000,1,1782884270.6996,22587,320,240,,,,,,0.050,,,,,,,,,,,,,
VISION_NODET,1782884270.7011,1,1782884270.7008,22588,320,240,,,,,,0.050,,,,,,,,,,,,,
VISION_NODET,1782884270.7023,1,1782884270.7021,22589,320,240,,,,,,0.050,,,,,,,,,,,,,
VISION_NODET,1782884270.7036,1,1782884270.7032,22590,320,240,,,,,,0.050,,,,,,,,,,,,,
VISION_NODET,1782884270.7055,1,1782884270.7045,22591,320,240,,,,,,0.050,,,,,,,,,,,,,
VISION_NODET,1782884270.7064,1,1782884270.7061,22592,320,240,,,,,,0.050,,,,,,,,,,,,,
VISION_NODET,1782884270.7090,1,1782884270.7085,22593,320,240,,,,,,0.050,,,,,,,,,,,,,
VISION_NODET,1782884270.7107,1,1782884270.7101,22594,320,240,,,,,,0.050,,,,,,,,,,,,,
VISION_NODET,1782884270.7121,1,1782884270.7116,22595,320,240,,,,,,0.050,,,,,,,,,,,,,
VISION_NODET,1782884270.7146,1,1782884270.7142,22596,320,240,,,,,,0.050,,,,,,,,,,,,,
VISION_NODET,1782884270.7161,1,1782884270.7156,22597,320,240,,,,,,0.050,,,,,,,,,,,,,
VISION_NODET,1782884270.7183,1,1782884270.7175,22598,320,240,,,,,,0.050,,,,,,,,,,,,,
VISION_NODET,1782884270.7205,1,1782884270.7193,22599,320,240,,,,,,0.050,,,,,,,,,,,,,
VISION_NODET,1782884270.7242,1,1782884270.7224,22600,320,240,,,,,,0.050,,,,,,,,,,,,,
VISION_NODET,1782884270.7278,1,1782884270.7263,22601,320,240,,,,,,0.050,,,,,,,,,,,,,
VISION_NODET,1782884270.7335,1,1782884270.7295,22602,320,240,,,,,,0.050,,,,,,,,,,,,,
VISION_NODET,1782884270.7424,1,1782884270.7366,22603,320,240,,,,,,0.050,,,,,,,,,,,,,
VISION_NODET,1782884270.7479,1,1782884270.7449,22604,320,240,,,,,,0.050,,,,,,,,,,,,,
VISION_NODET,1782884270.7495,1,1782884270.7489,22605,320,240,,,,,,0.050,,,,,,,,,,,,,
VISION_NODET,1782884270.7524,1,1782884270.7514,22606,320,240,,,,,,0.050,,,,,,,,,,,,,
VISION_NODET,1782884270.7553,1,1782884270.7537,22607,320,240,,,,,,0.050,,,,,,,,,,,,,
VISION_NODET,1782884270.7566,1,1782884270.7559,22608,320,240,,,,,,0.050,,,,,,,,,,,,,
VISION_NODET,1782884270.7581,1,1782884270.7576,22609,320,240,,,,,,0.050,,,,,,,,,,,,,
VISION_NODET,1782884270.7595,1,1782884270.7590,22610,320,240,,,,,,0.050,,,,,,,,,,,,,
VISION_NODET,1782884270.7609,1,1782884270.7604,22611,320,240,,,,,,0.050,,,,,,,,,,,,,
VISION_NODET,1782884270.7618,1,1782884270.7615,22612,320,240,,,,,,0.050,,,,,,,,,,,,,
VISION_NODET,1782884270.7629,1,1782884270.7625,22613,320,240,,,,,,0.050,,,,,,,,,,,,,
VISION_NODET,1782884270.7637,1,1782884270.7635,22614,320,240,,,,,,0.050,,,,,,,,,,,,,
VISION_NODET,1782884270.7649,1,1782884270.7644,22615,320,240,,,,,,0.050,,,,,,,,,,,,,
VISION_NODET,1782884270.7661,1,1782884270.7657,22616,320,240,,,,,,0.050,,,,,,,,,,,,,
VISION_NODET,1782884270.7673,1,1782884270.7670,22617,320,240,,,,,,0.050,,,,,,,,,,,,,
VISION_NODET,1782884270.7684,1,1782884270.7679,22618,320,240,,,,,,0.050,,,,,,,,,,,,,
VISION_NODET,1782884270.7765,1,1782884270.7758,22619,320,240,,,,,,0.050,,,,,,,,,,,,,
VISION_NODET,1782884270.7800,1,1782884270.7791,22620,320,240,,,,,,0.050,,,,,,,,,,,,,
VISION_NODET,1782884270.7818,1,1782884270.7811,22621,320,240,,,,,,0.050,,,,,,,,,,,,,
VISION_NODET,1782884270.7856,1,1782884270.7836,22622,320,240,,,,,,0.050,,,,,,,,,,,,,
VISION_NODET,1782884270.7883,1,1782884270.7869,22623,320,240,,,,,,0.050,,,,,,,,,,,,,
VISION_NODET,1782884270.7945,1,1782884270.7896,22624,320,240,,,,,,0.050,,,,,,,,,,,,,
VISION_NODET,1782884270.7977,1,1782884270.7966,22625,320,240,,,,,,0.050,,,,,,,,,,,,,
VISION_NODET,1782884270.8038,1,1782884270.8007,22626,320,240,,,,,,0.050,,,,,,,,,,,,,
VISION_NODET,1782884270.8067,1,1782884270.8059,22627,320,240,,,,,,0.050,,,,,,,,,,,,,
VISION_NODET,1782884270.8096,1,1782884270.8089,22628,320,240,,,,,,0.050,,,,,,,,,,,,,
VISION_NODET,1782884270.8106,1,1782884270.8103,22629,320,240,,,,,,0.050,,,,,,,,,,,,,
VISION_NODET,1782884270.8116,1,1782884270.8114,22630,320,240,,,,,,0.050,,,,,,,,,,,,,
VISION_NODET,1782884270.8125,1,1782884270.8123,22631,320,240,,,,,,0.050,,,,,,,,,,,,,
VISION_NODET,1782884270.8144,1,1782884270.8135,22632,320,240,,,,,,0.050,,,,,,,,,,,,,
VISION_NODET,1782884270.8158,1,1782884270.8152,22633,320,240,,,,,,0.050,,,,,,,,,,,,,
VISION_NODET,1782884270.8174,1,1782884270.8169,22634,320,240,,,,,,0.050,,,,,,,,,,,,,
VISION_NODET,1782884270.8207,1,1782884270.8201,22635,320,240,,,,,,0.050,,,,,,,,,,,,,
VISION_NODET,1782884270.8215,1,1782884270.8213,22636,320,240,,,,,,0.050,,,,,,,,,,,,,
VISION_NODET,1782884270.8225,1,1782884270.8221,22637,320,240,,,,,,0.050,,,,,,,,,,,,,
VISION_NODET,1782884270.8232,1,1782884270.8230,22638,320,240,,,,,,0.050,,,,,,,,,,,,,
VISION_NODET,1782884270.8242,1,1782884270.8239,22639,320,240,,,,,,0.050,,,,,,,,,,,,,
VISION_NODET,1782884270.8254,1,1782884270.8250,22640,320,240,,,,,,0.050,,,,,,,,,,,,,
VISION_NODET,1782884270.8282,1,1782884270.8277,22641,320,240,,,,,,0.050,,,,,,,,,,,,,
VISION_NODET,1782884270.8301,1,1782884270.8292,22642,320,240,,,,,,0.050,,,,,,,,,,,,,
VISION_NODET,1782884270.8345,1,1782884270.8332,22643,320,240,,,,,,0.050,,,,,,,,,,,,,
VISION_NODET,1782884270.8381,1,1782884270.8369,22644,320,240,,,,,,0.050,,,,,,,,,,,,,
VISION_NODET,1782884270.8456,1,1782884270.8394,22645,320,240,,,,,,0.050,,,,,,,,,,,,,
VISION_NODET,1782884270.8546,1,1782884270.8459,22646,320,240,,,,,,0.050,,,,,,,,,,,,,
VISION_NODET,1782884270.8603,1,1782884270.8509,22647,320,240,,,,,,0.050,,,,,,,,,,,,,
VISION_NODET,1782884270.8615,1,1782884270.8565,22648,320,240,,,,,,0.050,,,,,,,,,,,,,
VISION_NODET,1782884270.8620,1,1782884270.8591,22649,320,240,,,,,,0.050,,,,,,,,,,,,,
VISION_NODET,1782884270.8625,1,1782884270.8606,22650,320,240,,,,,,0.050,,,,,,,,,,,,,
VISION_NODET,1782884270.8629,1,1782884270.8623,22651,320,240,,,,,,0.050,,,,,,,,,,,,,
VISION_NODET,1782884270.8646,1,1782884270.8640,22652,320,240,,,,,,0.050,,,,,,,,,,,,,
VISION_NODET,1782884270.8664,1,1782884270.8659,22653,320,240,,,,,,0.050,,,,,,,,,,,,,
VISION_NODET,1782884270.8690,1,1782884270.8674,22654,320,240,,,,,,0.050,,,,,,,,,,,,,
VISION_NODET,1782884270.8695,1,1782884270.8690,22655,320,240,,,,,,0.050,,,,,,,,,,,,,
VISION_NODET,1782884270.8706,1,1782884270.8702,22656,320,240,,,,,,0.050,,,,,,,,,,,,,
VISION_NODET,1782884270.8716,1,1782884270.8713,22657,320,240,,,,,,0.050,,,,,,,,,,,,,
VISION_NODET,1782884270.8726,1,1782884270.8723,22658,320,240,,,,,,0.050,,,,,,,,,,,,,
VISION_NODET,1782884270.8742,1,1782884270.8735,22659,320,240,,,,,,0.050,,,,,,,,,,,,,
VISION_NODET,1782884270.8752,1,1782884270.8748,22660,320,240,,,,,,0.050,,,,,,,,,,,,,
VISION_NODET,1782884270.8763,1,1782884270.8760,22661,320,240,,,,,,0.050,,,,,,,,,,,,,
VISION_NODET,1782884270.8775,1,1782884270.8771,22662,320,240,,,,,,0.050,,,,,,,,,,,,,
VISION_NODET,1782884270.8785,1,1782884270.8782,22663,320,240,,,,,,0.050,,,,,,,,,,,,,
VISION_NODET,1782884270.8797,1,1782884270.8793,22664,320,240,,,,,,0.050,,,,,,,,,,,,,
VISION_NODET,1782884270.8808,1,1782884270.8806,22665,320,240,,,,,,0.050,,,,,,,,,,,,,
VISION_NODET,1782884270.8817,1,1782884270.8815,22666,320,240,,,,,,0.050,,,,,,,,,,,,,
VISION_NODET,1782884270.8827,1,1782884270.8824,22667,320,240,,,,,,0.050,,,,,,,,,,,,,
VISION_NODET,1782884270.8846,1,1782884270.8840,22668,320,240,,,,,,0.050,,,,,,,,,,,,,
VISION_NODET,1782884270.9136,1,1782884270.9130,22669,320,240,,,,,,0.050,,,,,,,,,,,,,
VISION_NODET,1782884270.9147,1,1782884270.9143,22670,320,240,,,,,,0.050,,,,,,,,,,,,,
VISION_NODET,1782884270.9159,1,1782884270.9153,22671,320,240,,,,,,0.050,,,,,,,,,,,,,
VISION_NODET,1782884270.9171,1,1782884270.9165,22672,320,240,,,,,,0.050,,,,,,,,,,,,,
VISION_NODET,1782884270.9183,1,1782884270.9180,22673,320,240,,,,,,0.050,,,,,,,,,,,,,
VISION_NODET,1782884270.9192,1,1782884270.9189,22674,320,240,,,,,,0.050,,,,,,,,,,,,,
VISION_NODET,1782884270.9203,1,1782884270.9200,22675,320,240,,,,,,0.050,,,,,,,,,,,,,
VISION_NODET,1782884270.9213,1,1782884270.9210,22676,320,240,,,,,,0.050,,,,,,,,,,,,,
VISION_NODET,1782884270.9226,1,1782884270.9222,22677,320,240,,,,,,0.050,,,,,,,,,,,,,
VISION_NODET,1782884270.9236,1,1782884270.9233,22678,320,240,,,,,,0.050,,,,,,,,,,,,,
VISION_NODET,1782884270.9246,1,1782884270.9243,22679,320,240,,,,,,0.050,,,,,,,,,,,,,
VISION_NODET,1782884270.9255,1,1782884270.9253,22680,320,240,,,,,,0.050,,,,,,,,,,,,,
VISION_NODET,1782884270.9268,1,1782884270.9264,22681,320,240,,,,,,0.050,,,,,,,,,,,,,
VISION_NODET,1782884270.9281,1,1782884270.9278,22682,320,240,,,,,,0.050,,,,,,,,,,,,,
VISION_NODET,1782884270.9293,1,1782884270.9289,22683,320,240,,,,,,0.050,,,,,,,,,,,,,
VISION_NODET,1782884270.9301,1,1782884270.9299,22684,320,240,,,,,,0.050,,,,,,,,,,,,,
VISION_NODET,1782884270.9310,1,1782884270.9308,22685,320,240,,,,,,0.050,,,,,,,,,,,,,
VISION_NODET,1782884270.9323,1,1782884270.9318,22686,320,240,,,,,,0.050,,,,,,,,,,,,,
VISION_NODET,1782884270.9332,1,1782884270.9330,22687,320,240,,,,,,0.050,,,,,,,,,,,,,
VISION_NODET,1782884270.9344,1,1782884270.9340,22688,320,240,,,,,,0.050,,,,,,,,,,,,,
VISION_NODET,1782884270.9426,1,1782884270.9398,22689,320,240,,,,,,0.050,,,,,,,,,,,,,
VISION_NODET,1782884270.9445,1,1782884270.9435,22690,320,240,,,,,,0.050,,,,,,,,,,,,,
VISION_NODET,1782884270.9504,1,1782884270.9463,22691,320,240,,,,,,0.050,,,,,,,,,,,,,
VISION_NODET,1782884270.9542,1,1782884270.9534,22692,320,240,,,,,,0.050,,,,,,,,,,,,,
VISION_NODET,1782884270.9608,1,1782884270.9576,22693,320,240,,,,,,0.050,,,,,,,,,,,,,
VISION_NODET,1782884270.9638,1,1782884270.9627,22694,320,240,,,,,,0.050,,,,,,,,,,,,,
VISION_NODET,1782884270.9658,1,1782884270.9650,22695,320,240,,,,,,0.050,,,,,,,,,,,,,
VISION_NODET,1782884270.9685,1,1782884270.9669,22696,320,240,,,,,,0.050,,,,,,,,,,,,,
VISION_NODET,1782884270.9696,1,1782884270.9688,22697,320,240,,,,,,0.050,,,,,,,,,,,,,
VISION_NODET,1782884270.9701,1,1782884270.9698,22698,320,240,,,,,,0.050,,,,,,,,,,,,,
VISION_NODET,1782884270.9715,1,1782884270.9709,22699,320,240,,,,,,0.050,,,,,,,,,,,,,
VISION_NODET,1782884270.9725,1,1782884270.9721,22700,320,240,,,,,,0.050,,,,,,,,,,,,,
VISION_NODET,1782884270.9733,1,1782884270.9731,22701,320,240,,,,,,0.050,,,,,,,,,,,,,
VISION_NODET,1782884270.9762,1,1782884270.9754,22702,320,240,,,,,,0.050,,,,,,,,,,,,,
VISION_NODET,1782884270.9775,1,1782884270.9769,22703,320,240,,,,,,0.050,,,,,,,,,,,,,
VISION_NODET,1782884270.9785,1,1782884270.9782,22704,320,240,,,,,,0.050,,,,,,,,,,,,,
VISION_NODET,1782884270.9794,1,1782884270.9792,22705,320,240,,,,,,0.050,,,,,,,,,,,,,
VISION_NODET,1782884270.9801,1,1782884270.9799,22706,320,240,,,,,,0.050,,,,,,,,,,,,,
VISION_NODET,1782884270.9820,1,1782884270.9818,22707,320,240,,,,,,0.050,,,,,,,,,,,,,
VISION_NODET,1782884270.9851,1,1782884270.9844,22708,320,240,,,,,,0.050,,,,,,,,,,,,,
VISION_NODET,1782884270.9861,1,1782884270.9857,22709,320,240,,,,,,0.050,,,,,,,,,,,,,
VISION_NODET,1782884270.9890,1,1782884270.9882,22710,320,240,,,,,,0.050,,,,,,,,,,,,,
VISION_NODET,1782884270.9937,1,1782884270.9928,22711,320,240,,,,,,0.050,,,,,,,,,,,,,
VISION_NODET,1782884270.9972,1,1782884270.9964,22712,320,240,,,,,,0.050,,,,,,,,,,,,,
VISION_NODET,1782884271.0044,1,1782884270.9996,22713,320,240,,,,,,0.050,,,,,,,,,,,,,
VISION_NODET,1782884271.0102,1,1782884271.0065,22714,320,240,,,,,,0.050,,,,,,,,,,,,,
VISION_NODET,1782884271.0143,1,1782884271.0119,22715,320,240,,,,,,0.050,,,,,,,,,,,,,
VISION_NODET,1782884271.0179,1,1782884271.0168,22716,320,240,,,,,,0.050,,,,,,,,,,,,,
VISION_NODET,1782884271.0196,1,1782884271.0191,22717,320,240,,,,,,0.050,,,,,,,,,,,,,
VISION_NODET,1782884271.0211,1,1782884271.0207,22718,320,240,,,,,,0.050,,,,,,,,,,,,,
VISION_NODET,1782884271.0253,1,1782884271.0247,22719,320,240,,,,,,0.050,,,,,,,,,,,,,
VISION_NODET,1782884271.0273,1,1782884271.0268,22720,320,240,,,,,,0.050,,,,,,,,,,,,,
VISION_NODET,1782884271.0282,1,1782884271.0280,22721,320,240,,,,,,0.050,,,,,,,,,,,,,
VISION_NODET,1782884271.0292,1,1782884271.0290,22722,320,240,,,,,,0.050,,,,,,,,,,,,,
VISION_NODET,1782884271.0309,1,1782884271.0307,22723,320,240,,,,,,0.050,,,,,,,,,,,,,
VISION_NODET,1782884271.0329,1,1782884271.0326,22724,320,240,,,,,,0.050,,,,,,,,,,,,,
VISION_NODET,1782884271.0352,1,1782884271.0346,22725,320,240,,,,,,0.050,,,,,,,,,,,,,
VISION_NODET,1782884271.0379,1,1782884271.0373,22726,320,240,,,,,,0.050,,,,,,,,,,,,,
VISION_NODET,1782884271.0407,1,1782884271.0400,22727,320,240,,,,,,0.050,,,,,,,,,,,,,
VISION_NODET,1782884271.0428,1,1782884271.0422,22728,320,240,,,,,,0.050,,,,,,,,,,,,,
VISION_NODET,1782884271.0504,1,1782884271.0484,22729,320,240,,,,,,0.050,,,,,,,,,,,,,
VISION_NODET,1782884271.0555,1,1782884271.0519,22730,320,240,,,,,,0.050,,,,,,,,,,,,,
VISION_NODET,1782884271.0615,1,1782884271.0594,22731,320,240,,,,,,0.050,,,,,,,,,,,,,
VISION_NODET,1782884271.0677,1,1782884271.0645,22732,320,240,,,,,,0.050,,,,,,,,,,,,,
